mode,agent,pursuer,size,density,seed,dynamic,visibility_radius,outcome,win,steps,nodes_expanded,time_ms,cells_explored,wall_shifts,phase_switch_step,error
full,minimax,random,11,0.15,11150,False,,timeout,0,50,15236,22.3151,,,,
full,minimax,greedy,11,0.15,11150,False,,agent_win,1,19,9103,14.3026,,,,
full,minimax,beam,11,0.15,11150,False,,agent_win,1,19,9006,14.0522,,,,
full,minimax,astar,11,0.15,11150,False,,agent_win,1,19,9006,14.0013,,,,
full,alpha_beta,random,11,0.15,11150,False,,timeout,0,50,8036,13.5653,,,,
full,alpha_beta,greedy,11,0.15,11150,False,,agent_win,1,19,3827,6.8279,,,,
full,alpha_beta,beam,11,0.15,11150,False,,agent_win,1,19,3809,6.9203,,,,
full,alpha_beta,astar,11,0.15,11150,False,,agent_win,1,19,3784,7.0667,,,,
full,expectimax,random,11,0.15,11150,False,,timeout,0,50,15233,32.7922,,,,
full,expectimax,greedy,11,0.15,11150,False,,agent_win,1,19,8410,20.2376,,,,
full,expectimax,beam,11,0.15,11150,False,,agent_win,1,19,8520,19.861,,,,
full,expectimax,astar,11,0.15,11150,False,,agent_win,1,19,8575,18.858,,,,
full,lrta,random,11,0.15,11150,False,,agent_win,1,25,0,0.182,,,,
full,lrta,greedy,11,0.15,11150,False,,pursuer_win,0,5,0,0.032,,,,
full,lrta,beam,11,0.15,11150,False,,pursuer_win,0,5,0,0.0284,,,,
full,lrta,astar,11,0.15,11150,False,,pursuer_win,0,5,0,0.0295,,,,
full,hill_climb,random,11,0.15,11150,False,,timeout,0,50,135,0.787,,,,
full,hill_climb,greedy,11,0.15,11150,False,,pursuer_win,0,5,50,0.1985,,,,
full,hill_climb,beam,11,0.15,11150,False,,pursuer_win,0,5,50,0.2782,,,,
full,hill_climb,astar,11,0.15,11150,False,,pursuer_win,0,5,50,0.2005,,,,
full,beam_search,random,11,0.15,11150,False,,agent_win,1,19,427,1.7932,,,,
full,beam_search,greedy,11,0.15,11150,False,,pursuer_win,0,5,183,1.1636,,,,
full,beam_search,beam,11,0.15,11150,False,,pursuer_win,0,5,183,1.2322,,,,
full,beam_search,astar,11,0.15,11150,False,,pursuer_win,0,5,183,0.7586,,,,
full,minimax,random,11,0.15,11150,True,,agent_win,1,19,8726,19.6042,,,,
full,minimax,greedy,11,0.15,11150,True,,agent_win,1,19,8830,15.9238,,,,
full,minimax,beam,11,0.15,11150,True,,agent_win,1,19,9031,17.069,,,,
full,minimax,astar,11,0.15,11150,True,,agent_win,1,19,9031,16.3596,,,,
full,alpha_beta,random,11,0.15,11150,True,,agent_win,1,19,3775,8.1833,,,,
full,alpha_beta,greedy,11,0.15,11150,True,,agent_win,1,19,3748,9.0842,,,,
full,alpha_beta,beam,11,0.15,11150,True,,agent_win,1,19,3843,7.3974,,,,
full,alpha_beta,astar,11,0.15,11150,True,,agent_win,1,19,3843,7.5532,,,,
full,expectimax,random,11,0.15,11150,True,,agent_win,1,44,16924,35.4511,,,,
full,expectimax,greedy,11,0.15,11150,True,,agent_win,1,19,9126,20.0979,,,,
full,expectimax,beam,11,0.15,11150,True,,agent_win,1,19,9115,19.4111,,,,
full,expectimax,astar,11,0.15,11150,True,,agent_win,1,19,8945,25.8013,,,,
full,lrta,random,11,0.15,11150,True,,pursuer_win,0,6,0,0.038,,,,
full,lrta,greedy,11,0.15,11150,True,,pursuer_win,0,5,0,0.0214,,,,
full,lrta,beam,11,0.15,11150,True,,pursuer_win,0,5,0,0.0257,,,,
full,lrta,astar,11,0.15,11150,True,,pursuer_win,0,5,0,0.029,,,,
full,hill_climb,random,11,0.15,11150,True,,pursuer_win,0,6,57,0.2332,,,,
full,hill_climb,greedy,11,0.15,11150,True,,pursuer_win,0,5,50,0.1682,,,,
full,hill_climb,beam,11,0.15,11150,True,,pursuer_win,0,5,50,0.1784,,,,
full,hill_climb,astar,11,0.15,11150,True,,pursuer_win,0,5,50,0.199,,,,
full,beam_search,random,11,0.15,11150,True,,pursuer_win,0,6,216,0.9803,,,,
full,beam_search,greedy,11,0.15,11150,True,,pursuer_win,0,5,183,0.7243,,,,
full,beam_search,beam,11,0.15,11150,True,,pursuer_win,0,5,183,0.7364,,,,
full,beam_search,astar,11,0.15,11150,True,,pursuer_win,0,5,183,0.8116,,,,
full,minimax,random,11,0.15,11151,False,,timeout,0,50,13050,21.8607,,,,
full,minimax,greedy,11,0.15,11151,False,,timeout,0,50,9753,17.8952,,,,
full,minimax,beam,11,0.15,11151,False,,timeout,0,50,16577,27.4903,,,,
full,minimax,astar,11,0.15,11151,False,,timeout,0,50,16577,27.2208,,,,
full,alpha_beta,random,11,0.15,11151,False,,timeout,0,50,7084,12.9884,,,,
full,alpha_beta,greedy,11,0.15,11151,False,,timeout,0,50,5061,9.8688,,,,
full,alpha_beta,beam,11,0.15,11151,False,,timeout,0,50,7999,14.978,,,,
full,alpha_beta,astar,11,0.15,11151,False,,timeout,0,50,7999,18.0438,,,,
full,expectimax,random,11,0.15,11151,False,,timeout,0,50,13050,36.7806,,,,
full,expectimax,greedy,11,0.15,11151,False,,timeout,0,50,9753,33.8474,,,,
full,expectimax,beam,11,0.15,11151,False,,pursuer_win,0,21,6605,14.6839,,,,
full,expectimax,astar,11,0.15,11151,False,,pursuer_win,0,21,6605,15.1377,,,,
full,lrta,random,11,0.15,11151,False,,pursuer_win,0,14,0,0.067,,,,
full,lrta,greedy,11,0.15,11151,False,,agent_win,1,21,0,0.0937,,,,
full,lrta,beam,11,0.15,11151,False,,pursuer_win,0,14,0,0.0742,,,,
full,lrta,astar,11,0.15,11151,False,,pursuer_win,0,10,0,0.0523,,,,
full,hill_climb,random,11,0.15,11151,False,,timeout,0,50,99,0.3556,,,,
full,hill_climb,greedy,11,0.15,11151,False,,timeout,0,50,99,0.3425,,,,
full,hill_climb,beam,11,0.15,11151,False,,timeout,0,50,99,0.3908,,,,
full,hill_climb,astar,11,0.15,11151,False,,pursuer_win,0,12,42,0.1679,,,,
full,beam_search,random,11,0.15,11151,False,,pursuer_win,0,11,349,1.3098,,,,
full,beam_search,greedy,11,0.15,11151,False,,agent_win,1,19,448,1.685,,,,
full,beam_search,beam,11,0.15,11151,False,,pursuer_win,0,12,369,1.4488,,,,
full,beam_search,astar,11,0.15,11151,False,,pursuer_win,0,9,303,1.1417,,,,
full,minimax,random,11,0.15,11151,True,,timeout,0,50,12210,19.9469,,,,
full,minimax,greedy,11,0.15,11151,True,,timeout,0,50,10824,17.8208,,,,
full,minimax,beam,11,0.15,11151,True,,agent_win,1,35,13469,22.922,,,,
full,minimax,astar,11,0.15,11151,True,,agent_win,1,35,13469,22.0961,,,,
full,alpha_beta,random,11,0.15,11151,True,,timeout,0,50,6295,10.9904,,,,
full,alpha_beta,greedy,11,0.15,11151,True,,timeout,0,50,5005,9.3878,,,,
full,alpha_beta,beam,11,0.15,11151,True,,agent_win,1,35,6225,12.6099,,,,
full,alpha_beta,astar,11,0.15,11151,True,,agent_win,1,35,6225,12.2256,,,,
full,expectimax,random,11,0.15,11151,True,,timeout,0,50,12678,29.1642,,,,
full,expectimax,greedy,11,0.15,11151,True,,timeout,0,50,10824,25.0877,,,,
full,expectimax,beam,11,0.15,11151,True,,timeout,0,50,16923,36.7108,,,,
full,expectimax,astar,11,0.15,11151,True,,timeout,0,50,16923,36.4957,,,,
full,lrta,random,11,0.15,11151,True,,pursuer_win,0,12,0,0.068,,,,
full,lrta,greedy,11,0.15,11151,True,,agent_win,1,25,0,0.122,,,,
full,lrta,beam,11,0.15,11151,True,,pursuer_win,0,18,0,0.1024,,,,
full,lrta,astar,11,0.15,11151,True,,pursuer_win,0,13,0,0.072,,,,
full,hill_climb,random,11,0.15,11151,True,,agent_win,1,35,150,0.591,,,,
full,hill_climb,greedy,11,0.15,11151,True,,pursuer_win,0,43,111,0.4324,,,,
full,hill_climb,beam,11,0.15,11151,True,,pursuer_win,0,46,93,0.389,,,,
full,hill_climb,astar,11,0.15,11151,True,,pursuer_win,0,18,51,0.2207,,,,
full,beam_search,random,11,0.15,11151,True,,agent_win,1,19,458,1.7275,,,,
full,beam_search,greedy,11,0.15,11151,True,,agent_win,1,23,635,2.4394,,,,
full,beam_search,beam,11,0.15,11151,True,,pursuer_win,0,15,531,2.0812,,,,
full,beam_search,astar,11,0.15,11151,True,,pursuer_win,0,12,454,1.8329,,,,
full,minimax,random,11,0.15,11152,False,,agent_win,1,35,12592,22.1017,,,,
full,minimax,greedy,11,0.15,11152,False,,timeout,0,50,17553,29.0662,,,,
full,minimax,beam,11,0.15,11152,False,,timeout,0,50,18362,29.648,,,,
full,minimax,astar,11,0.15,11152,False,,timeout,0,50,18362,34.4594,,,,
full,alpha_beta,random,11,0.15,11152,False,,agent_win,1,35,5306,10.1072,,,,
full,alpha_beta,greedy,11,0.15,11152,False,,timeout,0,50,7256,13.482,,,,
full,alpha_beta,beam,11,0.15,11152,False,,timeout,0,50,7959,14.4007,,,,
full,alpha_beta,astar,11,0.15,11152,False,,timeout,0,50,7959,14.5175,,,,
full,expectimax,random,11,0.15,11152,False,,agent_win,1,31,11164,23.4212,,,,
full,expectimax,greedy,11,0.15,11152,False,,timeout,0,50,19705,43.8607,,,,
full,expectimax,beam,11,0.15,11152,False,,timeout,0,50,15346,35.9396,,,,
full,expectimax,astar,11,0.15,11152,False,,timeout,0,50,15346,33.3011,,,,
full,lrta,random,11,0.15,11152,False,,agent_win,1,21,0,0.1007,,,,
full,lrta,greedy,11,0.15,11152,False,,pursuer_win,0,17,0,0.0756,,,,
full,lrta,beam,11,0.15,11152,False,,pursuer_win,0,14,0,0.0793,,,,
full,lrta,astar,11,0.15,11152,False,,pursuer_win,0,14,0,0.0748,,,,
full,hill_climb,random,11,0.15,11152,False,,timeout,0,50,187,0.7599,,,,
full,hill_climb,greedy,11,0.15,11152,False,,pursuer_win,0,18,139,0.5561,,,,
full,hill_climb,beam,11,0.15,11152,False,,pursuer_win,0,14,133,0.5377,,,,
full,hill_climb,astar,11,0.15,11152,False,,pursuer_win,0,14,133,0.5477,,,,
full,beam_search,random,11,0.15,11152,False,,agent_win,1,19,441,1.6722,,,,
full,beam_search,greedy,11,0.15,11152,False,,pursuer_win,0,14,396,1.5048,,,,
full,beam_search,beam,11,0.15,11152,False,,pursuer_win,0,13,382,1.4382,,,,
full,beam_search,astar,11,0.15,11152,False,,pursuer_win,0,13,382,1.4528,,,,
full,minimax,random,11,0.15,11152,True,,timeout,0,50,18610,31.017,,,,
full,minimax,greedy,11,0.15,11152,True,,timeout,0,50,19353,31.905,,,,
full,minimax,beam,11,0.15,11152,True,,timeout,0,50,20763,34.4002,,,,
full,minimax,astar,11,0.15,11152,True,,timeout,0,50,20763,34.2717,,,,
full,alpha_beta,random,11,0.15,11152,True,,timeout,0,50,7430,14.0976,,,,
full,alpha_beta,greedy,11,0.15,11152,True,,timeout,0,50,8073,16.4302,,,,
full,alpha_beta,beam,11,0.15,11152,True,,timeout,0,50,8567,15.6655,,,,
full,alpha_beta,astar,11,0.15,11152,True,,timeout,0,50,8567,15.7458,,,,
full,expectimax,random,11,0.15,11152,True,,timeout,0,50,18610,39.5328,,,,
full,expectimax,greedy,11,0.15,11152,True,,timeout,0,50,15117,32.2689,,,,
full,expectimax,beam,11,0.15,11152,True,,timeout,0,50,15067,32.5468,,,,
full,expectimax,astar,11,0.15,11152,True,,timeout,0,50,15067,34.4823,,,,
full,lrta,random,11,0.15,11152,True,,agent_win,1,21,0,0.1084,,,,
full,lrta,greedy,11,0.15,11152,True,,pursuer_win,0,15,0,0.0705,,,,
full,lrta,beam,11,0.15,11152,True,,pursuer_win,0,14,0,0.0818,,,,
full,lrta,astar,11,0.15,11152,True,,pursuer_win,0,14,0,0.0823,,,,
full,hill_climb,random,11,0.15,11152,True,,timeout,0,50,187,0.9251,,,,
full,hill_climb,greedy,11,0.15,11152,True,,pursuer_win,0,15,135,0.5025,,,,
full,hill_climb,beam,11,0.15,11152,True,,pursuer_win,0,14,133,0.5221,,,,
full,hill_climb,astar,11,0.15,11152,True,,pursuer_win,0,14,133,0.5518,,,,
full,beam_search,random,11,0.15,11152,True,,agent_win,1,19,431,1.6003,,,,
full,beam_search,greedy,11,0.15,11152,True,,pursuer_win,0,14,396,1.4376,,,,
full,beam_search,beam,11,0.15,11152,True,,pursuer_win,0,13,382,1.5554,,,,
full,beam_search,astar,11,0.15,11152,True,,pursuer_win,0,13,382,1.6973,,,,
full,minimax,random,11,0.15,11153,False,,agent_win,1,22,10604,16.3734,,,,
full,minimax,greedy,11,0.15,11153,False,,agent_win,1,19,8723,13.8735,,,,
full,minimax,beam,11,0.15,11153,False,,agent_win,1,19,7740,13.0803,,,,
full,minimax,astar,11,0.15,11153,False,,agent_win,1,19,7740,12.4824,,,,
full,alpha_beta,random,11,0.15,11153,False,,agent_win,1,22,4280,8.0185,,,,
full,alpha_beta,greedy,11,0.15,11153,False,,agent_win,1,19,3688,6.9703,,,,
full,alpha_beta,beam,11,0.15,11153,False,,agent_win,1,19,3470,6.0875,,,,
full,alpha_beta,astar,11,0.15,11153,False,,agent_win,1,19,3470,5.9679,,,,
full,expectimax,random,11,0.15,11153,False,,timeout,0,50,13756,28.6566,,,,
full,expectimax,greedy,11,0.15,11153,False,,timeout,0,50,13358,28.2929,,,,
full,expectimax,beam,11,0.15,11153,False,,timeout,0,50,12607,31.1461,,,,
full,expectimax,astar,11,0.15,11153,False,,agent_win,1,30,9954,21.4982,,,,
full,lrta,random,11,0.15,11153,False,,agent_win,1,21,0,0.1138,,,,
full,lrta,greedy,11,0.15,11153,False,,pursuer_win,0,6,0,0.0297,,,,
full,lrta,beam,11,0.15,11153,False,,pursuer_win,0,6,0,0.0335,,,,
full,lrta,astar,11,0.15,11153,False,,pursuer_win,0,6,0,0.0487,,,,
full,hill_climb,random,11,0.15,11153,False,,timeout,0,50,187,0.779,,,,
full,hill_climb,greedy,11,0.15,11153,False,,pursuer_win,0,6,81,0.3323,,,,
full,hill_climb,beam,11,0.15,11153,False,,pursuer_win,0,6,81,0.3384,,,,
full,hill_climb,astar,11,0.15,11153,False,,pursuer_win,0,6,81,0.3372,,,,
full,beam_search,random,11,0.15,11153,False,,agent_win,1,19,440,1.7285,,,,
full,beam_search,greedy,11,0.15,11153,False,,pursuer_win,0,6,221,0.8427,,,,
full,beam_search,beam,11,0.15,11153,False,,pursuer_win,0,6,221,0.8685,,,,
full,beam_search,astar,11,0.15,11153,False,,pursuer_win,0,6,221,0.8081,,,,
full,minimax,random,11,0.15,11153,True,,timeout,0,50,18925,30.0379,,,,
full,minimax,greedy,11,0.15,11153,True,,agent_win,1,19,8436,13.5913,,,,
full,minimax,beam,11,0.15,11153,True,,agent_win,1,21,9204,14.8328,,,,
full,minimax,astar,11,0.15,11153,True,,agent_win,1,21,9204,14.8019,,,,
full,alpha_beta,random,11,0.15,11153,True,,timeout,0,50,9361,17.2028,,,,
full,alpha_beta,greedy,11,0.15,11153,True,,agent_win,1,19,3753,6.9519,,,,
full,alpha_beta,beam,11,0.15,11153,True,,agent_win,1,21,4027,7.5428,,,,
full,alpha_beta,astar,11,0.15,11153,True,,agent_win,1,21,4027,7.5039,,,,
full,expectimax,random,11,0.15,11153,True,,timeout,0,50,18916,39.8728,,,,
full,expectimax,greedy,11,0.15,11153,True,,timeout,0,50,19046,40.9333,,,,
full,expectimax,beam,11,0.15,11153,True,,agent_win,1,32,8922,19.6495,,,,
full,expectimax,astar,11,0.15,11153,True,,agent_win,1,32,8922,20.1934,,,,
full,lrta,random,11,0.15,11153,True,,pursuer_win,0,7,0,0.0387,,,,
full,lrta,greedy,11,0.15,11153,True,,pursuer_win,0,6,0,0.0295,,,,
full,lrta,beam,11,0.15,11153,True,,pursuer_win,0,6,0,0.0351,,,,
full,lrta,astar,11,0.15,11153,True,,pursuer_win,0,6,0,0.0337,,,,
full,hill_climb,random,11,0.15,11153,True,,pursuer_win,0,7,91,0.3804,,,,
full,hill_climb,greedy,11,0.15,11153,True,,pursuer_win,0,6,81,0.3271,,,,
full,hill_climb,beam,11,0.15,11153,True,,pursuer_win,0,6,81,0.3481,,,,
full,hill_climb,astar,11,0.15,11153,True,,pursuer_win,0,6,81,0.3498,,,,
full,beam_search,random,11,0.15,11153,True,,pursuer_win,0,7,252,0.9887,,,,
full,beam_search,greedy,11,0.15,11153,True,,pursuer_win,0,6,222,0.8428,,,,
full,beam_search,beam,11,0.15,11153,True,,pursuer_win,0,6,222,0.8723,,,,
full,beam_search,astar,11,0.15,11153,True,,pursuer_win,0,6,222,0.8645,,,,
full,minimax,random,11,0.15,11154,False,,agent_win,1,30,11279,18.6464,,,,
full,minimax,greedy,11,0.15,11154,False,,agent_win,1,19,6016,10.0578,,,,
full,minimax,beam,11,0.15,11154,False,,agent_win,1,19,6222,10.5213,,,,
full,minimax,astar,11,0.15,11154,False,,agent_win,1,19,5853,9.7014,,,,
full,alpha_beta,random,11,0.15,11154,False,,agent_win,1,30,4854,9.2479,,,,
full,alpha_beta,greedy,11,0.15,11154,False,,agent_win,1,19,2691,5.0258,,,,
full,alpha_beta,beam,11,0.15,11154,False,,agent_win,1,19,2739,5.1756,,,,
full,alpha_beta,astar,11,0.15,11154,False,,agent_win,1,19,2696,5.0828,,,,
full,expectimax,random,11,0.15,11154,False,,agent_win,1,49,14983,31.8946,,,,
full,expectimax,greedy,11,0.15,11154,False,,timeout,0,50,12563,27.8152,,,,
full,expectimax,beam,11,0.15,11154,False,,agent_win,1,19,6182,13.378,,,,
full,expectimax,astar,11,0.15,11154,False,,agent_win,1,21,6072,13.5298,,,,
full,lrta,random,11,0.15,11154,False,,pursuer_win,0,13,0,0.0643,,,,
full,lrta,greedy,11,0.15,11154,False,,pursuer_win,0,6,0,0.0271,,,,
full,lrta,beam,11,0.15,11154,False,,pursuer_win,0,6,0,0.0334,,,,
full,lrta,astar,11,0.15,11154,False,,pursuer_win,0,6,0,0.0313,,,,
full,hill_climb,random,11,0.15,11154,False,,pursuer_win,0,13,130,0.5241,,,,
full,hill_climb,greedy,11,0.15,11154,False,,pursuer_win,0,6,81,0.3371,,,,
full,hill_climb,beam,11,0.15,11154,False,,pursuer_win,0,6,81,0.3253,,,,
full,hill_climb,astar,11,0.15,11154,False,,pursuer_win,0,6,81,0.3252,,,,
full,beam_search,random,11,0.15,11154,False,,pursuer_win,0,12,407,1.4748,,,,
full,beam_search,greedy,11,0.15,11154,False,,pursuer_win,0,6,245,0.9546,,,,
full,beam_search,beam,11,0.15,11154,False,,pursuer_win,0,6,245,0.9336,,,,
full,beam_search,astar,11,0.15,11154,False,,pursuer_win,0,6,245,0.9575,,,,
full,minimax,random,11,0.15,11154,True,,agent_win,1,33,11255,18.3611,,,,
full,minimax,greedy,11,0.15,11154,True,,agent_win,1,19,6852,11.1685,,,,
full,minimax,beam,11,0.15,11154,True,,agent_win,1,19,6956,11.3431,,,,
full,minimax,astar,11,0.15,11154,True,,agent_win,1,23,7479,12.2003,,,,
full,alpha_beta,random,11,0.15,11154,True,,agent_win,1,33,5246,9.9096,,,,
full,alpha_beta,greedy,11,0.15,11154,True,,agent_win,1,19,2901,5.4017,,,,
full,alpha_beta,beam,11,0.15,11154,True,,agent_win,1,19,2919,5.5253,,,,
full,alpha_beta,astar,11,0.15,11154,True,,agent_win,1,23,3343,6.2917,,,,
full,expectimax,random,11,0.15,11154,True,,agent_win,1,35,11748,25.1598,,,,
full,expectimax,greedy,11,0.15,11154,True,,agent_win,1,19,6578,14.1515,,,,
full,expectimax,beam,11,0.15,11154,True,,agent_win,1,21,7371,16.3208,,,,
full,expectimax,astar,11,0.15,11154,True,,pursuer_win,0,20,5143,11.7705,,,,
full,lrta,random,11,0.15,11154,True,,agent_win,1,25,0,0.1329,,,,
full,lrta,greedy,11,0.15,11154,True,,pursuer_win,0,6,0,0.0316,,,,
full,lrta,beam,11,0.15,11154,True,,pursuer_win,0,6,0,0.0367,,,,
full,lrta,astar,11,0.15,11154,True,,pursuer_win,0,6,0,0.0358,,,,
full,hill_climb,random,11,0.15,11154,True,,timeout,0,50,187,0.8969,,,,
full,hill_climb,greedy,11,0.15,11154,True,,pursuer_win,0,6,81,0.3356,,,,
full,hill_climb,beam,11,0.15,11154,True,,pursuer_win,0,6,81,0.3555,,,,
full,hill_climb,astar,11,0.15,11154,True,,pursuer_win,0,6,81,0.4162,,,,
full,beam_search,random,11,0.15,11154,True,,agent_win,1,21,523,2.0048,,,,
full,beam_search,greedy,11,0.15,11154,True,,pursuer_win,0,6,243,1.0269,,,,
full,beam_search,beam,11,0.15,11154,True,,pursuer_win,0,6,243,0.9627,,,,
full,beam_search,astar,11,0.15,11154,True,,pursuer_win,0,6,243,0.9405,,,,
full,minimax,random,11,0.25,11250,False,,agent_win,1,19,5083,8.8609,,,,
full,minimax,greedy,11,0.25,11250,False,,agent_win,1,26,7472,12.0053,,,,
full,minimax,beam,11,0.25,11250,False,,error,0,,,,,,,AssertionError: Start is a wall
full,minimax,astar,11,0.25,11250,False,,error,0,,,,,,,AssertionError: Start is a wall
full,alpha_beta,random,11,0.25,11250,False,,agent_win,1,19,2243,4.1511,,,,
full,alpha_beta,greedy,11,0.25,11250,False,,agent_win,1,26,3632,6.4826,,,,
full,alpha_beta,beam,11,0.25,11250,False,,error,0,,,,,,,AssertionError: Start is a wall
full,alpha_beta,astar,11,0.25,11250,False,,error,0,,,,,,,AssertionError: Start is a wall
full,expectimax,random,11,0.25,11250,False,,agent_win,1,19,5083,10.8415,,,,
full,expectimax,greedy,11,0.25,11250,False,,agent_win,1,28,8881,18.5335,,,,
full,expectimax,beam,11,0.25,11250,False,,error,0,,,,,,,AssertionError: Start is a wall
full,expectimax,astar,11,0.25,11250,False,,error,0,,,,,,,AssertionError: Start is a wall
full,lrta,random,11,0.25,11250,False,,agent_win,1,19,0,0.086,,,,
full,lrta,greedy,11,0.25,11250,False,,pursuer_win,0,14,0,0.0532,,,,
full,lrta,beam,11,0.25,11250,False,,error,0,,,,,,,AssertionError: Start is a wall
full,lrta,astar,11,0.25,11250,False,,error,0,,,,,,,AssertionError: Start is a wall
full,hill_climb,random,11,0.25,11250,False,,agent_win,1,19,210,0.8102,,,,
full,hill_climb,greedy,11,0.25,11250,False,,pursuer_win,0,14,189,0.7535,,,,
full,hill_climb,beam,11,0.25,11250,False,,error,0,,,,,,,AssertionError: Start is a wall
full,hill_climb,astar,11,0.25,11250,False,,error,0,,,,,,,AssertionError: Start is a wall
full,beam_search,random,11,0.25,11250,False,,agent_win,1,19,396,1.417,,,,
full,beam_search,greedy,11,0.25,11250,False,,pursuer_win,0,14,355,1.2592,,,,
full,beam_search,beam,11,0.25,11250,False,,error,0,,,,,,,AssertionError: Start is a wall
full,beam_search,astar,11,0.25,11250,False,,error,0,,,,,,,AssertionError: Start is a wall
full,minimax,random,11,0.25,11250,True,,agent_win,1,19,5165,8.3874,,,,
full,minimax,greedy,11,0.25,11250,True,,agent_win,1,26,7042,11.8646,,,,
full,minimax,beam,11,0.25,11250,True,,error,0,,,,,,,AssertionError: Start is a wall
full,minimax,astar,11,0.25,11250,True,,error,0,,,,,,,AssertionError: Start is a wall
full,alpha_beta,random,11,0.25,11250,True,,agent_win,1,19,2406,4.5234,,,,
full,alpha_beta,greedy,11,0.25,11250,True,,agent_win,1,26,3463,6.5611,,,,
full,alpha_beta,beam,11,0.25,11250,True,,error,0,,,,,,,AssertionError: Start is a wall
full,alpha_beta,astar,11,0.25,11250,True,,error,0,,,,,,,AssertionError: Start is a wall
full,expectimax,random,11,0.25,11250,True,,agent_win,1,19,5165,11.4872,,,,
full,expectimax,greedy,11,0.25,11250,True,,agent_win,1,32,10533,22.5385,,,,
full,expectimax,beam,11,0.25,11250,True,,error,0,,,,,,,AssertionError: Start is a wall
full,expectimax,astar,11,0.25,11250,True,,error,0,,,,,,,AssertionError: Start is a wall
full,lrta,random,11,0.25,11250,True,,agent_win,1,19,0,0.096,,,,
full,lrta,greedy,11,0.25,11250,True,,pursuer_win,0,14,0,0.0631,,,,
full,lrta,beam,11,0.25,11250,True,,error,0,,,,,,,AssertionError: Start is a wall
full,lrta,astar,11,0.25,11250,True,,error,0,,,,,,,AssertionError: Start is a wall
full,hill_climb,random,11,0.25,11250,True,,agent_win,1,19,210,0.828,,,,
full,hill_climb,greedy,11,0.25,11250,True,,pursuer_win,0,14,189,0.7286,,,,
full,hill_climb,beam,11,0.25,11250,True,,error,0,,,,,,,AssertionError: Start is a wall
full,hill_climb,astar,11,0.25,11250,True,,error,0,,,,,,,AssertionError: Start is a wall
full,beam_search,random,11,0.25,11250,True,,agent_win,1,19,394,1.48,,,,
full,beam_search,greedy,11,0.25,11250,True,,pursuer_win,0,14,352,1.4082,,,,
full,beam_search,beam,11,0.25,11250,True,,error,0,,,,,,,AssertionError: Start is a wall
full,beam_search,astar,11,0.25,11250,True,,error,0,,,,,,,AssertionError: Start is a wall
full,minimax,random,11,0.25,11251,False,,timeout,0,50,10557,17.2566,,,,
full,minimax,greedy,11,0.25,11251,False,,timeout,0,50,11897,19.8631,,,,
full,minimax,beam,11,0.25,11251,False,,error,0,,,,,,,AssertionError: Start is a wall
full,minimax,astar,11,0.25,11251,False,,error,0,,,,,,,AssertionError: Start is a wall
full,alpha_beta,random,11,0.25,11251,False,,timeout,0,50,4770,9.289,,,,
full,alpha_beta,greedy,11,0.25,11251,False,,timeout,0,50,5923,11.1765,,,,
full,alpha_beta,beam,11,0.25,11251,False,,error,0,,,,,,,AssertionError: Start is a wall
full,alpha_beta,astar,11,0.25,11251,False,,error,0,,,,,,,AssertionError: Start is a wall
full,expectimax,random,11,0.25,11251,False,,timeout,0,50,10638,23.839,,,,
full,expectimax,greedy,11,0.25,11251,False,,timeout,0,50,11955,25.9414,,,,
full,expectimax,beam,11,0.25,11251,False,,error,0,,,,,,,AssertionError: Start is a wall
full,expectimax,astar,11,0.25,11251,False,,error,0,,,,,,,AssertionError: Start is a wall
full,lrta,random,11,0.25,11251,False,,agent_win,1,25,0,0.1179,,,,
full,lrta,greedy,11,0.25,11251,False,,pursuer_win,0,16,0,0.0674,,,,
full,lrta,beam,11,0.25,11251,False,,error,0,,,,,,,AssertionError: Start is a wall
full,lrta,astar,11,0.25,11251,False,,error,0,,,,,,,AssertionError: Start is a wall
full,hill_climb,random,11,0.25,11251,False,,timeout,0,50,159,0.6128,,,,
full,hill_climb,greedy,11,0.25,11251,False,,timeout,0,50,159,0.5868,,,,
full,hill_climb,beam,11,0.25,11251,False,,error,0,,,,,,,AssertionError: Start is a wall
full,hill_climb,astar,11,0.25,11251,False,,error,0,,,,,,,AssertionError: Start is a wall
full,beam_search,random,11,0.25,11251,False,,agent_win,1,19,448,1.6688,,,,
full,beam_search,greedy,11,0.25,11251,False,,pursuer_win,0,13,389,1.4456,,,,
full,beam_search,beam,11,0.25,11251,False,,error,0,,,,,,,AssertionError: Start is a wall
full,beam_search,astar,11,0.25,11251,False,,error,0,,,,,,,AssertionError: Start is a wall
full,minimax,random,11,0.25,11251,True,,timeout,0,50,9705,16.031,,,,
full,minimax,greedy,11,0.25,11251,True,,pursuer_win,0,16,4475,7.3938,,,,
full,minimax,beam,11,0.25,11251,True,,error,0,,,,,,,AssertionError: Start is a wall
full,minimax,astar,11,0.25,11251,True,,error,0,,,,,,,AssertionError: Start is a wall
full,alpha_beta,random,11,0.25,11251,True,,timeout,0,50,4263,8.141,,,,
full,alpha_beta,greedy,11,0.25,11251,True,,pursuer_win,0,16,1991,3.8869,,,,
full,alpha_beta,beam,11,0.25,11251,True,,error,0,,,,,,,AssertionError: Start is a wall
full,alpha_beta,astar,11,0.25,11251,True,,error,0,,,,,,,AssertionError: Start is a wall
full,expectimax,random,11,0.25,11251,True,,timeout,0,50,9774,21.5015,,,,
full,expectimax,greedy,11,0.25,11251,True,,agent_win,1,26,8236,17.6427,,,,
full,expectimax,beam,11,0.25,11251,True,,error,0,,,,,,,AssertionError: Start is a wall
full,expectimax,astar,11,0.25,11251,True,,error,0,,,,,,,AssertionError: Start is a wall
full,lrta,random,11,0.25,11251,True,,agent_win,1,25,0,0.1263,,,,
full,lrta,greedy,11,0.25,11251,True,,pursuer_win,0,15,0,0.0968,,,,
full,lrta,beam,11,0.25,11251,True,,error,0,,,,,,,AssertionError: Start is a wall
full,lrta,astar,11,0.25,11251,True,,error,0,,,,,,,AssertionError: Start is a wall
full,hill_climb,random,11,0.25,11251,True,,timeout,0,50,159,0.6089,,,,
full,hill_climb,greedy,11,0.25,11251,True,,pursuer_win,0,16,108,0.412,,,,
full,hill_climb,beam,11,0.25,11251,True,,error,0,,,,,,,AssertionError: Start is a wall
full,hill_climb,astar,11,0.25,11251,True,,error,0,,,,,,,AssertionError: Start is a wall
full,beam_search,random,11,0.25,11251,True,,agent_win,1,19,445,1.6588,,,,
full,beam_search,greedy,11,0.25,11251,True,,pursuer_win,0,14,330,1.2445,,,,
full,beam_search,beam,11,0.25,11251,True,,error,0,,,,,,,AssertionError: Start is a wall
full,beam_search,astar,11,0.25,11251,True,,error,0,,,,,,,AssertionError: Start is a wall
full,minimax,random,11,0.25,11252,False,,timeout,0,50,10747,17.8326,,,,
full,minimax,greedy,11,0.25,11252,False,,timeout,0,50,11530,19.3369,,,,
full,minimax,beam,11,0.25,11252,False,,timeout,0,50,13182,20.1673,,,,
full,minimax,astar,11,0.25,11252,False,,timeout,0,50,13182,21.5143,,,,
full,alpha_beta,random,11,0.25,11252,False,,timeout,0,50,5405,10.0205,,,,
full,alpha_beta,greedy,11,0.25,11252,False,,timeout,0,50,5296,10.0017,,,,
full,alpha_beta,beam,11,0.25,11252,False,,timeout,0,50,6607,12.1495,,,,
full,alpha_beta,astar,11,0.25,11252,False,,timeout,0,50,6607,12.0569,,,,
full,expectimax,random,11,0.25,11252,False,,timeout,0,50,10807,23.1589,,,,
full,expectimax,greedy,11,0.25,11252,False,,timeout,0,50,10784,23.3194,,,,
full,expectimax,beam,11,0.25,11252,False,,pursuer_win,0,19,6818,14.581,,,,
full,expectimax,astar,11,0.25,11252,False,,pursuer_win,0,19,6818,14.6152,,,,
full,lrta,random,11,0.25,11252,False,,pursuer_win,0,9,0,0.0465,,,,
full,lrta,greedy,11,0.25,11252,False,,pursuer_win,0,9,0,0.0401,,,,
full,lrta,beam,11,0.25,11252,False,,pursuer_win,0,7,0,0.0371,,,,
full,lrta,astar,11,0.25,11252,False,,pursuer_win,0,7,0,0.0367,,,,
full,hill_climb,random,11,0.25,11252,False,,pursuer_win,0,9,81,0.3359,,,,
full,hill_climb,greedy,11,0.25,11252,False,,pursuer_win,0,9,81,0.3194,,,,
full,hill_climb,beam,11,0.25,11252,False,,pursuer_win,0,7,70,0.2848,,,,
full,hill_climb,astar,11,0.25,11252,False,,pursuer_win,0,7,70,0.2878,,,,
full,beam_search,random,11,0.25,11252,False,,pursuer_win,0,9,371,1.3944,,,,
full,beam_search,greedy,11,0.25,11252,False,,pursuer_win,0,9,371,1.333,,,,
full,beam_search,beam,11,0.25,11252,False,,pursuer_win,0,7,305,1.1475,,,,
full,beam_search,astar,11,0.25,11252,False,,pursuer_win,0,7,305,1.1306,,,,
full,minimax,random,11,0.25,11252,True,,timeout,0,50,10062,18.4656,,,,
full,minimax,greedy,11,0.25,11252,True,,agent_win,1,19,8384,13.2092,,,,
full,minimax,beam,11,0.25,11252,True,,timeout,0,50,15938,28.5679,,,,
full,minimax,astar,11,0.25,11252,True,,timeout,0,50,15938,25.6754,,,,
full,alpha_beta,random,11,0.25,11252,True,,timeout,0,50,4885,9.6508,,,,
full,alpha_beta,greedy,11,0.25,11252,True,,agent_win,1,19,3681,6.9825,,,,
full,alpha_beta,beam,11,0.25,11252,True,,timeout,0,50,7856,14.5313,,,,
full,alpha_beta,astar,11,0.25,11252,True,,timeout,0,50,7856,14.6693,,,,
full,expectimax,random,11,0.25,11252,True,,timeout,0,50,10062,21.866,,,,
full,expectimax,greedy,11,0.25,11252,True,,timeout,0,50,9612,20.7718,,,,
full,expectimax,beam,11,0.25,11252,True,,pursuer_win,0,19,6166,13.4607,,,,
full,expectimax,astar,11,0.25,11252,True,,pursuer_win,0,19,6166,13.4819,,,,
full,lrta,random,11,0.25,11252,True,,pursuer_win,0,12,0,0.0723,,,,
full,lrta,greedy,11,0.25,11252,True,,pursuer_win,0,9,0,0.0448,,,,
full,lrta,beam,11,0.25,11252,True,,pursuer_win,0,7,0,0.0424,,,,
full,lrta,astar,11,0.25,11252,True,,pursuer_win,0,7,0,0.0409,,,,
full,hill_climb,random,11,0.25,11252,True,,pursuer_win,0,12,90,0.3893,,,,
full,hill_climb,greedy,11,0.25,11252,True,,pursuer_win,0,9,81,0.3362,,,,
full,hill_climb,beam,11,0.25,11252,True,,pursuer_win,0,7,70,0.3037,,,,
full,hill_climb,astar,11,0.25,11252,True,,pursuer_win,0,7,70,0.3406,,,,
full,beam_search,random,11,0.25,11252,True,,agent_win,1,21,591,2.2049,,,,
full,beam_search,greedy,11,0.25,11252,True,,pursuer_win,0,9,371,1.3439,,,,
full,beam_search,beam,11,0.25,11252,True,,pursuer_win,0,7,305,1.1762,,,,
full,beam_search,astar,11,0.25,11252,True,,pursuer_win,0,7,305,1.1936,,,,
full,minimax,random,11,0.25,11253,False,,agent_win,1,19,6420,10.5749,,,,
full,minimax,greedy,11,0.25,11253,False,,agent_win,1,19,7018,11.7241,,,,
full,minimax,beam,11,0.25,11253,False,,agent_win,1,19,7413,12.3622,,,,
full,minimax,astar,11,0.25,11253,False,,agent_win,1,19,7413,12.1604,,,,
full,alpha_beta,random,11,0.25,11253,False,,agent_win,1,19,3104,5.9579,,,,
full,alpha_beta,greedy,11,0.25,11253,False,,agent_win,1,19,2891,5.6769,,,,
full,alpha_beta,beam,11,0.25,11253,False,,agent_win,1,19,3308,6.3803,,,,
full,alpha_beta,astar,11,0.25,11253,False,,agent_win,1,19,3308,6.2833,,,,
full,expectimax,random,11,0.25,11253,False,,agent_win,1,19,6490,14.3789,,,,
full,expectimax,greedy,11,0.25,11253,False,,agent_win,1,19,6698,14.5227,,,,
full,expectimax,beam,11,0.25,11253,False,,agent_win,1,20,7748,16.6343,,,,
full,expectimax,astar,11,0.25,11253,False,,agent_win,1,20,7748,16.4741,,,,
full,lrta,random,11,0.25,11253,False,,agent_win,1,23,0,0.1035,,,,
full,lrta,greedy,11,0.25,11253,False,,pursuer_win,0,10,0,0.0421,,,,
full,lrta,beam,11,0.25,11253,False,,pursuer_win,0,10,0,0.0509,,,,
full,lrta,astar,11,0.25,11253,False,,pursuer_win,0,9,0,0.0452,,,,
full,hill_climb,random,11,0.25,11253,False,,pursuer_win,0,45,180,0.7005,,,,
full,hill_climb,greedy,11,0.25,11253,False,,pursuer_win,0,10,115,0.4465,,,,
full,hill_climb,beam,11,0.25,11253,False,,pursuer_win,0,10,115,0.4543,,,,
full,hill_climb,astar,11,0.25,11253,False,,pursuer_win,0,9,108,0.4179,,,,
full,beam_search,random,11,0.25,11253,False,,agent_win,1,19,449,1.5906,,,,
full,beam_search,greedy,11,0.25,11253,False,,pursuer_win,0,10,322,1.137,,,,
full,beam_search,beam,11,0.25,11253,False,,pursuer_win,0,10,322,1.1386,,,,
full,beam_search,astar,11,0.25,11253,False,,pursuer_win,0,9,297,1.0379,,,,
full,minimax,random,11,0.25,11253,True,,agent_win,1,19,6765,11.1403,,,,
full,minimax,greedy,11,0.25,11253,True,,agent_win,1,19,6941,11.6266,,,,
full,minimax,beam,11,0.25,11253,True,,agent_win,1,19,7052,11.7911,,,,
full,minimax,astar,11,0.25,11253,True,,agent_win,1,19,7052,11.8552,,,,
full,alpha_beta,random,11,0.25,11253,True,,agent_win,1,19,3206,6.1329,,,,
full,alpha_beta,greedy,11,0.25,11253,True,,agent_win,1,19,2820,5.6022,,,,
full,alpha_beta,beam,11,0.25,11253,True,,agent_win,1,19,3128,6.0745,,,,
full,alpha_beta,astar,11,0.25,11253,True,,agent_win,1,19,3128,6.2551,,,,
full,expectimax,random,11,0.25,11253,True,,agent_win,1,19,6496,14.5242,,,,
full,expectimax,greedy,11,0.25,11253,True,,agent_win,1,19,6482,14.5959,,,,
full,expectimax,beam,11,0.25,11253,True,,agent_win,1,19,6746,15.0199,,,,
full,expectimax,astar,11,0.25,11253,True,,agent_win,1,19,6746,14.251,,,,
full,lrta,random,11,0.25,11253,True,,agent_win,1,23,0,0.112,,,,
full,lrta,greedy,11,0.25,11253,True,,pursuer_win,0,10,0,0.0476,,,,
full,lrta,beam,11,0.25,11253,True,,pursuer_win,0,9,0,0.0515,,,,
full,lrta,astar,11,0.25,11253,True,,pursuer_win,0,9,0,0.0517,,,,
full,hill_climb,random,11,0.25,11253,True,,timeout,0,50,187,0.7288,,,,
full,hill_climb,greedy,11,0.25,11253,True,,pursuer_win,0,10,115,0.4383,,,,
full,hill_climb,beam,11,0.25,11253,True,,pursuer_win,0,9,108,0.4356,,,,
full,hill_climb,astar,11,0.25,11253,True,,pursuer_win,0,9,108,0.4764,,,,
full,beam_search,random,11,0.25,11253,True,,agent_win,1,19,459,2.0841,,,,
full,beam_search,greedy,11,0.25,11253,True,,pursuer_win,0,10,322,1.8803,,,,
full,beam_search,beam,11,0.25,11253,True,,pursuer_win,0,9,297,1.3168,,,,
full,beam_search,astar,11,0.25,11253,True,,pursuer_win,0,9,297,1.0654,,,,
full,minimax,random,11,0.25,11254,False,,agent_win,1,21,7524,12.1195,,,,
full,minimax,greedy,11,0.25,11254,False,,timeout,0,50,10693,19.8187,,,,
full,minimax,beam,11,0.25,11254,False,,timeout,0,50,12479,20.1845,,,,
full,minimax,astar,11,0.25,11254,False,,timeout,0,50,12479,22.4609,,,,
full,alpha_beta,random,11,0.25,11254,False,,agent_win,1,21,3191,6.2231,,,,
full,alpha_beta,greedy,11,0.25,11254,False,,timeout,0,50,5625,10.3851,,,,
full,alpha_beta,beam,11,0.25,11254,False,,timeout,0,50,6581,12.3016,,,,
full,alpha_beta,astar,11,0.25,11254,False,,timeout,0,50,6581,15.1181,,,,
full,expectimax,random,11,0.25,11254,False,,timeout,0,50,13865,29.5839,,,,
full,expectimax,greedy,11,0.25,11254,False,,timeout,0,50,11682,25.4886,,,,
full,expectimax,beam,11,0.25,11254,False,,pursuer_win,0,25,7185,15.3906,,,,
full,expectimax,astar,11,0.25,11254,False,,pursuer_win,0,25,7185,15.3962,,,,
full,lrta,random,11,0.25,11254,False,,pursuer_win,0,10,0,0.0444,,,,
full,lrta,greedy,11,0.25,11254,False,,pursuer_win,0,8,0,0.0328,,,,
full,lrta,beam,11,0.25,11254,False,,pursuer_win,0,6,0,0.0304,,,,
full,lrta,astar,11,0.25,11254,False,,pursuer_win,0,6,0,0.0298,,,,
full,hill_climb,random,11,0.25,11254,False,,pursuer_win,0,10,85,0.3281,,,,
full,hill_climb,greedy,11,0.25,11254,False,,pursuer_win,0,8,76,0.2896,,,,
full,hill_climb,beam,11,0.25,11254,False,,pursuer_win,0,6,63,0.2404,,,,
full,hill_climb,astar,11,0.25,11254,False,,pursuer_win,0,6,63,0.2365,,,,
full,beam_search,random,11,0.25,11254,False,,pursuer_win,0,10,408,1.428,,,,
full,beam_search,greedy,11,0.25,11254,False,,pursuer_win,0,8,342,1.2086,,,,
full,beam_search,beam,11,0.25,11254,False,,pursuer_win,0,6,268,0.9466,,,,
full,beam_search,astar,11,0.25,11254,False,,pursuer_win,0,6,268,0.9472,,,,
full,minimax,random,11,0.25,11254,True,,agent_win,1,30,10431,16.8332,,,,
full,minimax,greedy,11,0.25,11254,True,,agent_win,1,33,8053,13.255,,,,
full,minimax,beam,11,0.25,11254,True,,timeout,0,50,11172,18.0514,,,,
full,minimax,astar,11,0.25,11254,True,,timeout,0,50,11172,18.5415,,,,
full,alpha_beta,random,11,0.25,11254,True,,agent_win,1,30,4543,8.9325,,,,
full,alpha_beta,greedy,11,0.25,11254,True,,agent_win,1,33,3931,7.5395,,,,
full,alpha_beta,beam,11,0.25,11254,True,,timeout,0,50,5601,10.6438,,,,
full,alpha_beta,astar,11,0.25,11254,True,,timeout,0,50,5601,10.8545,,,,
full,expectimax,random,11,0.25,11254,True,,timeout,0,50,12796,28.1746,,,,
full,expectimax,greedy,11,0.25,11254,True,,timeout,0,50,13389,29.3501,,,,
full,expectimax,beam,11,0.25,11254,True,,pursuer_win,0,22,5297,11.9124,,,,
full,expectimax,astar,11,0.25,11254,True,,pursuer_win,0,22,5297,11.7976,,,,
full,lrta,random,11,0.25,11254,True,,pursuer_win,0,7,0,0.0372,,,,
full,lrta,greedy,11,0.25,11254,True,,pursuer_win,0,16,0,0.0702,,,,
full,lrta,beam,11,0.25,11254,True,,pursuer_win,0,6,0,0.0339,,,,
full,lrta,astar,11,0.25,11254,True,,pursuer_win,0,6,0,0.0329,,,,
full,hill_climb,random,11,0.25,11254,True,,pursuer_win,0,7,70,0.2784,,,,
full,hill_climb,greedy,11,0.25,11254,True,,pursuer_win,0,20,94,0.354,,,,
full,hill_climb,beam,11,0.25,11254,True,,pursuer_win,0,6,63,0.2552,,,,
full,hill_climb,astar,11,0.25,11254,True,,pursuer_win,0,6,63,0.2488,,,,
full,beam_search,random,11,0.25,11254,True,,pursuer_win,0,7,306,1.1125,,,,
full,beam_search,greedy,11,0.25,11254,True,,pursuer_win,0,14,576,2.1033,,,,
full,beam_search,beam,11,0.25,11254,True,,pursuer_win,0,6,268,0.9703,,,,
full,beam_search,astar,11,0.25,11254,True,,pursuer_win,0,6,268,1.0319,,,,
full,minimax,random,11,0.35,11350,False,,agent_win,1,35,7966,13.3972,,,,
full,minimax,greedy,11,0.35,11350,False,,agent_win,1,19,5021,8.252,,,,
full,minimax,beam,11,0.35,11350,False,,agent_win,1,19,5774,9.6157,,,,
full,minimax,astar,11,0.35,11350,False,,agent_win,1,19,5774,9.6745,,,,
full,alpha_beta,random,11,0.35,11350,False,,agent_win,1,35,3976,7.8574,,,,
full,alpha_beta,greedy,11,0.35,11350,False,,agent_win,1,19,2167,4.1452,,,,
full,alpha_beta,beam,11,0.35,11350,False,,agent_win,1,19,2635,5.108,,,,
full,alpha_beta,astar,11,0.35,11350,False,,agent_win,1,19,2635,5.1775,,,,
full,expectimax,random,11,0.35,11350,False,,agent_win,1,35,8374,18.6859,,,,
full,expectimax,greedy,11,0.35,11350,False,,timeout,0,50,9898,23.2617,,,,
full,expectimax,beam,11,0.35,11350,False,,timeout,0,50,7283,15.872,,,,
full,expectimax,astar,11,0.35,11350,False,,timeout,0,50,7283,15.85,,,,
full,lrta,random,11,0.35,11350,False,,agent_win,1,23,0,0.0986,,,,
full,lrta,greedy,11,0.35,11350,False,,agent_win,1,23,0,0.0904,,,,
full,lrta,beam,11,0.35,11350,False,,agent_win,1,23,0,0.1175,,,,
full,lrta,astar,11,0.35,11350,False,,agent_win,1,23,0,0.116,,,,
full,hill_climb,random,11,0.35,11350,False,,pursuer_win,0,19,126,0.4665,,,,
full,hill_climb,greedy,11,0.35,11350,False,,timeout,0,50,173,0.5974,,,,
full,hill_climb,beam,11,0.35,11350,False,,pursuer_win,0,17,123,0.4745,,,,
full,hill_climb,astar,11,0.35,11350,False,,pursuer_win,0,19,126,0.5493,,,,
full,beam_search,random,11,0.35,11350,False,,agent_win,1,19,416,1.4375,,,,
full,beam_search,greedy,11,0.35,11350,False,,agent_win,1,19,416,1.3423,,,,
full,beam_search,beam,11,0.35,11350,False,,agent_win,1,19,416,1.3449,,,,
full,beam_search,astar,11,0.35,11350,False,,agent_win,1,19,416,1.3826,,,,
full,minimax,random,11,0.35,11350,True,,agent_win,1,23,7088,12.7015,,,,
full,minimax,greedy,11,0.35,11350,True,,agent_win,1,19,4999,7.7232,,,,
full,minimax,beam,11,0.35,11350,True,,agent_win,1,19,5780,9.042,,,,
full,minimax,astar,11,0.35,11350,True,,agent_win,1,19,5780,12.27,,,,
full,alpha_beta,random,11,0.35,11350,True,,agent_win,1,23,3412,6.4764,,,,
full,alpha_beta,greedy,11,0.35,11350,True,,agent_win,1,19,2160,4.082,,,,
full,alpha_beta,beam,11,0.35,11350,True,,agent_win,1,19,2638,5.0231,,,,
full,alpha_beta,astar,11,0.35,11350,True,,agent_win,1,19,2638,5.1202,,,,
full,expectimax,random,11,0.35,11350,True,,timeout,0,50,13499,29.7088,,,,
full,expectimax,greedy,11,0.35,11350,True,,agent_win,1,40,9596,22.7957,,,,
full,expectimax,beam,11,0.35,11350,True,,agent_win,1,48,10031,22.6405,,,,
full,expectimax,astar,11,0.35,11350,True,,agent_win,1,48,10031,22.1595,,,,
full,lrta,random,11,0.35,11350,True,,agent_win,1,25,0,0.1432,,,,
full,lrta,greedy,11,0.35,11350,True,,agent_win,1,25,0,0.1465,,,,
full,lrta,beam,11,0.35,11350,True,,agent_win,1,23,0,0.138,,,,
full,lrta,astar,11,0.35,11350,True,,pursuer_win,0,18,0,0.1068,,,,
full,hill_climb,random,11,0.35,11350,True,,timeout,0,50,173,0.8135,,,,
full,hill_climb,greedy,11,0.35,11350,True,,timeout,0,50,173,0.8882,,,,
full,hill_climb,beam,11,0.35,11350,True,,pursuer_win,0,17,123,0.5206,,,,
full,hill_climb,astar,11,0.35,11350,True,,pursuer_win,0,19,126,0.5336,,,,
full,beam_search,random,11,0.35,11350,True,,agent_win,1,19,412,1.5273,,,,
full,beam_search,greedy,11,0.35,11350,True,,agent_win,1,19,416,1.5624,,,,
full,beam_search,beam,11,0.35,11350,True,,agent_win,1,19,416,1.6336,,,,
full,beam_search,astar,11,0.35,11350,True,,agent_win,1,19,416,1.5809,,,,
full,minimax,random,11,0.35,11351,False,,timeout,0,50,5547,9.0609,,,,
full,minimax,greedy,11,0.35,11351,False,,timeout,0,50,4630,8.0784,,,,
full,minimax,beam,11,0.35,11351,False,,timeout,0,50,4630,7.8668,,,,
full,minimax,astar,11,0.35,11351,False,,timeout,0,50,4630,7.7664,,,,
full,alpha_beta,random,11,0.35,11351,False,,timeout,0,50,3280,6.2825,,,,
full,alpha_beta,greedy,11,0.35,11351,False,,timeout,0,50,2664,5.3292,,,,
full,alpha_beta,beam,11,0.35,11351,False,,timeout,0,50,2664,5.3237,,,,
full,alpha_beta,astar,11,0.35,11351,False,,timeout,0,50,2664,5.4661,,,,
full,expectimax,random,11,0.35,11351,False,,timeout,0,50,5547,12.8189,,,,
full,expectimax,greedy,11,0.35,11351,False,,timeout,0,50,4630,10.2936,,,,
full,expectimax,beam,11,0.35,11351,False,,timeout,0,50,4630,10.8354,,,,
full,expectimax,astar,11,0.35,11351,False,,timeout,0,50,4630,10.6124,,,,
full,lrta,random,11,0.35,11351,False,,agent_win,1,21,0,0.089,,,,
full,lrta,greedy,11,0.35,11351,False,,agent_win,1,21,0,0.0974,,,,
full,lrta,beam,11,0.35,11351,False,,agent_win,1,21,0,0.1323,,,,
full,lrta,astar,11,0.35,11351,False,,agent_win,1,21,0,0.1149,,,,
full,hill_climb,random,11,0.35,11351,False,,timeout,0,50,125,0.5018,,,,
full,hill_climb,greedy,11,0.35,11351,False,,timeout,0,50,125,0.4845,,,,
full,hill_climb,beam,11,0.35,11351,False,,timeout,0,50,125,0.4902,,,,
full,hill_climb,astar,11,0.35,11351,False,,timeout,0,50,125,0.4836,,,,
full,beam_search,random,11,0.35,11351,False,,agent_win,1,19,427,1.5297,,,,
full,beam_search,greedy,11,0.35,11351,False,,agent_win,1,19,427,1.4113,,,,
full,beam_search,beam,11,0.35,11351,False,,agent_win,1,19,427,1.4576,,,,
full,beam_search,astar,11,0.35,11351,False,,agent_win,1,19,427,1.7378,,,,
full,minimax,random,11,0.35,11351,True,,timeout,0,50,5224,9.0371,,,,
full,minimax,greedy,11,0.35,11351,True,,timeout,0,50,4470,7.8534,,,,
full,minimax,beam,11,0.35,11351,True,,pursuer_win,0,37,5087,8.9651,,,,
full,minimax,astar,11,0.35,11351,True,,pursuer_win,0,37,5087,8.5449,,,,
full,alpha_beta,random,11,0.35,11351,True,,timeout,0,50,3049,6.3022,,,,
full,alpha_beta,greedy,11,0.35,11351,True,,timeout,0,50,2540,5.613,,,,
full,alpha_beta,beam,11,0.35,11351,True,,pursuer_win,0,37,2805,5.9479,,,,
full,alpha_beta,astar,11,0.35,11351,True,,pursuer_win,0,37,2805,6.0281,,,,
full,expectimax,random,11,0.35,11351,True,,timeout,0,50,5224,12.041,,,,
full,expectimax,greedy,11,0.35,11351,True,,timeout,0,50,4470,10.5634,,,,
full,expectimax,beam,11,0.35,11351,True,,pursuer_win,0,38,5056,11.6742,,,,
full,expectimax,astar,11,0.35,11351,True,,pursuer_win,0,38,5056,11.2855,,,,
full,lrta,random,11,0.35,11351,True,,agent_win,1,23,0,0.1132,,,,
full,lrta,greedy,11,0.35,11351,True,,agent_win,1,21,0,0.1032,,,,
full,lrta,beam,11,0.35,11351,True,,agent_win,1,21,0,0.1233,,,,
full,lrta,astar,11,0.35,11351,True,,agent_win,1,21,0,0.1189,,,,
full,hill_climb,random,11,0.35,11351,True,,timeout,0,50,125,0.5375,,,,
full,hill_climb,greedy,11,0.35,11351,True,,timeout,0,50,132,0.4894,,,,
full,hill_climb,beam,11,0.35,11351,True,,pursuer_win,0,33,99,0.4088,,,,
full,hill_climb,astar,11,0.35,11351,True,,pursuer_win,0,33,99,0.4115,,,,
full,beam_search,random,11,0.35,11351,True,,agent_win,1,21,502,1.8166,,,,
full,beam_search,greedy,11,0.35,11351,True,,agent_win,1,19,428,1.5642,,,,
full,beam_search,beam,11,0.35,11351,True,,agent_win,1,19,428,1.5833,,,,
full,beam_search,astar,11,0.35,11351,True,,agent_win,1,19,428,1.6269,,,,
full,minimax,random,11,0.35,11352,False,,timeout,0,50,12619,20.5019,,,,
full,minimax,greedy,11,0.35,11352,False,,timeout,0,50,13059,21.2867,,,,
full,minimax,beam,11,0.35,11352,False,,error,0,,,,,,,AssertionError: Start is a wall
full,minimax,astar,11,0.35,11352,False,,error,0,,,,,,,AssertionError: Start is a wall
full,alpha_beta,random,11,0.35,11352,False,,timeout,0,50,5243,9.9796,,,,
full,alpha_beta,greedy,11,0.35,11352,False,,timeout,0,50,6327,12.4148,,,,
full,alpha_beta,beam,11,0.35,11352,False,,error,0,,,,,,,AssertionError: Start is a wall
full,alpha_beta,astar,11,0.35,11352,False,,error,0,,,,,,,AssertionError: Start is a wall
full,expectimax,random,11,0.35,11352,False,,timeout,0,50,12619,30.8948,,,,
full,expectimax,greedy,11,0.35,11352,False,,timeout,0,50,10438,22.7193,,,,
full,expectimax,beam,11,0.35,11352,False,,error,0,,,,,,,AssertionError: Start is a wall
full,expectimax,astar,11,0.35,11352,False,,error,0,,,,,,,AssertionError: Start is a wall
full,lrta,random,11,0.35,11352,False,,agent_win,1,37,0,0.1626,,,,
full,lrta,greedy,11,0.35,11352,False,,pursuer_win,0,15,0,0.0684,,,,
full,lrta,beam,11,0.35,11352,False,,error,0,,,,,,,AssertionError: Start is a wall
full,lrta,astar,11,0.35,11352,False,,error,0,,,,,,,AssertionError: Start is a wall
full,hill_climb,random,11,0.35,11352,False,,timeout,0,50,187,0.7332,,,,
full,hill_climb,greedy,11,0.35,11352,False,,pursuer_win,0,15,135,0.5406,,,,
full,hill_climb,beam,11,0.35,11352,False,,error,0,,,,,,,AssertionError: Start is a wall
full,hill_climb,astar,11,0.35,11352,False,,error,0,,,,,,,AssertionError: Start is a wall
full,beam_search,random,11,0.35,11352,False,,timeout,0,50,2513,8.6235,,,,
full,beam_search,greedy,11,0.35,11352,False,,pursuer_win,0,15,754,2.5766,,,,
full,beam_search,beam,11,0.35,11352,False,,error,0,,,,,,,AssertionError: Start is a wall
full,beam_search,astar,11,0.35,11352,False,,error,0,,,,,,,AssertionError: Start is a wall
full,minimax,random,11,0.35,11352,True,,timeout,0,50,10949,18.0866,,,,
full,minimax,greedy,11,0.35,11352,True,,timeout,0,50,15806,26.0964,,,,
full,minimax,beam,11,0.35,11352,True,,error,0,,,,,,,AssertionError: Start is a wall
full,minimax,astar,11,0.35,11352,True,,error,0,,,,,,,AssertionError: Start is a wall
full,alpha_beta,random,11,0.35,11352,True,,timeout,0,50,4615,8.9691,,,,
full,alpha_beta,greedy,11,0.35,11352,True,,timeout,0,50,7444,16.0622,,,,
full,alpha_beta,beam,11,0.35,11352,True,,error,0,,,,,,,AssertionError: Start is a wall
full,alpha_beta,astar,11,0.35,11352,True,,error,0,,,,,,,AssertionError: Start is a wall
full,expectimax,random,11,0.35,11352,True,,timeout,0,50,10949,30.0058,,,,
full,expectimax,greedy,11,0.35,11352,True,,timeout,0,50,11713,29.7017,,,,
full,expectimax,beam,11,0.35,11352,True,,error,0,,,,,,,AssertionError: Start is a wall
full,expectimax,astar,11,0.35,11352,True,,error,0,,,,,,,AssertionError: Start is a wall
full,lrta,random,11,0.35,11352,True,,agent_win,1,23,0,0.3162,,,,
full,lrta,greedy,11,0.35,11352,True,,pursuer_win,0,15,0,0.153,,,,
full,lrta,beam,11,0.35,11352,True,,error,0,,,,,,,AssertionError: Start is a wall
full,lrta,astar,11,0.35,11352,True,,error,0,,,,,,,AssertionError: Start is a wall
full,hill_climb,random,11,0.35,11352,True,,timeout,0,50,187,0.8667,,,,
full,hill_climb,greedy,11,0.35,11352,True,,pursuer_win,0,15,135,0.5375,,,,
full,hill_climb,beam,11,0.35,11352,True,,error,0,,,,,,,AssertionError: Start is a wall
full,hill_climb,astar,11,0.35,11352,True,,error,0,,,,,,,AssertionError: Start is a wall
full,beam_search,random,11,0.35,11352,True,,agent_win,1,21,606,2.1476,,,,
full,beam_search,greedy,11,0.35,11352,True,,pursuer_win,0,15,767,2.6846,,,,
full,beam_search,beam,11,0.35,11352,True,,error,0,,,,,,,AssertionError: Start is a wall
full,beam_search,astar,11,0.35,11352,True,,error,0,,,,,,,AssertionError: Start is a wall
full,minimax,random,11,0.35,11353,False,,timeout,0,50,9565,15.9628,,,,
full,minimax,greedy,11,0.35,11353,False,,agent_win,1,19,5670,9.9296,,,,
full,minimax,beam,11,0.35,11353,False,,agent_win,1,19,5697,9.5895,,,,
full,minimax,astar,11,0.35,11353,False,,agent_win,1,19,5697,9.0868,,,,
full,alpha_beta,random,11,0.35,11353,False,,timeout,0,50,5380,9.6517,,,,
full,alpha_beta,greedy,11,0.35,11353,False,,agent_win,1,19,2629,4.4872,,,,
full,alpha_beta,beam,11,0.35,11353,False,,agent_win,1,19,2660,4.772,,,,
full,alpha_beta,astar,11,0.35,11353,False,,agent_win,1,19,2660,4.8814,,,,
full,expectimax,random,11,0.35,11353,False,,timeout,0,50,9565,22.3516,,,,
full,expectimax,greedy,11,0.35,11353,False,,agent_win,1,19,5670,12.0786,,,,
full,expectimax,beam,11,0.35,11353,False,,agent_win,1,21,5703,12.3351,,,,
full,expectimax,astar,11,0.35,11353,False,,agent_win,1,21,5703,12.2452,,,,
full,lrta,random,11,0.35,11353,False,,agent_win,1,23,0,0.1033,,,,
full,lrta,greedy,11,0.35,11353,False,,pursuer_win,0,13,0,0.0551,,,,
full,lrta,beam,11,0.35,11353,False,,pursuer_win,0,13,0,0.0664,,,,
full,lrta,astar,11,0.35,11353,False,,pursuer_win,0,10,0,0.0491,,,,
full,hill_climb,random,11,0.35,11353,False,,timeout,0,50,99,0.3566,,,,
full,hill_climb,greedy,11,0.35,11353,False,,timeout,0,50,99,0.3415,,,,
full,hill_climb,beam,11,0.35,11353,False,,timeout,0,50,99,0.387,,,,
full,hill_climb,astar,11,0.35,11353,False,,pursuer_win,0,12,42,0.1628,,,,
full,beam_search,random,11,0.35,11353,False,,agent_win,1,19,450,1.5322,,,,
full,beam_search,greedy,11,0.35,11353,False,,pursuer_win,0,9,311,1.0425,,,,
full,beam_search,beam,11,0.35,11353,False,,pursuer_win,0,9,311,1.0566,,,,
full,beam_search,astar,11,0.35,11353,False,,pursuer_win,0,8,286,0.9729,,,,
full,minimax,random,11,0.35,11353,True,,agent_win,1,21,6312,10.3215,,,,
full,minimax,greedy,11,0.35,11353,True,,agent_win,1,19,5278,8.8397,,,,
full,minimax,beam,11,0.35,11353,True,,agent_win,1,19,5498,9.2776,,,,
full,minimax,astar,11,0.35,11353,True,,agent_win,1,19,5565,9.497,,,,
full,alpha_beta,random,11,0.35,11353,True,,agent_win,1,21,3006,5.7781,,,,
full,alpha_beta,greedy,11,0.35,11353,True,,agent_win,1,19,2421,4.6374,,,,
full,alpha_beta,beam,11,0.35,11353,True,,agent_win,1,19,2547,5.0429,,,,
full,alpha_beta,astar,11,0.35,11353,True,,agent_win,1,19,2571,5.0006,,,,
full,expectimax,random,11,0.35,11353,True,,agent_win,1,23,6810,15.1447,,,,
full,expectimax,greedy,11,0.35,11353,True,,agent_win,1,19,5278,11.5785,,,,
full,expectimax,beam,11,0.35,11353,True,,agent_win,1,21,5368,12.0777,,,,
full,expectimax,astar,11,0.35,11353,True,,agent_win,1,21,5368,11.8656,,,,
full,lrta,random,11,0.35,11353,True,,pursuer_win,0,12,0,0.0613,,,,
full,lrta,greedy,11,0.35,11353,True,,pursuer_win,0,13,0,0.0608,,,,
full,lrta,beam,11,0.35,11353,True,,pursuer_win,0,13,0,0.0774,,,,
full,lrta,astar,11,0.35,11353,True,,pursuer_win,0,10,0,0.054,,,,
full,hill_climb,random,11,0.35,11353,True,,agent_win,1,23,132,0.5133,,,,
full,hill_climb,greedy,11,0.35,11353,True,,pursuer_win,0,14,77,0.3102,,,,
full,hill_climb,beam,11,0.35,11353,True,,pursuer_win,0,14,77,0.3508,,,,
full,hill_climb,astar,11,0.35,11353,True,,agent_win,1,23,132,0.5582,,,,
full,beam_search,random,11,0.35,11353,True,,pursuer_win,0,10,309,1.1106,,,,
full,beam_search,greedy,11,0.35,11353,True,,pursuer_win,0,9,299,1.0633,,,,
full,beam_search,beam,11,0.35,11353,True,,pursuer_win,0,9,299,1.0725,,,,
full,beam_search,astar,11,0.35,11353,True,,pursuer_win,0,8,277,0.9765,,,,
full,minimax,random,11,0.35,11354,False,,timeout,0,50,6003,10.3419,,,,
full,minimax,greedy,11,0.35,11354,False,,timeout,0,50,5832,10.1676,,,,
full,minimax,beam,11,0.35,11354,False,,timeout,0,50,5832,10.2309,,,,
full,minimax,astar,11,0.35,11354,False,,timeout,0,50,5832,10.1678,,,,
full,alpha_beta,random,11,0.35,11354,False,,timeout,0,50,3173,6.3406,,,,
full,alpha_beta,greedy,11,0.35,11354,False,,timeout,0,50,2841,5.7837,,,,
full,alpha_beta,beam,11,0.35,11354,False,,timeout,0,50,2841,5.7202,,,,
full,alpha_beta,astar,11,0.35,11354,False,,timeout,0,50,2841,6.053,,,,
full,expectimax,random,11,0.35,11354,False,,timeout,0,50,6003,16.1279,,,,
full,expectimax,greedy,11,0.35,11354,False,,timeout,0,50,5832,13.375,,,,
full,expectimax,beam,11,0.35,11354,False,,timeout,0,50,5832,13.5395,,,,
full,expectimax,astar,11,0.35,11354,False,,timeout,0,50,5832,13.753,,,,
full,lrta,random,11,0.35,11354,False,,agent_win,1,25,0,0.1107,,,,
full,lrta,greedy,11,0.35,11354,False,,agent_win,1,25,0,0.112,,,,
full,lrta,beam,11,0.35,11354,False,,agent_win,1,25,0,0.1184,,,,
full,lrta,astar,11,0.35,11354,False,,agent_win,1,25,0,0.1316,,,,
full,hill_climb,random,11,0.35,11354,False,,timeout,0,50,99,0.3765,,,,
full,hill_climb,greedy,11,0.35,11354,False,,timeout,0,50,99,0.3802,,,,
full,hill_climb,beam,11,0.35,11354,False,,timeout,0,50,99,0.3804,,,,
full,hill_climb,astar,11,0.35,11354,False,,timeout,0,50,99,0.3766,,,,
full,beam_search,random,11,0.35,11354,False,,agent_win,1,19,433,1.6335,,,,
full,beam_search,greedy,11,0.35,11354,False,,agent_win,1,19,433,1.5347,,,,
full,beam_search,beam,11,0.35,11354,False,,agent_win,1,19,433,1.5151,,,,
full,beam_search,astar,11,0.35,11354,False,,agent_win,1,19,433,1.5852,,,,
full,minimax,random,11,0.35,11354,True,,timeout,0,50,4106,7.1394,,,,
full,minimax,greedy,11,0.35,11354,True,,timeout,0,50,10125,17.5411,,,,
full,minimax,beam,11,0.35,11354,True,,pursuer_win,0,17,3330,5.7042,,,,
full,minimax,astar,11,0.35,11354,True,,pursuer_win,0,17,3330,5.6995,,,,
full,alpha_beta,random,11,0.35,11354,True,,timeout,0,50,2325,4.8555,,,,
full,alpha_beta,greedy,11,0.35,11354,True,,timeout,0,50,5155,9.8361,,,,
full,alpha_beta,beam,11,0.35,11354,True,,pursuer_win,0,17,1657,3.268,,,,
full,alpha_beta,astar,11,0.35,11354,True,,pursuer_win,0,17,1657,3.3384,,,,
full,expectimax,random,11,0.35,11354,True,,timeout,0,50,4106,10.4507,,,,
full,expectimax,greedy,11,0.35,11354,True,,timeout,0,50,8724,20.1343,,,,
full,expectimax,beam,11,0.35,11354,True,,pursuer_win,0,18,3363,7.6121,,,,
full,expectimax,astar,11,0.35,11354,True,,pursuer_win,0,18,3363,7.8111,,,,
full,lrta,random,11,0.35,11354,True,,agent_win,1,25,0,0.1245,,,,
full,lrta,greedy,11,0.35,11354,True,,pursuer_win,0,18,0,0.0839,,,,
full,lrta,beam,11,0.35,11354,True,,pursuer_win,0,17,0,0.0942,,,,
full,lrta,astar,11,0.35,11354,True,,pursuer_win,0,17,0,0.0956,,,,
full,hill_climb,random,11,0.35,11354,True,,timeout,0,50,101,0.3691,,,,
full,hill_climb,greedy,11,0.35,11354,True,,timeout,0,50,99,0.3834,,,,
full,hill_climb,beam,11,0.35,11354,True,,pursuer_win,0,16,48,0.2098,,,,
full,hill_climb,astar,11,0.35,11354,True,,pursuer_win,0,16,48,0.2197,,,,
full,beam_search,random,11,0.35,11354,True,,agent_win,1,19,432,1.5974,,,,
full,beam_search,greedy,11,0.35,11354,True,,pursuer_win,0,14,443,1.601,,,,
full,beam_search,beam,11,0.35,11354,True,,agent_win,1,21,507,1.8198,,,,
full,beam_search,astar,11,0.35,11354,True,,agent_win,1,21,507,1.807,,,,
full,minimax,random,13,0.15,13150,False,,timeout,0,50,12863,22.1852,,,,
full,minimax,greedy,13,0.15,13150,False,,agent_win,1,27,9677,16.0374,,,,
full,minimax,beam,13,0.15,13150,False,,timeout,0,50,18716,31.3605,,,,
full,minimax,astar,13,0.15,13150,False,,timeout,0,50,18716,30.5941,,,,
full,alpha_beta,random,13,0.15,13150,False,,timeout,0,50,6640,12.4692,,,,
full,alpha_beta,greedy,13,0.15,13150,False,,agent_win,1,27,4788,8.973,,,,
full,alpha_beta,beam,13,0.15,13150,False,,timeout,0,50,8910,16.8131,,,,
full,alpha_beta,astar,13,0.15,13150,False,,timeout,0,50,8910,16.6139,,,,
full,expectimax,random,13,0.15,13150,False,,timeout,0,50,9242,20.5916,,,,
full,expectimax,greedy,13,0.15,13150,False,,pursuer_win,0,14,2295,5.1795,,,,
full,expectimax,beam,13,0.15,13150,False,,pursuer_win,0,14,2295,5.4237,,,,
full,expectimax,astar,13,0.15,13150,False,,pursuer_win,0,14,2295,5.1041,,,,
full,lrta,random,13,0.15,13150,False,,agent_win,1,27,0,0.1224,,,,
full,lrta,greedy,13,0.15,13150,False,,agent_win,1,27,0,0.1169,,,,
full,lrta,beam,13,0.15,13150,False,,pursuer_win,0,8,0,0.0421,,,,
full,lrta,astar,13,0.15,13150,False,,pursuer_win,0,8,0,0.0413,,,,
full,hill_climb,random,13,0.15,13150,False,,timeout,0,50,275,1.1233,,,,
full,hill_climb,greedy,13,0.15,13150,False,,timeout,0,50,275,1.1477,,,,
full,hill_climb,beam,13,0.15,13150,False,,pursuer_win,0,8,140,0.5823,,,,
full,hill_climb,astar,13,0.15,13150,False,,pursuer_win,0,8,140,0.5749,,,,
full,beam_search,random,13,0.15,13150,False,,agent_win,1,25,794,3.0643,,,,
full,beam_search,greedy,13,0.15,13150,False,,agent_win,1,25,794,4.0455,,,,
full,beam_search,beam,13,0.15,13150,False,,pursuer_win,0,8,407,1.3979,,,,
full,beam_search,astar,13,0.15,13150,False,,pursuer_win,0,8,407,1.4007,,,,
full,minimax,random,13,0.15,13150,True,,timeout,0,50,18078,29.2939,,,,
full,minimax,greedy,13,0.15,13150,True,,agent_win,1,27,9677,18.5403,,,,
full,minimax,beam,13,0.15,13150,True,,timeout,0,50,18325,30.4095,,,,
full,minimax,astar,13,0.15,13150,True,,timeout,0,50,18325,31.0817,,,,
full,alpha_beta,random,13,0.15,13150,True,,timeout,0,50,7558,13.9742,,,,
full,alpha_beta,greedy,13,0.15,13150,True,,agent_win,1,27,4788,9.0087,,,,
full,alpha_beta,beam,13,0.15,13150,True,,timeout,0,50,8756,16.7049,,,,
full,alpha_beta,astar,13,0.15,13150,True,,timeout,0,50,8756,19.3176,,,,
full,expectimax,random,13,0.15,13150,True,,timeout,0,50,17129,40.6138,,,,
full,expectimax,greedy,13,0.15,13150,True,,timeout,0,50,20375,42.3198,,,,
full,expectimax,beam,13,0.15,13150,True,,timeout,0,50,23144,48.4727,,,,
full,expectimax,astar,13,0.15,13150,True,,timeout,0,50,23144,48.3563,,,,
full,lrta,random,13,0.15,13150,True,,agent_win,1,25,0,0.1466,,,,
full,lrta,greedy,13,0.15,13150,True,,agent_win,1,31,0,0.1508,,,,
full,lrta,beam,13,0.15,13150,True,,pursuer_win,0,8,0,0.0481,,,,
full,lrta,astar,13,0.15,13150,True,,pursuer_win,0,8,0,0.045,,,,
full,hill_climb,random,13,0.15,13150,True,,timeout,0,50,275,1.0929,,,,
full,hill_climb,greedy,13,0.15,13150,True,,timeout,0,50,275,1.1647,,,,
full,hill_climb,beam,13,0.15,13150,True,,pursuer_win,0,8,140,0.5718,,,,
full,hill_climb,astar,13,0.15,13150,True,,pursuer_win,0,8,140,0.5682,,,,
full,beam_search,random,13,0.15,13150,True,,agent_win,1,23,747,2.9412,,,,
full,beam_search,greedy,13,0.15,13150,True,,agent_win,1,25,794,3.1499,,,,
full,beam_search,beam,13,0.15,13150,True,,pursuer_win,0,8,407,1.6057,,,,
full,beam_search,astar,13,0.15,13150,True,,pursuer_win,0,8,407,1.9964,,,,
full,minimax,random,13,0.15,13151,False,,timeout,0,50,14802,24.0669,,,,
full,minimax,greedy,13,0.15,13151,False,,agent_win,1,29,12049,18.2905,,,,
full,minimax,beam,13,0.15,13151,False,,agent_win,1,29,12291,19.481,,,,
full,minimax,astar,13,0.15,13151,False,,agent_win,1,29,12291,19.7363,,,,
full,alpha_beta,random,13,0.15,13151,False,,timeout,0,50,7345,13.7485,,,,
full,alpha_beta,greedy,13,0.15,13151,False,,agent_win,1,29,5109,9.4385,,,,
full,alpha_beta,beam,13,0.15,13151,False,,agent_win,1,29,5123,8.7518,,,,
full,alpha_beta,astar,13,0.15,13151,False,,agent_win,1,29,5123,9.0408,,,,
full,expectimax,random,13,0.15,13151,False,,timeout,0,50,12498,26.1953,,,,
full,expectimax,greedy,13,0.15,13151,False,,timeout,0,50,18755,39.6045,,,,
full,expectimax,beam,13,0.15,13151,False,,agent_win,1,31,12213,29.1441,,,,
full,expectimax,astar,13,0.15,13151,False,,agent_win,1,31,12213,26.5802,,,,
full,lrta,random,13,0.15,13151,False,,agent_win,1,25,0,0.134,,,,
full,lrta,greedy,13,0.15,13151,False,,pursuer_win,0,7,0,0.0485,,,,
full,lrta,beam,13,0.15,13151,False,,pursuer_win,0,7,0,0.0416,,,,
full,lrta,astar,13,0.15,13151,False,,pursuer_win,0,7,0,0.0475,,,,
full,hill_climb,random,13,0.15,13151,False,,timeout,0,50,237,1.1984,,,,
full,hill_climb,greedy,13,0.15,13151,False,,pursuer_win,0,7,112,0.4665,,,,
full,hill_climb,beam,13,0.15,13151,False,,pursuer_win,0,7,112,0.458,,,,
full,hill_climb,astar,13,0.15,13151,False,,pursuer_win,0,7,112,0.4615,,,,
full,beam_search,random,13,0.15,13151,False,,agent_win,1,23,649,2.4971,,,,
full,beam_search,greedy,13,0.15,13151,False,,pursuer_win,0,7,313,1.1907,,,,
full,beam_search,beam,13,0.15,13151,False,,pursuer_win,0,7,313,1.2204,,,,
full,beam_search,astar,13,0.15,13151,False,,pursuer_win,0,7,313,1.202,,,,
full,minimax,random,13,0.15,13151,True,,timeout,0,50,14171,23.4499,,,,
full,minimax,greedy,13,0.15,13151,True,,agent_win,1,29,12867,20.8957,,,,
full,minimax,beam,13,0.15,13151,True,,agent_win,1,29,13211,21.5272,,,,
full,minimax,astar,13,0.15,13151,True,,agent_win,1,29,13211,21.4525,,,,
full,alpha_beta,random,13,0.15,13151,True,,timeout,0,50,6939,13.1929,,,,
full,alpha_beta,greedy,13,0.15,13151,True,,agent_win,1,29,5402,10.1252,,,,
full,alpha_beta,beam,13,0.15,13151,True,,agent_win,1,29,5395,10.4506,,,,
full,alpha_beta,astar,13,0.15,13151,True,,agent_win,1,29,5395,10.3705,,,,
full,expectimax,random,13,0.15,13151,True,,timeout,0,50,14171,35.3119,,,,
full,expectimax,greedy,13,0.15,13151,True,,timeout,0,50,21633,52.6757,,,,
full,expectimax,beam,13,0.15,13151,True,,timeout,0,50,21262,46.4962,,,,
full,expectimax,astar,13,0.15,13151,True,,timeout,0,50,21262,43.0844,,,,
full,lrta,random,13,0.15,13151,True,,agent_win,1,29,0,0.1392,,,,
full,lrta,greedy,13,0.15,13151,True,,pursuer_win,0,7,0,0.0316,,,,
full,lrta,beam,13,0.15,13151,True,,pursuer_win,0,7,0,0.0399,,,,
full,lrta,astar,13,0.15,13151,True,,pursuer_win,0,7,0,0.0487,,,,
full,hill_climb,random,13,0.15,13151,True,,timeout,0,50,237,1.0241,,,,
full,hill_climb,greedy,13,0.15,13151,True,,pursuer_win,0,7,112,0.4178,,,,
full,hill_climb,beam,13,0.15,13151,True,,pursuer_win,0,7,112,0.4663,,,,
full,hill_climb,astar,13,0.15,13151,True,,pursuer_win,0,7,112,0.4412,,,,
full,beam_search,random,13,0.15,13151,True,,agent_win,1,27,730,2.8522,,,,
full,beam_search,greedy,13,0.15,13151,True,,pursuer_win,0,7,313,1.0942,,,,
full,beam_search,beam,13,0.15,13151,True,,pursuer_win,0,7,313,1.161,,,,
full,beam_search,astar,13,0.15,13151,True,,pursuer_win,0,7,313,1.2836,,,,
full,minimax,random,13,0.15,13152,False,,timeout,0,50,11287,17.85,,,,
full,minimax,greedy,13,0.15,13152,False,,timeout,0,50,7619,12.7813,,,,
full,minimax,beam,13,0.15,13152,False,,timeout,0,50,25109,39.7127,,,,
full,minimax,astar,13,0.15,13152,False,,timeout,0,50,25109,39.8159,,,,
full,alpha_beta,random,13,0.15,13152,False,,timeout,0,50,6240,11.5851,,,,
full,alpha_beta,greedy,13,0.15,13152,False,,timeout,0,50,4200,8.142,,,,
full,alpha_beta,beam,13,0.15,13152,False,,timeout,0,50,9490,17.7179,,,,
full,alpha_beta,astar,13,0.15,13152,False,,timeout,0,50,9490,17.7463,,,,
full,expectimax,random,13,0.15,13152,False,,timeout,0,50,10894,24.8269,,,,
full,expectimax,greedy,13,0.15,13152,False,,timeout,0,50,7228,16.4904,,,,
full,expectimax,beam,13,0.15,13152,False,,agent_win,1,32,12946,27.3519,,,,
full,expectimax,astar,13,0.15,13152,False,,agent_win,1,30,12302,26.447,,,,
full,lrta,random,13,0.15,13152,False,,pursuer_win,0,15,0,0.0751,,,,
full,lrta,greedy,13,0.15,13152,False,,agent_win,1,25,0,0.1089,,,,
full,lrta,beam,13,0.15,13152,False,,pursuer_win,0,9,0,0.0476,,,,
full,lrta,astar,13,0.15,13152,False,,pursuer_win,0,9,0,0.0463,,,,
full,hill_climb,random,13,0.15,13152,False,,pursuer_win,0,15,150,0.6396,,,,
full,hill_climb,greedy,13,0.15,13152,False,,pursuer_win,0,18,155,0.6316,,,,
full,hill_climb,beam,13,0.15,13152,False,,pursuer_win,0,9,117,0.5268,,,,
full,hill_climb,astar,13,0.15,13152,False,,pursuer_win,0,9,117,0.4915,,,,
full,beam_search,random,13,0.15,13152,False,,agent_win,1,23,644,2.5418,,,,
full,beam_search,greedy,13,0.15,13152,False,,agent_win,1,23,644,2.5229,,,,
full,beam_search,beam,13,0.15,13152,False,,pursuer_win,0,9,383,1.4842,,,,
full,beam_search,astar,13,0.15,13152,False,,pursuer_win,0,9,383,1.5241,,,,
full,minimax,random,13,0.15,13152,True,,timeout,0,50,13314,21.7352,,,,
full,minimax,greedy,13,0.15,13152,True,,timeout,0,50,6598,11.2714,,,,
full,minimax,beam,13,0.15,13152,True,,timeout,0,50,24183,39.0715,,,,
full,minimax,astar,13,0.15,13152,True,,timeout,0,50,24183,39.2188,,,,
full,alpha_beta,random,13,0.15,13152,True,,timeout,0,50,7248,14.0802,,,,
full,alpha_beta,greedy,13,0.15,13152,True,,timeout,0,50,3781,7.4842,,,,
full,alpha_beta,beam,13,0.15,13152,True,,timeout,0,50,9344,17.717,,,,
full,alpha_beta,astar,13,0.15,13152,True,,timeout,0,50,9344,17.7962,,,,
full,expectimax,random,13,0.15,13152,True,,timeout,0,50,12615,29.1648,,,,
full,expectimax,greedy,13,0.15,13152,True,,timeout,0,50,6275,14.8423,,,,
full,expectimax,beam,13,0.15,13152,True,,agent_win,1,29,11772,25.3078,,,,
full,expectimax,astar,13,0.15,13152,True,,agent_win,1,29,11772,24.8857,,,,
full,lrta,random,13,0.15,13152,True,,agent_win,1,25,0,0.131,,,,
full,lrta,greedy,13,0.15,13152,True,,agent_win,1,25,0,0.1213,,,,
full,lrta,beam,13,0.15,13152,True,,pursuer_win,0,9,0,0.0517,,,,
full,lrta,astar,13,0.15,13152,True,,pursuer_win,0,9,0,0.0507,,,,
full,hill_climb,random,13,0.15,13152,True,,pursuer_win,0,49,201,0.8295,,,,
full,hill_climb,greedy,13,0.15,13152,True,,pursuer_win,0,18,155,0.6296,,,,
full,hill_climb,beam,13,0.15,13152,True,,pursuer_win,0,9,117,0.5239,,,,
full,hill_climb,astar,13,0.15,13152,True,,pursuer_win,0,9,117,0.5172,,,,
full,beam_search,random,13,0.15,13152,True,,agent_win,1,23,644,2.4258,,,,
full,beam_search,greedy,13,0.15,13152,True,,agent_win,1,23,661,2.4666,,,,
full,beam_search,beam,13,0.15,13152,True,,pursuer_win,0,9,391,1.5128,,,,
full,beam_search,astar,13,0.15,13152,True,,pursuer_win,0,9,391,1.5407,,,,
full,minimax,random,13,0.15,13153,False,,agent_win,1,23,10212,16.7996,,,,
full,minimax,greedy,13,0.15,13153,False,,agent_win,1,23,10917,17.9016,,,,
full,minimax,beam,13,0.15,13153,False,,agent_win,1,23,10150,16.6407,,,,
full,minimax,astar,13,0.15,13153,False,,agent_win,1,23,10268,17.3183,,,,
full,alpha_beta,random,13,0.15,13153,False,,agent_win,1,23,4325,7.9131,,,,
full,alpha_beta,greedy,13,0.15,13153,False,,agent_win,1,23,4502,8.1779,,,,
full,alpha_beta,beam,13,0.15,13153,False,,agent_win,1,23,4510,8.3577,,,,
full,alpha_beta,astar,13,0.15,13153,False,,agent_win,1,23,4352,8.5628,,,,
full,expectimax,random,13,0.15,13153,False,,timeout,0,50,12375,26.6998,,,,
full,expectimax,greedy,13,0.15,13153,False,,agent_win,1,25,10103,21.4698,,,,
full,expectimax,beam,13,0.15,13153,False,,agent_win,1,25,9302,19.8645,,,,
full,expectimax,astar,13,0.15,13153,False,,agent_win,1,25,9302,19.8776,,,,
full,lrta,random,13,0.15,13153,False,,pursuer_win,0,9,0,0.0459,,,,
full,lrta,greedy,13,0.15,13153,False,,pursuer_win,0,7,0,0.0415,,,,
full,lrta,beam,13,0.15,13153,False,,pursuer_win,0,7,0,0.0379,,,,
full,lrta,astar,13,0.15,13153,False,,pursuer_win,0,7,0,0.0383,,,,
full,hill_climb,random,13,0.15,13153,False,,pursuer_win,0,9,54,0.229,,,,
full,hill_climb,greedy,13,0.15,13153,False,,pursuer_win,0,7,49,0.2019,,,,
full,hill_climb,beam,13,0.15,13153,False,,pursuer_win,0,7,49,0.2092,,,,
full,hill_climb,astar,13,0.15,13153,False,,pursuer_win,0,7,49,0.2067,,,,
full,beam_search,random,13,0.15,13153,False,,agent_win,1,23,610,2.3504,,,,
full,beam_search,greedy,13,0.15,13153,False,,pursuer_win,0,7,301,1.1589,,,,
full,beam_search,beam,13,0.15,13153,False,,pursuer_win,0,7,301,1.138,,,,
full,beam_search,astar,13,0.15,13153,False,,pursuer_win,0,7,301,1.1686,,,,
full,minimax,random,13,0.15,13153,True,,agent_win,1,23,9264,15.3702,,,,
full,minimax,greedy,13,0.15,13153,True,,agent_win,1,23,9938,16.8937,,,,
full,minimax,beam,13,0.15,13153,True,,agent_win,1,23,10269,19.0067,,,,
full,minimax,astar,13,0.15,13153,True,,agent_win,1,23,10595,16.9888,,,,
full,alpha_beta,random,13,0.15,13153,True,,agent_win,1,23,4199,7.8971,,,,
full,alpha_beta,greedy,13,0.15,13153,True,,agent_win,1,23,4564,8.216,,,,
full,alpha_beta,beam,13,0.15,13153,True,,agent_win,1,23,4504,8.7367,,,,
full,alpha_beta,astar,13,0.15,13153,True,,agent_win,1,23,4353,8.2711,,,,
full,expectimax,random,13,0.15,13153,True,,timeout,0,50,13094,28.0472,,,,
full,expectimax,greedy,13,0.15,13153,True,,timeout,0,50,16106,34.5587,,,,
full,expectimax,beam,13,0.15,13153,True,,timeout,0,50,17554,38.866,,,,
full,expectimax,astar,13,0.15,13153,True,,timeout,0,50,17446,38.1903,,,,
full,lrta,random,13,0.15,13153,True,,pursuer_win,0,14,0,0.0741,,,,
full,lrta,greedy,13,0.15,13153,True,,pursuer_win,0,7,0,0.0351,,,,
full,lrta,beam,13,0.15,13153,True,,pursuer_win,0,7,0,0.0415,,,,
full,lrta,astar,13,0.15,13153,True,,pursuer_win,0,7,0,0.0408,,,,
full,hill_climb,random,13,0.15,13153,True,,pursuer_win,0,19,95,0.4149,,,,
full,hill_climb,greedy,13,0.15,13153,True,,pursuer_win,0,7,49,0.2124,,,,
full,hill_climb,beam,13,0.15,13153,True,,pursuer_win,0,7,49,0.2641,,,,
full,hill_climb,astar,13,0.15,13153,True,,pursuer_win,0,7,49,0.2203,,,,
full,beam_search,random,13,0.15,13153,True,,pursuer_win,0,13,483,1.8654,,,,
full,beam_search,greedy,13,0.15,13153,True,,pursuer_win,0,7,299,1.2477,,,,
full,beam_search,beam,13,0.15,13153,True,,pursuer_win,0,7,299,1.2317,,,,
full,beam_search,astar,13,0.15,13153,True,,pursuer_win,0,7,299,1.1946,,,,
full,minimax,random,13,0.15,13154,False,,agent_win,1,23,7984,16.4684,,,,
full,minimax,greedy,13,0.15,13154,False,,agent_win,1,25,10983,17.7647,,,,
full,minimax,beam,13,0.15,13154,False,,agent_win,1,25,10877,17.4307,,,,
full,minimax,astar,13,0.15,13154,False,,agent_win,1,25,10877,19.6536,,,,
full,alpha_beta,random,13,0.15,13154,False,,agent_win,1,23,3473,6.4972,,,,
full,alpha_beta,greedy,13,0.15,13154,False,,agent_win,1,25,5066,9.2049,,,,
full,alpha_beta,beam,13,0.15,13154,False,,agent_win,1,25,5042,9.2076,,,,
full,alpha_beta,astar,13,0.15,13154,False,,agent_win,1,25,5042,9.221,,,,
full,expectimax,random,13,0.15,13154,False,,agent_win,1,23,10053,23.0836,,,,
full,expectimax,greedy,13,0.15,13154,False,,agent_win,1,25,7681,16.4452,,,,
full,expectimax,beam,13,0.15,13154,False,,timeout,0,50,20156,46.4207,,,,
full,expectimax,astar,13,0.15,13154,False,,timeout,0,50,19647,43.171,,,,
full,lrta,random,13,0.15,13154,False,,agent_win,1,23,0,0.112,,,,
full,lrta,greedy,13,0.15,13154,False,,pursuer_win,0,6,0,0.029,,,,
full,lrta,beam,13,0.15,13154,False,,pursuer_win,0,6,0,0.0338,,,,
full,lrta,astar,13,0.15,13154,False,,pursuer_win,0,6,0,0.0309,,,,
full,hill_climb,random,13,0.15,13154,False,,agent_win,1,23,300,1.2252,,,,
full,hill_climb,greedy,13,0.15,13154,False,,pursuer_win,0,6,129,0.6406,,,,
full,hill_climb,beam,13,0.15,13154,False,,pursuer_win,0,6,129,0.5334,,,,
full,hill_climb,astar,13,0.15,13154,False,,pursuer_win,0,6,129,0.5117,,,,
full,beam_search,random,13,0.15,13154,False,,agent_win,1,23,651,2.3944,,,,
full,beam_search,greedy,13,0.15,13154,False,,pursuer_win,0,6,282,1.0269,,,,
full,beam_search,beam,13,0.15,13154,False,,pursuer_win,0,6,282,1.0104,,,,
full,beam_search,astar,13,0.15,13154,False,,pursuer_win,0,6,282,1.0171,,,,
full,minimax,random,13,0.15,13154,True,,agent_win,1,23,7436,12.3014,,,,
full,minimax,greedy,13,0.15,13154,True,,agent_win,1,25,10631,17.3351,,,,
full,minimax,beam,13,0.15,13154,True,,agent_win,1,25,11408,22.3076,,,,
full,minimax,astar,13,0.15,13154,True,,agent_win,1,25,11408,18.5565,,,,
full,alpha_beta,random,13,0.15,13154,True,,agent_win,1,23,3574,6.7118,,,,
full,alpha_beta,greedy,13,0.15,13154,True,,agent_win,1,25,5023,9.5816,,,,
full,alpha_beta,beam,13,0.15,13154,True,,agent_win,1,25,5147,9.9134,,,,
full,alpha_beta,astar,13,0.15,13154,True,,agent_win,1,25,5147,10.1975,,,,
full,expectimax,random,13,0.15,13154,True,,agent_win,1,23,9527,20.4911,,,,
full,expectimax,greedy,13,0.15,13154,True,,agent_win,1,25,9723,19.893,,,,
full,expectimax,beam,13,0.15,13154,True,,agent_win,1,38,11713,25.1047,,,,
full,expectimax,astar,13,0.15,13154,True,,agent_win,1,38,11713,24.2812,,,,
full,lrta,random,13,0.15,13154,True,,agent_win,1,23,0,0.1124,,,,
full,lrta,greedy,13,0.15,13154,True,,pursuer_win,0,6,0,0.0306,,,,
full,lrta,beam,13,0.15,13154,True,,pursuer_win,0,6,0,0.0342,,,,
full,lrta,astar,13,0.15,13154,True,,pursuer_win,0,6,0,0.0336,,,,
full,hill_climb,random,13,0.15,13154,True,,agent_win,1,23,300,1.1684,,,,
full,hill_climb,greedy,13,0.15,13154,True,,pursuer_win,0,6,129,0.4955,,,,
full,hill_climb,beam,13,0.15,13154,True,,pursuer_win,0,6,129,0.5138,,,,
full,hill_climb,astar,13,0.15,13154,True,,pursuer_win,0,6,129,0.5012,,,,
full,beam_search,random,13,0.15,13154,True,,agent_win,1,23,637,2.2781,,,,
full,beam_search,greedy,13,0.15,13154,True,,pursuer_win,0,6,279,0.9847,,,,
full,beam_search,beam,13,0.15,13154,True,,pursuer_win,0,6,279,1.0275,,,,
full,beam_search,astar,13,0.15,13154,True,,pursuer_win,0,6,279,1.0019,,,,
full,minimax,random,13,0.25,13250,False,,timeout,0,50,14389,29.2828,,,,
full,minimax,greedy,13,0.25,13250,False,,timeout,0,50,10530,18.0376,,,,
full,minimax,beam,13,0.25,13250,False,,timeout,0,50,10530,17.5223,,,,
full,minimax,astar,13,0.25,13250,False,,timeout,0,50,10530,18.3142,,,,
full,alpha_beta,random,13,0.25,13250,False,,timeout,0,50,6496,11.742,,,,
full,alpha_beta,greedy,13,0.25,13250,False,,timeout,0,50,5735,10.8301,,,,
full,alpha_beta,beam,13,0.25,13250,False,,timeout,0,50,5735,11.2372,,,,
full,alpha_beta,astar,13,0.25,13250,False,,timeout,0,50,5735,11.2533,,,,
full,expectimax,random,13,0.25,13250,False,,timeout,0,50,10547,23.1251,,,,
full,expectimax,greedy,13,0.25,13250,False,,timeout,0,50,7422,16.9731,,,,
full,expectimax,beam,13,0.25,13250,False,,timeout,0,50,7422,17.0134,,,,
full,expectimax,astar,13,0.25,13250,False,,timeout,0,50,7422,16.9038,,,,
full,lrta,random,13,0.25,13250,False,,agent_win,1,23,0,0.1133,,,,
full,lrta,greedy,13,0.25,13250,False,,agent_win,1,23,0,0.0992,,,,
full,lrta,beam,13,0.25,13250,False,,agent_win,1,23,0,0.1189,,,,
full,lrta,astar,13,0.25,13250,False,,agent_win,1,23,0,0.1172,,,,
full,hill_climb,random,13,0.25,13250,False,,agent_win,1,23,300,1.2085,,,,
full,hill_climb,greedy,13,0.25,13250,False,,agent_win,1,23,300,1.1742,,,,
full,hill_climb,beam,13,0.25,13250,False,,agent_win,1,23,300,1.2183,,,,
full,hill_climb,astar,13,0.25,13250,False,,agent_win,1,23,300,1.1961,,,,
full,beam_search,random,13,0.25,13250,False,,agent_win,1,23,652,2.3114,,,,
full,beam_search,greedy,13,0.25,13250,False,,agent_win,1,23,652,2.3651,,,,
full,beam_search,beam,13,0.25,13250,False,,agent_win,1,23,652,2.3579,,,,
full,beam_search,astar,13,0.25,13250,False,,agent_win,1,23,652,2.4131,,,,
full,minimax,random,13,0.25,13250,True,,timeout,0,50,10660,19.5664,,,,
full,minimax,greedy,13,0.25,13250,True,,timeout,0,50,10628,16.9171,,,,
full,minimax,beam,13,0.25,13250,True,,timeout,0,50,10628,17.8316,,,,
full,minimax,astar,13,0.25,13250,True,,timeout,0,50,10628,17.7987,,,,
full,alpha_beta,random,13,0.25,13250,True,,timeout,0,50,5408,10.6312,,,,
full,alpha_beta,greedy,13,0.25,13250,True,,timeout,0,50,5776,11.646,,,,
full,alpha_beta,beam,13,0.25,13250,True,,timeout,0,50,5776,13.2843,,,,
full,alpha_beta,astar,13,0.25,13250,True,,timeout,0,50,5776,10.6111,,,,
full,expectimax,random,13,0.25,13250,True,,timeout,0,50,10787,23.7414,,,,
full,expectimax,greedy,13,0.25,13250,True,,timeout,0,50,9629,21.0896,,,,
full,expectimax,beam,13,0.25,13250,True,,timeout,0,50,10811,23.7465,,,,
full,expectimax,astar,13,0.25,13250,True,,timeout,0,50,10421,23.0189,,,,
full,lrta,random,13,0.25,13250,True,,agent_win,1,23,0,0.1185,,,,
full,lrta,greedy,13,0.25,13250,True,,agent_win,1,23,0,0.1077,,,,
full,lrta,beam,13,0.25,13250,True,,agent_win,1,23,0,0.1237,,,,
full,lrta,astar,13,0.25,13250,True,,agent_win,1,23,0,0.1377,,,,
full,hill_climb,random,13,0.25,13250,True,,agent_win,1,23,300,1.1895,,,,
full,hill_climb,greedy,13,0.25,13250,True,,agent_win,1,23,300,1.1695,,,,
full,hill_climb,beam,13,0.25,13250,True,,agent_win,1,23,300,1.2483,,,,
full,hill_climb,astar,13,0.25,13250,True,,agent_win,1,23,300,1.2079,,,,
full,beam_search,random,13,0.25,13250,True,,agent_win,1,23,650,2.1653,,,,
full,beam_search,greedy,13,0.25,13250,True,,agent_win,1,23,652,2.8293,,,,
full,beam_search,beam,13,0.25,13250,True,,agent_win,1,23,652,3.3814,,,,
full,beam_search,astar,13,0.25,13250,True,,agent_win,1,23,652,2.4503,,,,
full,minimax,random,13,0.25,13251,False,,timeout,0,50,18043,28.5257,,,,
full,minimax,greedy,13,0.25,13251,False,,pursuer_win,0,20,7238,11.9992,,,,
full,minimax,beam,13,0.25,13251,False,,pursuer_win,0,20,7238,15.5853,,,,
full,minimax,astar,13,0.25,13251,False,,pursuer_win,0,20,7238,11.7026,,,,
full,alpha_beta,random,13,0.25,13251,False,,timeout,0,50,9273,16.9141,,,,
full,alpha_beta,greedy,13,0.25,13251,False,,pursuer_win,0,20,3085,5.2315,,,,
full,alpha_beta,beam,13,0.25,13251,False,,pursuer_win,0,20,3085,5.4891,,,,
full,alpha_beta,astar,13,0.25,13251,False,,pursuer_win,0,20,3085,5.5657,,,,
full,expectimax,random,13,0.25,13251,False,,timeout,0,50,18048,37.6077,,,,
full,expectimax,greedy,13,0.25,13251,False,,agent_win,1,23,10236,21.6859,,,,
full,expectimax,beam,13,0.25,13251,False,,agent_win,1,23,9843,22.261,,,,
full,expectimax,astar,13,0.25,13251,False,,agent_win,1,23,9795,21.1655,,,,
full,lrta,random,13,0.25,13251,False,,pursuer_win,0,11,0,0.0591,,,,
full,lrta,greedy,13,0.25,13251,False,,pursuer_win,0,7,0,0.0334,,,,
full,lrta,beam,13,0.25,13251,False,,pursuer_win,0,7,0,0.0393,,,,
full,lrta,astar,13,0.25,13251,False,,pursuer_win,0,7,0,0.0378,,,,
full,hill_climb,random,13,0.25,13251,False,,pursuer_win,0,11,209,0.8913,,,,
full,hill_climb,greedy,13,0.25,13251,False,,pursuer_win,0,7,147,0.6072,,,,
full,hill_climb,beam,13,0.25,13251,False,,pursuer_win,0,7,147,0.6103,,,,
full,hill_climb,astar,13,0.25,13251,False,,pursuer_win,0,7,147,0.6176,,,,
full,beam_search,random,13,0.25,13251,False,,pursuer_win,0,11,429,1.6696,,,,
full,beam_search,greedy,13,0.25,13251,False,,pursuer_win,0,7,301,1.1593,,,,
full,beam_search,beam,13,0.25,13251,False,,pursuer_win,0,7,301,1.1419,,,,
full,beam_search,astar,13,0.25,13251,False,,pursuer_win,0,7,301,1.1677,,,,
full,minimax,random,13,0.25,13251,True,,timeout,0,50,16012,26.7907,,,,
full,minimax,greedy,13,0.25,13251,True,,agent_win,1,29,11399,18.7625,,,,
full,minimax,beam,13,0.25,13251,True,,pursuer_win,0,20,6817,11.5023,,,,
full,minimax,astar,13,0.25,13251,True,,pursuer_win,0,20,6817,11.4028,,,,
full,alpha_beta,random,13,0.25,13251,True,,timeout,0,50,7701,14.5433,,,,
full,alpha_beta,greedy,13,0.25,13251,True,,agent_win,1,29,4558,8.6366,,,,
full,alpha_beta,beam,13,0.25,13251,True,,pursuer_win,0,20,2909,5.5729,,,,
full,alpha_beta,astar,13,0.25,13251,True,,pursuer_win,0,20,2909,5.5527,,,,
full,expectimax,random,13,0.25,13251,True,,timeout,0,50,16017,34.7992,,,,
full,expectimax,greedy,13,0.25,13251,True,,agent_win,1,23,10028,21.6186,,,,
full,expectimax,beam,13,0.25,13251,True,,agent_win,1,23,9629,21.4794,,,,
full,expectimax,astar,13,0.25,13251,True,,agent_win,1,23,9794,21.1545,,,,
full,lrta,random,13,0.25,13251,True,,agent_win,1,23,0,0.1197,,,,
full,lrta,greedy,13,0.25,13251,True,,pursuer_win,0,7,0,0.0349,,,,
full,lrta,beam,13,0.25,13251,True,,pursuer_win,0,7,0,0.0416,,,,
full,lrta,astar,13,0.25,13251,True,,pursuer_win,0,7,0,0.0423,,,,
full,hill_climb,random,13,0.25,13251,True,,agent_win,1,23,300,1.3326,,,,
full,hill_climb,greedy,13,0.25,13251,True,,pursuer_win,0,7,147,0.5987,,,,
full,hill_climb,beam,13,0.25,13251,True,,pursuer_win,0,7,147,0.6271,,,,
full,hill_climb,astar,13,0.25,13251,True,,pursuer_win,0,7,147,0.6277,,,,
full,beam_search,random,13,0.25,13251,True,,agent_win,1,23,625,2.3651,,,,
full,beam_search,greedy,13,0.25,13251,True,,pursuer_win,0,7,302,1.1402,,,,
full,beam_search,beam,13,0.25,13251,True,,pursuer_win,0,7,302,1.1787,,,,
full,beam_search,astar,13,0.25,13251,True,,pursuer_win,0,7,302,1.2361,,,,
full,minimax,random,13,0.25,13252,False,,timeout,0,50,17577,29.8796,,,,
full,minimax,greedy,13,0.25,13252,False,,timeout,0,50,12609,20.9576,,,,
full,minimax,beam,13,0.25,13252,False,,agent_win,1,23,9192,14.1651,,,,
full,minimax,astar,13,0.25,13252,False,,timeout,0,50,18548,28.6271,,,,
full,alpha_beta,random,13,0.25,13252,False,,timeout,0,50,8180,14.7258,,,,
full,alpha_beta,greedy,13,0.25,13252,False,,timeout,0,50,5023,9.4824,,,,
full,alpha_beta,beam,13,0.25,13252,False,,agent_win,1,23,4046,7.5939,,,,
full,alpha_beta,astar,13,0.25,13252,False,,timeout,0,50,7993,15.3193,,,,
full,expectimax,random,13,0.25,13252,False,,timeout,0,50,17936,38.3466,,,,
full,expectimax,greedy,13,0.25,13252,False,,timeout,0,50,12107,26.904,,,,
full,expectimax,beam,13,0.25,13252,False,,timeout,0,50,6995,15.5135,,,,
full,expectimax,astar,13,0.25,13252,False,,timeout,0,50,17817,37.6276,,,,
full,lrta,random,13,0.25,13252,False,,agent_win,1,33,0,0.1561,,,,
full,lrta,greedy,13,0.25,13252,False,,agent_win,1,33,0,0.138,,,,
full,lrta,beam,13,0.25,13252,False,,pursuer_win,0,14,0,0.0717,,,,
full,lrta,astar,13,0.25,13252,False,,pursuer_win,0,10,0,0.0492,,,,
full,hill_climb,random,13,0.25,13252,False,,timeout,0,50,87,0.2952,,,,
full,hill_climb,greedy,13,0.25,13252,False,,timeout,0,50,87,0.2985,,,,
full,hill_climb,beam,13,0.25,13252,False,,timeout,0,50,87,0.3275,,,,
full,hill_climb,astar,13,0.25,13252,False,,pursuer_win,0,14,33,0.126,,,,
full,beam_search,random,13,0.25,13252,False,,timeout,0,50,1912,6.9527,,,,
full,beam_search,greedy,13,0.25,13252,False,,timeout,0,50,1912,6.9103,,,,
full,beam_search,beam,13,0.25,13252,False,,timeout,0,50,1912,6.9772,,,,
full,beam_search,astar,13,0.25,13252,False,,pursuer_win,0,14,544,2.0101,,,,
full,minimax,random,13,0.25,13252,True,,timeout,0,50,14665,23.9401,,,,
full,minimax,greedy,13,0.25,13252,True,,agent_win,1,23,9749,16.5427,,,,
full,minimax,beam,13,0.25,13252,True,,agent_win,1,23,9521,16.0671,,,,
full,minimax,astar,13,0.25,13252,True,,timeout,0,50,18767,31.1794,,,,
full,alpha_beta,random,13,0.25,13252,True,,timeout,0,50,6427,12.2557,,,,
full,alpha_beta,greedy,13,0.25,13252,True,,agent_win,1,23,4066,7.8988,,,,
full,alpha_beta,beam,13,0.25,13252,True,,agent_win,1,23,4154,8.0781,,,,
full,alpha_beta,astar,13,0.25,13252,True,,timeout,0,50,7916,15.2376,,,,
full,expectimax,random,13,0.25,13252,True,,timeout,0,50,14678,31.8488,,,,
full,expectimax,greedy,13,0.25,13252,True,,timeout,0,50,17426,37.3765,,,,
full,expectimax,beam,13,0.25,13252,True,,agent_win,1,29,10683,23.2165,,,,
full,expectimax,astar,13,0.25,13252,True,,pursuer_win,0,13,3488,7.6271,,,,
full,lrta,random,13,0.25,13252,True,,agent_win,1,33,0,0.1652,,,,
full,lrta,greedy,13,0.25,13252,True,,pursuer_win,0,10,0,0.0457,,,,
full,lrta,beam,13,0.25,13252,True,,pursuer_win,0,10,0,0.0846,,,,
full,lrta,astar,13,0.25,13252,True,,pursuer_win,0,10,0,0.0664,,,,
full,hill_climb,random,13,0.25,13252,True,,timeout,0,50,87,0.3308,,,,
full,hill_climb,greedy,13,0.25,13252,True,,timeout,0,50,87,0.3283,,,,
full,hill_climb,beam,13,0.25,13252,True,,timeout,0,50,87,0.3726,,,,
full,hill_climb,astar,13,0.25,13252,True,,pursuer_win,0,14,33,0.1523,,,,
full,beam_search,random,13,0.25,13252,True,,agent_win,1,25,668,2.5449,,,,
full,beam_search,greedy,13,0.25,13252,True,,pursuer_win,0,16,621,2.0898,,,,
full,beam_search,beam,13,0.25,13252,True,,pursuer_win,0,16,621,2.2824,,,,
full,beam_search,astar,13,0.25,13252,True,,pursuer_win,0,13,514,1.9589,,,,
full,minimax,random,13,0.25,13253,False,,timeout,0,50,4056,6.9378,,,,
full,minimax,greedy,13,0.25,13253,False,,timeout,0,50,4056,7.318,,,,
full,minimax,beam,13,0.25,13253,False,,timeout,0,50,4056,7.3163,,,,
full,minimax,astar,13,0.25,13253,False,,timeout,0,50,4056,7.507,,,,
full,alpha_beta,random,13,0.25,13253,False,,timeout,0,50,2459,4.8698,,,,
full,alpha_beta,greedy,13,0.25,13253,False,,timeout,0,50,2459,4.885,,,,
full,alpha_beta,beam,13,0.25,13253,False,,timeout,0,50,2459,5.1064,,,,
full,alpha_beta,astar,13,0.25,13253,False,,timeout,0,50,2459,5.004,,,,
full,expectimax,random,13,0.25,13253,False,,timeout,0,50,4056,9.9083,,,,
full,expectimax,greedy,13,0.25,13253,False,,timeout,0,50,4056,9.8493,,,,
full,expectimax,beam,13,0.25,13253,False,,timeout,0,50,4056,10.0539,,,,
full,expectimax,astar,13,0.25,13253,False,,timeout,0,50,4056,10.0653,,,,
full,lrta,random,13,0.25,13253,False,,agent_win,1,27,0,0.1233,,,,
full,lrta,greedy,13,0.25,13253,False,,agent_win,1,27,0,0.1227,,,,
full,lrta,beam,13,0.25,13253,False,,agent_win,1,27,0,0.1193,,,,
full,lrta,astar,13,0.25,13253,False,,agent_win,1,27,0,0.12,,,,
full,hill_climb,random,13,0.25,13253,False,,timeout,0,50,295,1.0375,,,,
full,hill_climb,greedy,13,0.25,13253,False,,timeout,0,50,295,1.0405,,,,
full,hill_climb,beam,13,0.25,13253,False,,timeout,0,50,295,1.104,,,,
full,hill_climb,astar,13,0.25,13253,False,,timeout,0,50,295,1.0562,,,,
full,beam_search,random,13,0.25,13253,False,,agent_win,1,27,862,3.0223,,,,
full,beam_search,greedy,13,0.25,13253,False,,agent_win,1,27,862,2.9655,,,,
full,beam_search,beam,13,0.25,13253,False,,agent_win,1,27,862,3.0041,,,,
full,beam_search,astar,13,0.25,13253,False,,agent_win,1,27,862,2.9743,,,,
full,minimax,random,13,0.25,13253,True,,timeout,0,50,8595,14.2575,,,,
full,minimax,greedy,13,0.25,13253,True,,agent_win,1,25,2887,4.9635,,,,
full,minimax,beam,13,0.25,13253,True,,agent_win,1,25,2887,5.0082,,,,
full,minimax,astar,13,0.25,13253,True,,agent_win,1,25,2887,5.0269,,,,
full,alpha_beta,random,13,0.25,13253,True,,timeout,0,50,4353,8.8841,,,,
full,alpha_beta,greedy,13,0.25,13253,True,,agent_win,1,25,1688,3.3827,,,,
full,alpha_beta,beam,13,0.25,13253,True,,agent_win,1,25,1688,3.3887,,,,
full,alpha_beta,astar,13,0.25,13253,True,,agent_win,1,25,1688,3.5452,,,,
full,expectimax,random,13,0.25,13253,True,,timeout,0,50,8595,37.7221,,,,
full,expectimax,greedy,13,0.25,13253,True,,agent_win,1,25,2887,8.7693,,,,
full,expectimax,beam,13,0.25,13253,True,,agent_win,1,25,2887,7.8503,,,,
full,expectimax,astar,13,0.25,13253,True,,agent_win,1,25,2887,7.5339,,,,
full,lrta,random,13,0.25,13253,True,,agent_win,1,27,0,0.2409,,,,
full,lrta,greedy,13,0.25,13253,True,,agent_win,1,27,0,0.211,,,,
full,lrta,beam,13,0.25,13253,True,,agent_win,1,27,0,0.2958,,,,
full,lrta,astar,13,0.25,13253,True,,agent_win,1,27,0,0.2015,,,,
full,hill_climb,random,13,0.25,13253,True,,timeout,0,50,295,1.6722,,,,
full,hill_climb,greedy,13,0.25,13253,True,,timeout,0,50,295,1.1792,,,,
full,hill_climb,beam,13,0.25,13253,True,,timeout,0,50,295,1.3089,,,,
full,hill_climb,astar,13,0.25,13253,True,,timeout,0,50,295,1.316,,,,
full,beam_search,random,13,0.25,13253,True,,agent_win,1,27,832,3.0736,,,,
full,beam_search,greedy,13,0.25,13253,True,,agent_win,1,27,828,2.9637,,,,
full,beam_search,beam,13,0.25,13253,True,,agent_win,1,27,828,2.8112,,,,
full,beam_search,astar,13,0.25,13253,True,,agent_win,1,27,828,3.0239,,,,
full,minimax,random,13,0.25,13254,False,,agent_win,1,25,8442,14.7768,,,,
full,minimax,greedy,13,0.25,13254,False,,timeout,0,50,20659,34.8937,,,,
full,minimax,beam,13,0.25,13254,False,,timeout,0,50,20297,34.1955,,,,
full,minimax,astar,13,0.25,13254,False,,agent_win,1,25,8496,15.1784,,,,
full,alpha_beta,random,13,0.25,13254,False,,agent_win,1,25,3613,7.5304,,,,
full,alpha_beta,greedy,13,0.25,13254,False,,timeout,0,50,8722,21.2965,,,,
full,alpha_beta,beam,13,0.25,13254,False,,timeout,0,50,7744,18.9192,,,,
full,alpha_beta,astar,13,0.25,13254,False,,agent_win,1,25,3646,7.5739,,,,
full,expectimax,random,13,0.25,13254,False,,agent_win,1,25,8368,24.1825,,,,
full,expectimax,greedy,13,0.25,13254,False,,agent_win,1,25,7754,22.5915,,,,
full,expectimax,beam,13,0.25,13254,False,,timeout,0,50,19079,40.6845,,,,
full,expectimax,astar,13,0.25,13254,False,,agent_win,1,25,8496,18.6079,,,,
full,lrta,random,13,0.25,13254,False,,agent_win,1,23,0,0.1723,,,,
full,lrta,greedy,13,0.25,13254,False,,pursuer_win,0,19,0,0.0802,,,,
full,lrta,beam,13,0.25,13254,False,,pursuer_win,0,17,0,0.0879,,,,
full,lrta,astar,13,0.25,13254,False,,agent_win,1,23,0,0.1238,,,,
full,hill_climb,random,13,0.25,13254,False,,agent_win,1,23,300,1.248,,,,
full,hill_climb,greedy,13,0.25,13254,False,,pursuer_win,0,19,285,1.2,,,,
full,hill_climb,beam,13,0.25,13254,False,,pursuer_win,0,17,272,1.1223,,,,
full,hill_climb,astar,13,0.25,13254,False,,agent_win,1,23,300,1.32,,,,
full,beam_search,random,13,0.25,13254,False,,agent_win,1,23,597,2.3945,,,,
full,beam_search,greedy,13,0.25,13254,False,,pursuer_win,0,19,568,2.2248,,,,
full,beam_search,beam,13,0.25,13254,False,,pursuer_win,0,17,542,2.1674,,,,
full,beam_search,astar,13,0.25,13254,False,,agent_win,1,23,597,2.3645,,,,
full,minimax,random,13,0.25,13254,True,,agent_win,1,27,8222,14.5163,,,,
full,minimax,greedy,13,0.25,13254,True,,agent_win,1,30,10318,17.5533,,,,
full,minimax,beam,13,0.25,13254,True,,agent_win,1,28,9554,17.1336,,,,
full,minimax,astar,13,0.25,13254,True,,agent_win,1,23,8467,14.5419,,,,
full,alpha_beta,random,13,0.25,13254,True,,agent_win,1,27,3480,6.9247,,,,
full,alpha_beta,greedy,13,0.25,13254,True,,agent_win,1,30,4568,8.8444,,,,
full,alpha_beta,beam,13,0.25,13254,True,,agent_win,1,28,4309,8.2485,,,,
full,alpha_beta,astar,13,0.25,13254,True,,agent_win,1,23,3466,7.1745,,,,
full,expectimax,random,13,0.25,13254,True,,agent_win,1,27,8222,18.1673,,,,
full,expectimax,greedy,13,0.25,13254,True,,agent_win,1,23,6276,14.4632,,,,
full,expectimax,beam,13,0.25,13254,True,,agent_win,1,24,7844,17.3052,,,,
full,expectimax,astar,13,0.25,13254,True,,agent_win,1,23,8467,18.9923,,,,
full,lrta,random,13,0.25,13254,True,,agent_win,1,23,0,0.1272,,,,
full,lrta,greedy,13,0.25,13254,True,,pursuer_win,0,19,0,0.0961,,,,
full,lrta,beam,13,0.25,13254,True,,pursuer_win,0,17,0,0.0996,,,,
full,lrta,astar,13,0.25,13254,True,,agent_win,1,23,0,0.1423,,,,
full,hill_climb,random,13,0.25,13254,True,,agent_win,1,23,300,1.4815,,,,
full,hill_climb,greedy,13,0.25,13254,True,,pursuer_win,0,19,285,1.4238,,,,
full,hill_climb,beam,13,0.25,13254,True,,pursuer_win,0,17,272,1.5328,,,,
full,hill_climb,astar,13,0.25,13254,True,,agent_win,1,23,300,1.3225,,,,
full,beam_search,random,13,0.25,13254,True,,agent_win,1,23,621,2.1635,,,,
full,beam_search,greedy,13,0.25,13254,True,,pursuer_win,0,19,598,2.3612,,,,
full,beam_search,beam,13,0.25,13254,True,,pursuer_win,0,17,572,2.2977,,,,
full,beam_search,astar,13,0.25,13254,True,,agent_win,1,23,625,2.2986,,,,
full,minimax,random,13,0.35,13350,False,,timeout,0,50,4040,6.9161,,,,
full,minimax,greedy,13,0.35,13350,False,,timeout,0,50,6045,10.2365,,,,
full,minimax,beam,13,0.35,13350,False,,error,0,,,,,,,AssertionError: Start is a wall
full,minimax,astar,13,0.35,13350,False,,error,0,,,,,,,AssertionError: Start is a wall
full,alpha_beta,random,13,0.35,13350,False,,timeout,0,50,2481,5.4863,,,,
full,alpha_beta,greedy,13,0.35,13350,False,,timeout,0,50,3832,7.2977,,,,
full,alpha_beta,beam,13,0.35,13350,False,,error,0,,,,,,,AssertionError: Start is a wall
full,alpha_beta,astar,13,0.35,13350,False,,error,0,,,,,,,AssertionError: Start is a wall
full,expectimax,random,13,0.35,13350,False,,timeout,0,50,4040,9.8312,,,,
full,expectimax,greedy,13,0.35,13350,False,,timeout,0,50,6045,14.4841,,,,
full,expectimax,beam,13,0.35,13350,False,,error,0,,,,,,,AssertionError: Start is a wall
full,expectimax,astar,13,0.35,13350,False,,error,0,,,,,,,AssertionError: Start is a wall
full,lrta,random,13,0.35,13350,False,,agent_win,1,39,0,0.176,,,,
full,lrta,greedy,13,0.35,13350,False,,agent_win,1,39,0,0.16,,,,
full,lrta,beam,13,0.35,13350,False,,error,0,,,,,,,AssertionError: Start is a wall
full,lrta,astar,13,0.35,13350,False,,error,0,,,,,,,AssertionError: Start is a wall
full,hill_climb,random,13,0.35,13350,False,,timeout,0,50,93,0.3098,,,,
full,hill_climb,greedy,13,0.35,13350,False,,timeout,0,50,93,0.315,,,,
full,hill_climb,beam,13,0.35,13350,False,,error,0,,,,,,,AssertionError: Start is a wall
full,hill_climb,astar,13,0.35,13350,False,,error,0,,,,,,,AssertionError: Start is a wall
full,beam_search,random,13,0.35,13350,False,,agent_win,1,31,966,3.6235,,,,
full,beam_search,greedy,13,0.35,13350,False,,agent_win,1,31,966,3.2435,,,,
full,beam_search,beam,13,0.35,13350,False,,error,0,,,,,,,AssertionError: Start is a wall
full,beam_search,astar,13,0.35,13350,False,,error,0,,,,,,,AssertionError: Start is a wall
full,minimax,random,13,0.35,13350,True,,timeout,0,50,5022,8.9914,,,,
full,minimax,greedy,13,0.35,13350,True,,timeout,0,50,7858,12.504,,,,
full,minimax,beam,13,0.35,13350,True,,error,0,,,,,,,AssertionError: Start is a wall
full,minimax,astar,13,0.35,13350,True,,error,0,,,,,,,AssertionError: Start is a wall
full,alpha_beta,random,13,0.35,13350,True,,timeout,0,50,3004,5.8956,,,,
full,alpha_beta,greedy,13,0.35,13350,True,,timeout,0,50,4227,8.3446,,,,
full,alpha_beta,beam,13,0.35,13350,True,,error,0,,,,,,,AssertionError: Start is a wall
full,alpha_beta,astar,13,0.35,13350,True,,error,0,,,,,,,AssertionError: Start is a wall
full,expectimax,random,13,0.35,13350,True,,timeout,0,50,5022,11.6046,,,,
full,expectimax,greedy,13,0.35,13350,True,,timeout,0,50,7742,17.6217,,,,
full,expectimax,beam,13,0.35,13350,True,,error,0,,,,,,,AssertionError: Start is a wall
full,expectimax,astar,13,0.35,13350,True,,error,0,,,,,,,AssertionError: Start is a wall
full,lrta,random,13,0.35,13350,True,,agent_win,1,41,0,0.2024,,,,
full,lrta,greedy,13,0.35,13350,True,,agent_win,1,35,0,0.141,,,,
full,lrta,beam,13,0.35,13350,True,,error,0,,,,,,,AssertionError: Start is a wall
full,lrta,astar,13,0.35,13350,True,,error,0,,,,,,,AssertionError: Start is a wall
full,hill_climb,random,13,0.35,13350,True,,timeout,0,50,93,0.3842,,,,
full,hill_climb,greedy,13,0.35,13350,True,,timeout,0,50,93,0.3256,,,,
full,hill_climb,beam,13,0.35,13350,True,,error,0,,,,,,,AssertionError: Start is a wall
full,hill_climb,astar,13,0.35,13350,True,,error,0,,,,,,,AssertionError: Start is a wall
full,beam_search,random,13,0.35,13350,True,,agent_win,1,31,966,3.1191,,,,
full,beam_search,greedy,13,0.35,13350,True,,agent_win,1,27,991,3.2777,,,,
full,beam_search,beam,13,0.35,13350,True,,error,0,,,,,,,AssertionError: Start is a wall
full,beam_search,astar,13,0.35,13350,True,,error,0,,,,,,,AssertionError: Start is a wall
full,minimax,random,13,0.35,13351,False,,timeout,0,50,9175,17.3626,,,,
full,minimax,greedy,13,0.35,13351,False,,agent_win,1,34,5681,15.5392,,,,
full,minimax,beam,13,0.35,13351,False,,pursuer_win,0,8,1908,4.1065,,,,
full,minimax,astar,13,0.35,13351,False,,pursuer_win,0,8,1908,3.361,,,,
full,alpha_beta,random,13,0.35,13351,False,,timeout,0,50,5308,10.6377,,,,
full,alpha_beta,greedy,13,0.35,13351,False,,agent_win,1,34,2676,5.2101,,,,
full,alpha_beta,beam,13,0.35,13351,False,,pursuer_win,0,8,945,2.0718,,,,
full,alpha_beta,astar,13,0.35,13351,False,,pursuer_win,0,8,945,1.9414,,,,
full,expectimax,random,13,0.35,13351,False,,timeout,0,50,7352,16.3708,,,,
full,expectimax,greedy,13,0.35,13351,False,,pursuer_win,0,17,2849,6.7092,,,,
full,expectimax,beam,13,0.35,13351,False,,pursuer_win,0,17,2849,6.4438,,,,
full,expectimax,astar,13,0.35,13351,False,,pursuer_win,0,17,2849,6.5774,,,,
full,lrta,random,13,0.35,13351,False,,pursuer_win,0,11,0,0.0546,,,,
full,lrta,greedy,13,0.35,13351,False,,pursuer_win,0,8,0,0.0347,,,,
full,lrta,beam,13,0.35,13351,False,,pursuer_win,0,7,0,0.0365,,,,
full,lrta,astar,13,0.35,13351,False,,pursuer_win,0,7,0,0.035,,,,
full,hill_climb,random,13,0.35,13351,False,,pursuer_win,0,11,110,0.4396,,,,
full,hill_climb,greedy,13,0.35,13351,False,,pursuer_win,0,8,92,0.3516,,,,
full,hill_climb,beam,13,0.35,13351,False,,pursuer_win,0,7,84,0.3325,,,,
full,hill_climb,astar,13,0.35,13351,False,,pursuer_win,0,7,84,0.3353,,,,
full,beam_search,random,13,0.35,13351,False,,pursuer_win,0,11,453,1.6656,,,,
full,beam_search,greedy,13,0.35,13351,False,,pursuer_win,0,8,360,1.2726,,,,
full,beam_search,beam,13,0.35,13351,False,,pursuer_win,0,7,323,1.111,,,,
full,beam_search,astar,13,0.35,13351,False,,pursuer_win,0,7,323,1.1,,,,
full,minimax,random,13,0.35,13351,True,,timeout,0,50,7474,13.0175,,,,
full,minimax,greedy,13,0.35,13351,True,,pursuer_win,0,17,3525,5.9681,,,,
full,minimax,beam,13,0.35,13351,True,,pursuer_win,0,8,1908,3.2358,,,,
full,minimax,astar,13,0.35,13351,True,,pursuer_win,0,8,1908,3.2744,,,,
full,alpha_beta,random,13,0.35,13351,True,,timeout,0,50,4526,8.8156,,,,
full,alpha_beta,greedy,13,0.35,13351,True,,pursuer_win,0,17,1665,3.1784,,,,
full,alpha_beta,beam,13,0.35,13351,True,,pursuer_win,0,8,945,1.8832,,,,
full,alpha_beta,astar,13,0.35,13351,True,,pursuer_win,0,8,945,1.9393,,,,
full,expectimax,random,13,0.35,13351,True,,timeout,0,50,7133,16.0388,,,,
full,expectimax,greedy,13,0.35,13351,True,,pursuer_win,0,17,2844,6.5317,,,,
full,expectimax,beam,13,0.35,13351,True,,pursuer_win,0,17,2844,6.3782,,,,
full,expectimax,astar,13,0.35,13351,True,,pursuer_win,0,17,2844,6.7608,,,,
full,lrta,random,13,0.35,13351,True,,pursuer_win,0,9,0,0.0437,,,,
full,lrta,greedy,13,0.35,13351,True,,pursuer_win,0,8,0,0.0361,,,,
full,lrta,beam,13,0.35,13351,True,,pursuer_win,0,7,0,0.0369,,,,
full,lrta,astar,13,0.35,13351,True,,pursuer_win,0,7,0,0.0377,,,,
full,hill_climb,random,13,0.35,13351,True,,pursuer_win,0,9,99,0.3606,,,,
full,hill_climb,greedy,13,0.35,13351,True,,pursuer_win,0,8,92,0.3249,,,,
full,hill_climb,beam,13,0.35,13351,True,,pursuer_win,0,7,84,0.3135,,,,
full,hill_climb,astar,13,0.35,13351,True,,pursuer_win,0,7,84,0.3192,,,,
full,beam_search,random,13,0.35,13351,True,,pursuer_win,0,9,429,1.3268,,,,
full,beam_search,greedy,13,0.35,13351,True,,pursuer_win,0,8,360,1.0976,,,,
full,beam_search,beam,13,0.35,13351,True,,pursuer_win,0,7,323,1.0413,,,,
full,beam_search,astar,13,0.35,13351,True,,pursuer_win,0,7,323,1.073,,,,
full,minimax,random,13,0.35,13352,False,,timeout,0,50,3492,5.6813,,,,
full,minimax,greedy,13,0.35,13352,False,,timeout,0,50,5835,9.8933,,,,
full,minimax,beam,13,0.35,13352,False,,error,0,,,,,,,AssertionError: Start is a wall
full,minimax,astar,13,0.35,13352,False,,error,0,,,,,,,AssertionError: Start is a wall
full,alpha_beta,random,13,0.35,13352,False,,timeout,0,50,2022,3.9726,,,,
full,alpha_beta,greedy,13,0.35,13352,False,,timeout,0,50,3497,6.5685,,,,
full,alpha_beta,beam,13,0.35,13352,False,,error,0,,,,,,,AssertionError: Start is a wall
full,alpha_beta,astar,13,0.35,13352,False,,error,0,,,,,,,AssertionError: Start is a wall
full,expectimax,random,13,0.35,13352,False,,timeout,0,50,3492,8.6861,,,,
full,expectimax,greedy,13,0.35,13352,False,,timeout,0,50,13296,29.6436,,,,
full,expectimax,beam,13,0.35,13352,False,,error,0,,,,,,,AssertionError: Start is a wall
full,expectimax,astar,13,0.35,13352,False,,error,0,,,,,,,AssertionError: Start is a wall
full,lrta,random,13,0.35,13352,False,,timeout,0,50,0,0.2299,,,,
full,lrta,greedy,13,0.35,13352,False,,timeout,0,50,0,0.1947,,,,
full,lrta,beam,13,0.35,13352,False,,error,0,,,,,,,AssertionError: Start is a wall
full,lrta,astar,13,0.35,13352,False,,error,0,,,,,,,AssertionError: Start is a wall
full,hill_climb,random,13,0.35,13352,False,,timeout,0,50,107,0.3726,,,,
full,hill_climb,greedy,13,0.35,13352,False,,timeout,0,50,107,0.3499,,,,
full,hill_climb,beam,13,0.35,13352,False,,error,0,,,,,,,AssertionError: Start is a wall
full,hill_climb,astar,13,0.35,13352,False,,error,0,,,,,,,AssertionError: Start is a wall
full,beam_search,random,13,0.35,13352,False,,timeout,0,50,1859,6.6051,,,,
full,beam_search,greedy,13,0.35,13352,False,,timeout,0,50,1859,6.5087,,,,
full,beam_search,beam,13,0.35,13352,False,,error,0,,,,,,,AssertionError: Start is a wall
full,beam_search,astar,13,0.35,13352,False,,error,0,,,,,,,AssertionError: Start is a wall
full,minimax,random,13,0.35,13352,True,,timeout,0,50,10023,17.0904,,,,
full,minimax,greedy,13,0.35,13352,True,,timeout,0,50,7169,12.3597,,,,
full,minimax,beam,13,0.35,13352,True,,error,0,,,,,,,AssertionError: Start is a wall
full,minimax,astar,13,0.35,13352,True,,error,0,,,,,,,AssertionError: Start is a wall
full,alpha_beta,random,13,0.35,13352,True,,timeout,0,50,4694,9.2083,,,,
full,alpha_beta,greedy,13,0.35,13352,True,,timeout,0,50,4170,8.3471,,,,
full,alpha_beta,beam,13,0.35,13352,True,,error,0,,,,,,,AssertionError: Start is a wall
full,alpha_beta,astar,13,0.35,13352,True,,error,0,,,,,,,AssertionError: Start is a wall
full,expectimax,random,13,0.35,13352,True,,timeout,0,50,10023,22.8656,,,,
full,expectimax,greedy,13,0.35,13352,True,,timeout,0,50,13142,28.6937,,,,
full,expectimax,beam,13,0.35,13352,True,,error,0,,,,,,,AssertionError: Start is a wall
full,expectimax,astar,13,0.35,13352,True,,error,0,,,,,,,AssertionError: Start is a wall
full,lrta,random,13,0.35,13352,True,,timeout,0,50,0,0.2105,,,,
full,lrta,greedy,13,0.35,13352,True,,timeout,0,50,0,0.223,,,,
full,lrta,beam,13,0.35,13352,True,,error,0,,,,,,,AssertionError: Start is a wall
full,lrta,astar,13,0.35,13352,True,,error,0,,,,,,,AssertionError: Start is a wall
full,hill_climb,random,13,0.35,13352,True,,timeout,0,50,131,0.4905,,,,
full,hill_climb,greedy,13,0.35,13352,True,,timeout,0,50,107,0.3759,,,,
full,hill_climb,beam,13,0.35,13352,True,,error,0,,,,,,,AssertionError: Start is a wall
full,hill_climb,astar,13,0.35,13352,True,,error,0,,,,,,,AssertionError: Start is a wall
full,beam_search,random,13,0.35,13352,True,,agent_win,1,39,1289,4.5837,,,,
full,beam_search,greedy,13,0.35,13352,True,,timeout,0,50,1871,6.5501,,,,
full,beam_search,beam,13,0.35,13352,True,,error,0,,,,,,,AssertionError: Start is a wall
full,beam_search,astar,13,0.35,13352,True,,error,0,,,,,,,AssertionError: Start is a wall
full,minimax,random,13,0.35,13353,False,,timeout,0,50,11244,19.9801,,,,
full,minimax,greedy,13,0.35,13353,False,,timeout,0,50,6239,11.1107,,,,
full,minimax,beam,13,0.35,13353,False,,agent_win,1,23,6442,10.9461,,,,
full,minimax,astar,13,0.35,13353,False,,pursuer_win,0,17,4340,7.606,,,,
full,alpha_beta,random,13,0.35,13353,False,,timeout,0,50,5961,13.4765,,,,
full,alpha_beta,greedy,13,0.35,13353,False,,timeout,0,50,3714,7.4392,,,,
full,alpha_beta,beam,13,0.35,13353,False,,agent_win,1,23,3080,6.0667,,,,
full,alpha_beta,astar,13,0.35,13353,False,,pursuer_win,0,17,2072,4.0646,,,,
full,expectimax,random,13,0.35,13353,False,,timeout,0,50,8485,18.7344,,,,
full,expectimax,greedy,13,0.35,13353,False,,timeout,0,50,4276,9.6164,,,,
full,expectimax,beam,13,0.35,13353,False,,pursuer_win,0,26,4909,10.8571,,,,
full,expectimax,astar,13,0.35,13353,False,,pursuer_win,0,22,4919,10.604,,,,
full,lrta,random,13,0.35,13353,False,,agent_win,1,33,0,0.1416,,,,
full,lrta,greedy,13,0.35,13353,False,,agent_win,1,33,0,0.1336,,,,
full,lrta,beam,13,0.35,13353,False,,pursuer_win,0,17,0,0.0798,,,,
full,lrta,astar,13,0.35,13353,False,,pursuer_win,0,11,0,0.0519,,,,
full,hill_climb,random,13,0.35,13353,False,,timeout,0,50,87,0.2926,,,,
full,hill_climb,greedy,13,0.35,13353,False,,timeout,0,50,87,0.2901,,,,
full,hill_climb,beam,13,0.35,13353,False,,timeout,0,50,87,0.3175,,,,
full,hill_climb,astar,13,0.35,13353,False,,pursuer_win,0,16,36,0.1349,,,,
full,beam_search,random,13,0.35,13353,False,,agent_win,1,27,919,3.1061,,,,
full,beam_search,greedy,13,0.35,13353,False,,agent_win,1,27,919,3.1012,,,,
full,beam_search,beam,13,0.35,13353,False,,agent_win,1,27,919,3.17,,,,
full,beam_search,astar,13,0.35,13353,False,,pursuer_win,0,10,519,1.7938,,,,
full,minimax,random,13,0.35,13353,True,,timeout,0,50,9293,15.1736,,,,
full,minimax,greedy,13,0.35,13353,True,,timeout,0,50,7023,11.6011,,,,
full,minimax,beam,13,0.35,13353,True,,agent_win,1,23,5851,9.9716,,,,
full,minimax,astar,13,0.35,13353,True,,pursuer_win,0,17,4135,7.226,,,,
full,alpha_beta,random,13,0.35,13353,True,,timeout,0,50,5196,10.2792,,,,
full,alpha_beta,greedy,13,0.35,13353,True,,timeout,0,50,4129,8.0334,,,,
full,alpha_beta,beam,13,0.35,13353,True,,agent_win,1,23,3023,6.3895,,,,
full,alpha_beta,astar,13,0.35,13353,True,,pursuer_win,0,17,1976,3.8808,,,,
full,expectimax,random,13,0.35,13353,True,,timeout,0,50,8242,18.402,,,,
full,expectimax,greedy,13,0.35,13353,True,,timeout,0,50,6059,14.0819,,,,
full,expectimax,beam,13,0.35,13353,True,,pursuer_win,0,33,7472,16.9964,,,,
full,expectimax,astar,13,0.35,13353,True,,pursuer_win,0,29,7379,16.4502,,,,
full,lrta,random,13,0.35,13353,True,,agent_win,1,29,0,0.1392,,,,
full,lrta,greedy,13,0.35,13353,True,,agent_win,1,31,0,0.1445,,,,
full,lrta,beam,13,0.35,13353,True,,pursuer_win,0,14,0,0.0771,,,,
full,lrta,astar,13,0.35,13353,True,,pursuer_win,0,11,0,0.06,,,,
full,hill_climb,random,13,0.35,13353,True,,timeout,0,50,88,0.3496,,,,
full,hill_climb,greedy,13,0.35,13353,True,,timeout,0,50,88,0.3221,,,,
full,hill_climb,beam,13,0.35,13353,True,,pursuer_win,0,22,45,0.1886,,,,
full,hill_climb,astar,13,0.35,13353,True,,pursuer_win,0,16,36,0.1543,,,,
full,beam_search,random,13,0.35,13353,True,,agent_win,1,23,781,2.7835,,,,
full,beam_search,greedy,13,0.35,13353,True,,agent_win,1,27,919,3.118,,,,
full,beam_search,beam,13,0.35,13353,True,,agent_win,1,27,919,3.0487,,,,
full,beam_search,astar,13,0.35,13353,True,,pursuer_win,0,10,519,1.7154,,,,
full,minimax,random,13,0.35,13354,False,,timeout,0,50,12461,20.7565,,,,
full,minimax,greedy,13,0.35,13354,False,,timeout,0,50,21141,34.6022,,,,
full,minimax,beam,13,0.35,13354,False,,timeout,0,50,21141,35.8501,,,,
full,minimax,astar,13,0.35,13354,False,,timeout,0,50,21141,34.8298,,,,
full,alpha_beta,random,13,0.35,13354,False,,timeout,0,50,6193,12.6663,,,,
full,alpha_beta,greedy,13,0.35,13354,False,,timeout,0,50,10391,19.8533,,,,
full,alpha_beta,beam,13,0.35,13354,False,,timeout,0,50,10391,18.8051,,,,
full,alpha_beta,astar,13,0.35,13354,False,,timeout,0,50,10391,19.9791,,,,
full,expectimax,random,13,0.35,13354,False,,timeout,0,50,11641,25.6315,,,,
full,expectimax,greedy,13,0.35,13354,False,,timeout,0,50,18329,39.359,,,,
full,expectimax,beam,13,0.35,13354,False,,pursuer_win,0,19,4672,10.3222,,,,
full,expectimax,astar,13,0.35,13354,False,,pursuer_win,0,19,4672,10.4624,,,,
full,lrta,random,13,0.35,13354,False,,pursuer_win,0,15,0,0.0761,,,,
full,lrta,greedy,13,0.35,13354,False,,pursuer_win,0,7,0,0.0334,,,,
full,lrta,beam,13,0.35,13354,False,,pursuer_win,0,7,0,0.0484,,,,
full,lrta,astar,13,0.35,13354,False,,pursuer_win,0,7,0,0.036,,,,
full,hill_climb,random,13,0.35,13354,False,,pursuer_win,0,16,108,0.4708,,,,
full,hill_climb,greedy,13,0.35,13354,False,,pursuer_win,0,7,77,0.3201,,,,
full,hill_climb,beam,13,0.35,13354,False,,pursuer_win,0,7,77,0.326,,,,
full,hill_climb,astar,13,0.35,13354,False,,pursuer_win,0,7,77,0.3291,,,,
full,beam_search,random,13,0.35,13354,False,,pursuer_win,0,14,337,1.178,,,,
full,beam_search,greedy,13,0.35,13354,False,,pursuer_win,0,7,190,0.9124,,,,
full,beam_search,beam,13,0.35,13354,False,,pursuer_win,0,7,190,0.7458,,,,
full,beam_search,astar,13,0.35,13354,False,,pursuer_win,0,7,190,0.6623,,,,
full,minimax,random,13,0.35,13354,True,,timeout,0,50,9863,16.4233,,,,
full,minimax,greedy,13,0.35,13354,True,,pursuer_win,0,24,6647,10.7238,,,,
full,minimax,beam,13,0.35,13354,True,,pursuer_win,0,10,3222,5.3853,,,,
full,minimax,astar,13,0.35,13354,True,,pursuer_win,0,10,3222,5.3528,,,,
full,alpha_beta,random,13,0.35,13354,True,,timeout,0,50,5322,10.2137,,,,
full,alpha_beta,greedy,13,0.35,13354,True,,pursuer_win,0,24,3338,6.2676,,,,
full,alpha_beta,beam,13,0.35,13354,True,,pursuer_win,0,10,1500,2.8709,,,,
full,alpha_beta,astar,13,0.35,13354,True,,pursuer_win,0,10,1500,2.8767,,,,
full,expectimax,random,13,0.35,13354,True,,timeout,0,50,8517,18.9503,,,,
full,expectimax,greedy,13,0.35,13354,True,,timeout,0,50,7340,16.2527,,,,
full,expectimax,beam,13,0.35,13354,True,,pursuer_win,0,25,5545,12.1909,,,,
full,expectimax,astar,13,0.35,13354,True,,pursuer_win,0,25,5545,12.2639,,,,
full,lrta,random,13,0.35,13354,True,,agent_win,1,25,0,0.1234,,,,
full,lrta,greedy,13,0.35,13354,True,,pursuer_win,0,7,0,0.0339,,,,
full,lrta,beam,13,0.35,13354,True,,pursuer_win,0,7,0,0.0396,,,,
full,lrta,astar,13,0.35,13354,True,,pursuer_win,0,7,0,0.0416,,,,
full,hill_climb,random,13,0.35,13354,True,,timeout,0,50,207,0.7917,,,,
full,hill_climb,greedy,13,0.35,13354,True,,pursuer_win,0,7,77,0.3219,,,,
full,hill_climb,beam,13,0.35,13354,True,,pursuer_win,0,7,77,0.3327,,,,
full,hill_climb,astar,13,0.35,13354,True,,pursuer_win,0,7,77,0.33,,,,
full,beam_search,random,13,0.35,13354,True,,agent_win,1,25,535,1.8296,,,,
full,beam_search,greedy,13,0.35,13354,True,,pursuer_win,0,7,194,0.679,,,,
full,beam_search,beam,13,0.35,13354,True,,pursuer_win,0,7,194,0.7008,,,,
full,beam_search,astar,13,0.35,13354,True,,pursuer_win,0,7,194,0.7083,,,,
full,minimax,random,17,0.15,17150,False,,agent_win,1,31,14379,23.0487,,,,
full,minimax,greedy,17,0.15,17150,False,,agent_win,1,31,12489,26.4254,,,,
full,minimax,beam,17,0.15,17150,False,,agent_win,1,31,12986,22.0637,,,,
full,minimax,astar,17,0.15,17150,False,,agent_win,1,31,12993,22.1136,,,,
full,alpha_beta,random,17,0.15,17150,False,,agent_win,1,31,6367,12.152,,,,
full,alpha_beta,greedy,17,0.15,17150,False,,agent_win,1,31,5774,11.4036,,,,
full,alpha_beta,beam,17,0.15,17150,False,,agent_win,1,31,5747,11.1511,,,,
full,alpha_beta,astar,17,0.15,17150,False,,agent_win,1,31,5756,10.3551,,,,
full,expectimax,random,17,0.15,17150,False,,agent_win,1,32,15281,31.9894,,,,
full,expectimax,greedy,17,0.15,17150,False,,agent_win,1,33,14197,30.6753,,,,
full,expectimax,beam,17,0.15,17150,False,,agent_win,1,37,15678,37.4573,,,,
full,expectimax,astar,17,0.15,17150,False,,agent_win,1,37,15678,34.6002,,,,
full,lrta,random,17,0.15,17150,False,,pursuer_win,0,16,0,0.0821,,,,
full,lrta,greedy,17,0.15,17150,False,,pursuer_win,0,10,0,0.0456,,,,
full,lrta,beam,17,0.15,17150,False,,pursuer_win,0,10,0,0.0537,,,,
full,lrta,astar,17,0.15,17150,False,,pursuer_win,0,10,0,0.0526,,,,
full,hill_climb,random,17,0.15,17150,False,,pursuer_win,0,16,360,1.4307,,,,
full,hill_climb,greedy,17,0.15,17150,False,,pursuer_win,0,10,255,0.9915,,,,
full,hill_climb,beam,17,0.15,17150,False,,pursuer_win,0,10,255,1.1076,,,,
full,hill_climb,astar,17,0.15,17150,False,,pursuer_win,0,10,255,1.0486,,,,
full,beam_search,random,17,0.15,17150,False,,pursuer_win,0,16,992,3.7138,,,,
full,beam_search,greedy,17,0.15,17150,False,,pursuer_win,0,10,690,2.6745,,,,
full,beam_search,beam,17,0.15,17150,False,,pursuer_win,0,10,690,2.4633,,,,
full,beam_search,astar,17,0.15,17150,False,,pursuer_win,0,10,690,2.4968,,,,
full,minimax,random,17,0.15,17150,True,,agent_win,1,31,15665,25.968,,,,
full,minimax,greedy,17,0.15,17150,True,,agent_win,1,31,13866,23.5874,,,,
full,minimax,beam,17,0.15,17150,True,,agent_win,1,31,13762,22.7583,,,,
full,minimax,astar,17,0.15,17150,True,,agent_win,1,31,13464,21.3128,,,,
full,alpha_beta,random,17,0.15,17150,True,,agent_win,1,31,6884,12.3467,,,,
full,alpha_beta,greedy,17,0.15,17150,True,,agent_win,1,31,6101,11.4083,,,,
full,alpha_beta,beam,17,0.15,17150,True,,agent_win,1,31,6014,11.4783,,,,
full,alpha_beta,astar,17,0.15,17150,True,,agent_win,1,31,5954,12.3088,,,,
full,expectimax,random,17,0.15,17150,True,,agent_win,1,35,17150,36.4776,,,,
full,expectimax,greedy,17,0.15,17150,True,,agent_win,1,33,15045,33.2513,,,,
full,expectimax,beam,17,0.15,17150,True,,agent_win,1,38,16933,36.5022,,,,
full,expectimax,astar,17,0.15,17150,True,,agent_win,1,38,16933,37.0509,,,,
full,lrta,random,17,0.15,17150,True,,pursuer_win,0,11,0,0.0573,,,,
full,lrta,greedy,17,0.15,17150,True,,pursuer_win,0,10,0,0.0481,,,,
full,lrta,beam,17,0.15,17150,True,,pursuer_win,0,10,0,0.0591,,,,
full,lrta,astar,17,0.15,17150,True,,pursuer_win,0,10,0,0.0688,,,,
full,hill_climb,random,17,0.15,17150,True,,pursuer_win,0,11,275,1.068,,,,
full,hill_climb,greedy,17,0.15,17150,True,,pursuer_win,0,10,255,0.9244,,,,
full,hill_climb,beam,17,0.15,17150,True,,pursuer_win,0,10,255,0.9681,,,,
full,hill_climb,astar,17,0.15,17150,True,,pursuer_win,0,10,255,0.9588,,,,
full,beam_search,random,17,0.15,17150,True,,pursuer_win,0,11,752,2.4945,,,,
full,beam_search,greedy,17,0.15,17150,True,,pursuer_win,0,10,690,2.28,,,,
full,beam_search,beam,17,0.15,17150,True,,pursuer_win,0,10,690,2.406,,,,
full,beam_search,astar,17,0.15,17150,True,,pursuer_win,0,10,690,2.4342,,,,
full,minimax,random,17,0.15,17151,False,,timeout,0,50,16649,27.0706,,,,
full,minimax,greedy,17,0.15,17151,False,,timeout,0,50,9363,15.9411,,,,
full,minimax,beam,17,0.15,17151,False,,timeout,0,50,18933,30.6493,,,,
full,minimax,astar,17,0.15,17151,False,,timeout,0,50,18933,31.253,,,,
full,alpha_beta,random,17,0.15,17151,False,,timeout,0,50,8291,16.1911,,,,
full,alpha_beta,greedy,17,0.15,17151,False,,timeout,0,50,5218,10.2355,,,,
full,alpha_beta,beam,17,0.15,17151,False,,timeout,0,50,8136,15.5193,,,,
full,alpha_beta,astar,17,0.15,17151,False,,timeout,0,50,8136,15.4848,,,,
full,expectimax,random,17,0.15,17151,False,,timeout,0,50,16649,35.5336,,,,
full,expectimax,greedy,17,0.15,17151,False,,timeout,0,50,9363,22.2213,,,,
full,expectimax,beam,17,0.15,17151,False,,timeout,0,50,20658,45.1767,,,,
full,expectimax,astar,17,0.15,17151,False,,timeout,0,50,20658,42.4454,,,,
full,lrta,random,17,0.15,17151,False,,pursuer_win,0,17,0,0.0797,,,,
full,lrta,greedy,17,0.15,17151,False,,agent_win,1,37,0,0.1576,,,,
full,lrta,beam,17,0.15,17151,False,,pursuer_win,0,11,0,0.0578,,,,
full,lrta,astar,17,0.15,17151,False,,pursuer_win,0,11,0,0.0577,,,,
full,hill_climb,random,17,0.15,17151,False,,pursuer_win,0,17,323,1.2692,,,,
full,hill_climb,greedy,17,0.15,17151,False,,timeout,0,50,413,1.6962,,,,
full,hill_climb,beam,17,0.15,17151,False,,pursuer_win,0,11,242,1.0004,,,,
full,hill_climb,astar,17,0.15,17151,False,,pursuer_win,0,11,242,0.9582,,,,
full,beam_search,random,17,0.15,17151,False,,pursuer_win,0,17,1041,3.8535,,,,
full,beam_search,greedy,17,0.15,17151,False,,agent_win,1,35,1446,5.4058,,,,
full,beam_search,beam,17,0.15,17151,False,,pursuer_win,0,11,747,2.7464,,,,
full,beam_search,astar,17,0.15,17151,False,,pursuer_win,0,11,747,2.7471,,,,
full,minimax,random,17,0.15,17151,True,,timeout,0,50,19211,31.031,,,,
full,minimax,greedy,17,0.15,17151,True,,timeout,0,50,9343,15.8487,,,,
full,minimax,beam,17,0.15,17151,True,,timeout,0,50,18541,31.4928,,,,
full,minimax,astar,17,0.15,17151,True,,timeout,0,50,18541,29.4263,,,,
full,alpha_beta,random,17,0.15,17151,True,,timeout,0,50,9208,17.9377,,,,
full,alpha_beta,greedy,17,0.15,17151,True,,timeout,0,50,5138,10.19,,,,
full,alpha_beta,beam,17,0.15,17151,True,,timeout,0,50,8036,15.9587,,,,
full,alpha_beta,astar,17,0.15,17151,True,,timeout,0,50,8036,15.3986,,,,
full,expectimax,random,17,0.15,17151,True,,timeout,0,50,19211,39.8338,,,,
full,expectimax,greedy,17,0.15,17151,True,,timeout,0,50,9343,20.987,,,,
full,expectimax,beam,17,0.15,17151,True,,timeout,0,50,20795,45.0334,,,,
full,expectimax,astar,17,0.15,17151,True,,timeout,0,50,20795,45.013,,,,
full,lrta,random,17,0.15,17151,True,,pursuer_win,0,20,0,0.1084,,,,
full,lrta,greedy,17,0.15,17151,True,,agent_win,1,39,0,0.2049,,,,
full,lrta,beam,17,0.15,17151,True,,pursuer_win,0,11,0,0.0676,,,,
full,lrta,astar,17,0.15,17151,True,,pursuer_win,0,11,0,0.0594,,,,
full,hill_climb,random,17,0.15,17151,True,,pursuer_win,0,20,350,1.3698,,,,
full,hill_climb,greedy,17,0.15,17151,True,,timeout,0,50,413,1.47,,,,
full,hill_climb,beam,17,0.15,17151,True,,pursuer_win,0,11,242,0.9204,,,,
full,hill_climb,astar,17,0.15,17151,True,,pursuer_win,0,11,242,0.9865,,,,
full,beam_search,random,17,0.15,17151,True,,pursuer_win,0,20,1172,4.4647,,,,
full,beam_search,greedy,17,0.15,17151,True,,agent_win,1,35,1484,5.2814,,,,
full,beam_search,beam,17,0.15,17151,True,,pursuer_win,0,11,759,2.7638,,,,
full,beam_search,astar,17,0.15,17151,True,,pursuer_win,0,11,759,2.784,,,,
full,minimax,random,17,0.15,17152,False,,timeout,0,50,10873,17.642,,,,
full,minimax,greedy,17,0.15,17152,False,,timeout,0,50,22022,33.5101,,,,
full,minimax,beam,17,0.15,17152,False,,timeout,0,50,22022,35.0327,,,,
full,minimax,astar,17,0.15,17152,False,,timeout,0,50,16119,26.529,,,,
full,alpha_beta,random,17,0.15,17152,False,,timeout,0,50,5178,10.3889,,,,
full,alpha_beta,greedy,17,0.15,17152,False,,timeout,0,50,9340,17.6934,,,,
full,alpha_beta,beam,17,0.15,17152,False,,timeout,0,50,9340,17.7748,,,,
full,alpha_beta,astar,17,0.15,17152,False,,timeout,0,50,6804,13.274,,,,
full,expectimax,random,17,0.15,17152,False,,timeout,0,50,10873,24.6013,,,,
full,expectimax,greedy,17,0.15,17152,False,,timeout,0,50,15085,32.4364,,,,
full,expectimax,beam,17,0.15,17152,False,,timeout,0,50,17550,38.2662,,,,
full,expectimax,astar,17,0.15,17152,False,,timeout,0,50,17550,38.4895,,,,
full,lrta,random,17,0.15,17152,False,,agent_win,1,35,0,0.1702,,,,
full,lrta,greedy,17,0.15,17152,False,,pursuer_win,0,10,0,0.0462,,,,
full,lrta,beam,17,0.15,17152,False,,pursuer_win,0,9,0,0.0491,,,,
full,lrta,astar,17,0.15,17152,False,,pursuer_win,0,9,0,0.0475,,,,
full,hill_climb,random,17,0.15,17152,False,,timeout,0,50,339,1.3567,,,,
full,hill_climb,greedy,17,0.15,17152,False,,pursuer_win,0,10,195,0.7931,,,,
full,hill_climb,beam,17,0.15,17152,False,,pursuer_win,0,9,180,0.738,,,,
full,hill_climb,astar,17,0.15,17152,False,,pursuer_win,0,9,180,0.7394,,,,
full,beam_search,random,17,0.15,17152,False,,agent_win,1,35,1357,5.2749,,,,
full,beam_search,greedy,17,0.15,17152,False,,pursuer_win,0,10,639,2.4509,,,,
full,beam_search,beam,17,0.15,17152,False,,pursuer_win,0,9,584,2.1355,,,,
full,beam_search,astar,17,0.15,17152,False,,pursuer_win,0,9,584,2.258,,,,
full,minimax,random,17,0.15,17152,True,,timeout,0,50,9003,15.5353,,,,
full,minimax,greedy,17,0.15,17152,True,,timeout,0,50,18071,30.2781,,,,
full,minimax,beam,17,0.15,17152,True,,timeout,0,50,14336,22.6991,,,,
full,minimax,astar,17,0.15,17152,True,,timeout,0,50,14336,22.2687,,,,
full,alpha_beta,random,17,0.15,17152,True,,timeout,0,50,3766,7.2938,,,,
full,alpha_beta,greedy,17,0.15,17152,True,,timeout,0,50,7741,14.5393,,,,
full,alpha_beta,beam,17,0.15,17152,True,,timeout,0,50,6062,11.6323,,,,
full,alpha_beta,astar,17,0.15,17152,True,,timeout,0,50,6062,11.6526,,,,
full,expectimax,random,17,0.15,17152,True,,timeout,0,50,9003,20.2613,,,,
full,expectimax,greedy,17,0.15,17152,True,,timeout,0,50,15085,33.1687,,,,
full,expectimax,beam,17,0.15,17152,True,,timeout,0,50,16483,36.4141,,,,
full,expectimax,astar,17,0.15,17152,True,,timeout,0,50,16483,36.0529,,,,
full,lrta,random,17,0.15,17152,True,,agent_win,1,35,0,0.1803,,,,
full,lrta,greedy,17,0.15,17152,True,,pursuer_win,0,10,0,0.0504,,,,
full,lrta,beam,17,0.15,17152,True,,pursuer_win,0,9,0,0.059,,,,
full,lrta,astar,17,0.15,17152,True,,pursuer_win,0,9,0,0.0593,,,,
full,hill_climb,random,17,0.15,17152,True,,timeout,0,50,339,1.3365,,,,
full,hill_climb,greedy,17,0.15,17152,True,,pursuer_win,0,10,195,0.8182,,,,
full,hill_climb,beam,17,0.15,17152,True,,pursuer_win,0,9,180,0.7872,,,,
full,hill_climb,astar,17,0.15,17152,True,,pursuer_win,0,9,180,0.7638,,,,
full,beam_search,random,17,0.15,17152,True,,agent_win,1,35,1356,5.0261,,,,
full,beam_search,greedy,17,0.15,17152,True,,pursuer_win,0,10,629,2.4421,,,,
full,beam_search,beam,17,0.15,17152,True,,pursuer_win,0,9,584,2.6865,,,,
full,beam_search,astar,17,0.15,17152,True,,pursuer_win,0,9,584,2.2886,,,,
full,minimax,random,17,0.15,17153,False,,timeout,0,50,1612,3.1433,,,,
full,minimax,greedy,17,0.15,17153,False,,timeout,0,50,1612,3.0545,,,,
full,minimax,beam,17,0.15,17153,False,,timeout,0,50,1612,3.3212,,,,
full,minimax,astar,17,0.15,17153,False,,timeout,0,50,1612,3.0708,,,,
full,alpha_beta,random,17,0.15,17153,False,,timeout,0,50,1612,3.3814,,,,
full,alpha_beta,greedy,17,0.15,17153,False,,timeout,0,50,1612,3.3468,,,,
full,alpha_beta,beam,17,0.15,17153,False,,timeout,0,50,1612,3.6912,,,,
full,alpha_beta,astar,17,0.15,17153,False,,timeout,0,50,1612,3.2876,,,,
full,expectimax,random,17,0.15,17153,False,,timeout,0,50,1612,4.5306,,,,
full,expectimax,greedy,17,0.15,17153,False,,timeout,0,50,1612,4.6112,,,,
full,expectimax,beam,17,0.15,17153,False,,timeout,0,50,1612,4.6475,,,,
full,expectimax,astar,17,0.15,17153,False,,timeout,0,50,1612,4.6225,,,,
full,lrta,random,17,0.15,17153,False,,agent_win,1,35,0,0.1532,,,,
full,lrta,greedy,17,0.15,17153,False,,agent_win,1,35,0,0.1642,,,,
full,lrta,beam,17,0.15,17153,False,,agent_win,1,35,0,0.1552,,,,
full,lrta,astar,17,0.15,17153,False,,agent_win,1,35,0,0.1469,,,,
full,hill_climb,random,17,0.15,17153,False,,timeout,0,50,363,1.448,,,,
full,hill_climb,greedy,17,0.15,17153,False,,timeout,0,50,363,1.3874,,,,
full,hill_climb,beam,17,0.15,17153,False,,timeout,0,50,363,1.435,,,,
full,hill_climb,astar,17,0.15,17153,False,,timeout,0,50,363,1.4119,,,,
full,beam_search,random,17,0.15,17153,False,,agent_win,1,33,1312,4.9705,,,,
full,beam_search,greedy,17,0.15,17153,False,,agent_win,1,33,1312,5.0541,,,,
full,beam_search,beam,17,0.15,17153,False,,agent_win,1,33,1312,4.8361,,,,
full,beam_search,astar,17,0.15,17153,False,,agent_win,1,33,1312,5.4324,,,,
full,minimax,random,17,0.15,17153,True,,timeout,0,50,1778,3.8918,,,,
full,minimax,greedy,17,0.15,17153,True,,timeout,0,50,1778,3.205,,,,
full,minimax,beam,17,0.15,17153,True,,timeout,0,50,1778,3.7749,,,,
full,minimax,astar,17,0.15,17153,True,,timeout,0,50,1778,3.5162,,,,
full,alpha_beta,random,17,0.15,17153,True,,timeout,0,50,1778,3.3717,,,,
full,alpha_beta,greedy,17,0.15,17153,True,,timeout,0,50,1778,5.3977,,,,
full,alpha_beta,beam,17,0.15,17153,True,,timeout,0,50,1778,3.526,,,,
full,alpha_beta,astar,17,0.15,17153,True,,timeout,0,50,1778,3.5498,,,,
full,expectimax,random,17,0.15,17153,True,,timeout,0,50,1778,5.2381,,,,
full,expectimax,greedy,17,0.15,17153,True,,timeout,0,50,1778,5.1589,,,,
full,expectimax,beam,17,0.15,17153,True,,timeout,0,50,1778,5.0443,,,,
full,expectimax,astar,17,0.15,17153,True,,timeout,0,50,1778,4.9536,,,,
full,lrta,random,17,0.15,17153,True,,agent_win,1,35,0,0.1889,,,,
full,lrta,greedy,17,0.15,17153,True,,agent_win,1,35,0,0.1601,,,,
full,lrta,beam,17,0.15,17153,True,,agent_win,1,35,0,0.1625,,,,
full,lrta,astar,17,0.15,17153,True,,agent_win,1,35,0,0.1532,,,,
full,hill_climb,random,17,0.15,17153,True,,timeout,0,50,363,1.4673,,,,
full,hill_climb,greedy,17,0.15,17153,True,,timeout,0,50,363,1.3745,,,,
full,hill_climb,beam,17,0.15,17153,True,,timeout,0,50,363,1.3839,,,,
full,hill_climb,astar,17,0.15,17153,True,,timeout,0,50,363,1.3709,,,,
full,beam_search,random,17,0.15,17153,True,,agent_win,1,35,1468,5.3637,,,,
full,beam_search,greedy,17,0.15,17153,True,,agent_win,1,35,1468,5.6054,,,,
full,beam_search,beam,17,0.15,17153,True,,agent_win,1,35,1468,4.975,,,,
full,beam_search,astar,17,0.15,17153,True,,agent_win,1,35,1468,4.9246,,,,
full,minimax,random,17,0.15,17154,False,,agent_win,1,31,11578,18.5322,,,,
full,minimax,greedy,17,0.15,17154,False,,timeout,0,50,17211,27.9073,,,,
full,minimax,beam,17,0.15,17154,False,,timeout,0,50,17305,29.4666,,,,
full,minimax,astar,17,0.15,17154,False,,agent_win,1,31,12132,21.0622,,,,
full,alpha_beta,random,17,0.15,17154,False,,agent_win,1,31,5013,10.0829,,,,
full,alpha_beta,greedy,17,0.15,17154,False,,timeout,0,50,6914,13.7104,,,,
full,alpha_beta,beam,17,0.15,17154,False,,timeout,0,50,6900,13.2127,,,,
full,alpha_beta,astar,17,0.15,17154,False,,agent_win,1,31,5051,10.5408,,,,
full,expectimax,random,17,0.15,17154,False,,agent_win,1,31,11578,25.2785,,,,
full,expectimax,greedy,17,0.15,17154,False,,agent_win,1,31,13031,28.6346,,,,
full,expectimax,beam,17,0.15,17154,False,,agent_win,1,31,12893,28.5381,,,,
full,expectimax,astar,17,0.15,17154,False,,agent_win,1,31,12893,28.8724,,,,
full,lrta,random,17,0.15,17154,False,,agent_win,1,31,0,0.1486,,,,
full,lrta,greedy,17,0.15,17154,False,,pursuer_win,0,23,0,0.0987,,,,
full,lrta,beam,17,0.15,17154,False,,pursuer_win,0,23,0,0.1208,,,,
full,lrta,astar,17,0.15,17154,False,,agent_win,1,31,0,0.1712,,,,
full,hill_climb,random,17,0.15,17154,False,,agent_win,1,31,528,2.0359,,,,
full,hill_climb,greedy,17,0.15,17154,False,,pursuer_win,0,23,483,1.9358,,,,
full,hill_climb,beam,17,0.15,17154,False,,pursuer_win,0,23,483,2.1176,,,,
full,hill_climb,astar,17,0.15,17154,False,,agent_win,1,31,528,2.0946,,,,
full,beam_search,random,17,0.15,17154,False,,agent_win,1,31,1122,4.0555,,,,
full,beam_search,greedy,17,0.15,17154,False,,pursuer_win,0,23,1033,3.8252,,,,
full,beam_search,beam,17,0.15,17154,False,,pursuer_win,0,23,1033,3.8624,,,,
full,beam_search,astar,17,0.15,17154,False,,agent_win,1,31,1122,3.9614,,,,
full,minimax,random,17,0.15,17154,True,,agent_win,1,31,12554,20.0908,,,,
full,minimax,greedy,17,0.15,17154,True,,timeout,0,50,15826,25.1761,,,,
full,minimax,beam,17,0.15,17154,True,,timeout,0,50,15920,25.9986,,,,
full,minimax,astar,17,0.15,17154,True,,agent_win,1,31,12075,19.9303,,,,
full,alpha_beta,random,17,0.15,17154,True,,agent_win,1,31,5258,9.6878,,,,
full,alpha_beta,greedy,17,0.15,17154,True,,timeout,0,50,6623,12.5228,,,,
full,alpha_beta,beam,17,0.15,17154,True,,timeout,0,50,6609,13.2114,,,,
full,alpha_beta,astar,17,0.15,17154,True,,agent_win,1,31,5259,10.5333,,,,
full,expectimax,random,17,0.15,17154,True,,agent_win,1,33,14687,33.3338,,,,
full,expectimax,greedy,17,0.15,17154,True,,agent_win,1,31,13175,28.2305,,,,
full,expectimax,beam,17,0.15,17154,True,,agent_win,1,31,13435,28.5043,,,,
full,expectimax,astar,17,0.15,17154,True,,agent_win,1,31,13435,28.6059,,,,
full,lrta,random,17,0.15,17154,True,,agent_win,1,31,0,0.1393,,,,
full,lrta,greedy,17,0.15,17154,True,,pursuer_win,0,23,0,0.0962,,,,
full,lrta,beam,17,0.15,17154,True,,pursuer_win,0,23,0,0.1267,,,,
full,lrta,astar,17,0.15,17154,True,,agent_win,1,31,0,0.1729,,,,
full,hill_climb,random,17,0.15,17154,True,,agent_win,1,31,528,1.9833,,,,
full,hill_climb,greedy,17,0.15,17154,True,,pursuer_win,0,23,483,1.8547,,,,
full,hill_climb,beam,17,0.15,17154,True,,pursuer_win,0,23,483,1.9654,,,,
full,hill_climb,astar,17,0.15,17154,True,,agent_win,1,31,528,2.3434,,,,
full,beam_search,random,17,0.15,17154,True,,agent_win,1,31,1112,3.787,,,,
full,beam_search,greedy,17,0.15,17154,True,,pursuer_win,0,23,1033,3.647,,,,
full,beam_search,beam,17,0.15,17154,True,,pursuer_win,0,23,1033,3.9999,,,,
full,beam_search,astar,17,0.15,17154,True,,agent_win,1,31,1122,4.5186,,,,
full,minimax,random,17,0.25,17250,False,,timeout,0,50,10935,19.2629,,,,
full,minimax,greedy,17,0.25,17250,False,,timeout,0,50,7415,12.3576,,,,
full,minimax,beam,17,0.25,17250,False,,pursuer_win,0,33,9678,16.2338,,,,
full,minimax,astar,17,0.25,17250,False,,pursuer_win,0,33,10023,16.6429,,,,
full,alpha_beta,random,17,0.25,17250,False,,timeout,0,50,6373,12.1976,,,,
full,alpha_beta,greedy,17,0.25,17250,False,,timeout,0,50,4303,8.5751,,,,
full,alpha_beta,beam,17,0.25,17250,False,,pursuer_win,0,33,4916,9.4061,,,,
full,alpha_beta,astar,17,0.25,17250,False,,pursuer_win,0,33,5014,10.4291,,,,
full,expectimax,random,17,0.25,17250,False,,timeout,0,50,10935,24.4244,,,,
full,expectimax,greedy,17,0.25,17250,False,,timeout,0,50,7415,17.2343,,,,
full,expectimax,beam,17,0.25,17250,False,,pursuer_win,0,34,9646,21.3114,,,,
full,expectimax,astar,17,0.25,17250,False,,pursuer_win,0,34,9991,22.1698,,,,
full,lrta,random,17,0.25,17250,False,,agent_win,1,45,0,0.1743,,,,
full,lrta,greedy,17,0.25,17250,False,,agent_win,1,45,0,0.2275,,,,
full,lrta,beam,17,0.25,17250,False,,pursuer_win,0,34,0,0.1659,,,,
full,lrta,astar,17,0.25,17250,False,,agent_win,1,45,0,0.226,,,,
full,hill_climb,random,17,0.25,17250,False,,timeout,0,50,77,0.2765,,,,
full,hill_climb,greedy,17,0.25,17250,False,,timeout,0,50,77,0.2433,,,,
full,hill_climb,beam,17,0.25,17250,False,,timeout,0,50,77,0.2967,,,,
full,hill_climb,astar,17,0.25,17250,False,,pursuer_win,0,27,42,0.1675,,,,
full,beam_search,random,17,0.25,17250,False,,agent_win,1,31,1153,4.3166,,,,
full,beam_search,greedy,17,0.25,17250,False,,agent_win,1,31,1153,4.3189,,,,
full,beam_search,beam,17,0.25,17250,False,,agent_win,1,31,1153,4.2265,,,,
full,beam_search,astar,17,0.25,17250,False,,agent_win,1,31,1153,4.4376,,,,
full,minimax,random,17,0.25,17250,True,,timeout,0,50,14334,24.4061,,,,
full,minimax,greedy,17,0.25,17250,True,,timeout,0,50,8729,15.0124,,,,
full,minimax,beam,17,0.25,17250,True,,pursuer_win,0,35,10057,16.8098,,,,
full,minimax,astar,17,0.25,17250,True,,pursuer_win,0,35,10057,16.6259,,,,
full,alpha_beta,random,17,0.25,17250,True,,timeout,0,50,7031,13.2495,,,,
full,alpha_beta,greedy,17,0.25,17250,True,,timeout,0,50,4928,9.4357,,,,
full,alpha_beta,beam,17,0.25,17250,True,,pursuer_win,0,35,4721,9.8417,,,,
full,alpha_beta,astar,17,0.25,17250,True,,pursuer_win,0,35,4721,12.2899,,,,
full,expectimax,random,17,0.25,17250,True,,timeout,0,50,14334,30.7872,,,,
full,expectimax,greedy,17,0.25,17250,True,,timeout,0,50,8729,20.1058,,,,
full,expectimax,beam,17,0.25,17250,True,,timeout,0,50,14298,31.4078,,,,
full,expectimax,astar,17,0.25,17250,True,,timeout,0,50,14298,31.2396,,,,
full,lrta,random,17,0.25,17250,True,,agent_win,1,47,0,0.2263,,,,
full,lrta,greedy,17,0.25,17250,True,,timeout,0,50,0,0.2178,,,,
full,lrta,beam,17,0.25,17250,True,,timeout,0,50,0,0.2808,,,,
full,lrta,astar,17,0.25,17250,True,,pursuer_win,0,36,0,0.2021,,,,
full,hill_climb,random,17,0.25,17250,True,,timeout,0,50,117,0.4856,,,,
full,hill_climb,greedy,17,0.25,17250,True,,timeout,0,50,77,0.2799,,,,
full,hill_climb,beam,17,0.25,17250,True,,timeout,0,50,77,0.3384,,,,
full,hill_climb,astar,17,0.25,17250,True,,timeout,0,50,77,0.3603,,,,
full,beam_search,random,17,0.25,17250,True,,agent_win,1,31,1122,4.2785,,,,
full,beam_search,greedy,17,0.25,17250,True,,timeout,0,50,1781,6.5029,,,,
full,beam_search,beam,17,0.25,17250,True,,pursuer_win,0,20,755,2.6969,,,,
full,beam_search,astar,17,0.25,17250,True,,pursuer_win,0,20,755,2.7446,,,,
full,minimax,random,17,0.25,17251,False,,timeout,0,50,11324,20.5788,,,,
full,minimax,greedy,17,0.25,17251,False,,timeout,0,50,8727,15.57,,,,
full,minimax,beam,17,0.25,17251,False,,timeout,0,50,8727,14.9498,,,,
full,minimax,astar,17,0.25,17251,False,,timeout,0,50,10519,18.1399,,,,
full,alpha_beta,random,17,0.25,17251,False,,timeout,0,50,6128,11.7385,,,,
full,alpha_beta,greedy,17,0.25,17251,False,,timeout,0,50,3849,7.7658,,,,
full,alpha_beta,beam,17,0.25,17251,False,,timeout,0,50,3849,7.8327,,,,
full,alpha_beta,astar,17,0.25,17251,False,,timeout,0,50,5381,10.4068,,,,
full,expectimax,random,17,0.25,17251,False,,timeout,0,50,11504,25.4892,,,,
full,expectimax,greedy,17,0.25,17251,False,,timeout,0,50,8727,20.3285,,,,
full,expectimax,beam,17,0.25,17251,False,,timeout,0,50,8727,20.8939,,,,
full,expectimax,astar,17,0.25,17251,False,,timeout,0,50,10401,23.2727,,,,
full,lrta,random,17,0.25,17251,False,,timeout,0,50,0,0.2075,,,,
full,lrta,greedy,17,0.25,17251,False,,timeout,0,50,0,0.2,,,,
full,lrta,beam,17,0.25,17251,False,,pursuer_win,0,41,0,0.2031,,,,
full,lrta,astar,17,0.25,17251,False,,pursuer_win,0,24,0,0.1191,,,,
full,hill_climb,random,17,0.25,17251,False,,timeout,0,50,99,0.3669,,,,
full,hill_climb,greedy,17,0.25,17251,False,,timeout,0,50,99,0.355,,,,
full,hill_climb,beam,17,0.25,17251,False,,timeout,0,50,99,0.3926,,,,
full,hill_climb,astar,17,0.25,17251,False,,pursuer_win,0,24,60,0.2403,,,,
full,beam_search,random,17,0.25,17251,False,,timeout,0,50,762,2.5773,,,,
full,beam_search,greedy,17,0.25,17251,False,,timeout,0,50,762,2.5297,,,,
full,beam_search,beam,17,0.25,17251,False,,timeout,0,50,762,2.5766,,,,
full,beam_search,astar,17,0.25,17251,False,,pursuer_win,0,24,372,1.2626,,,,
full,minimax,random,17,0.25,17251,True,,timeout,0,50,12011,19.8346,,,,
full,minimax,greedy,17,0.25,17251,True,,timeout,0,50,12264,20.3944,,,,
full,minimax,beam,17,0.25,17251,True,,timeout,0,50,11167,18.9334,,,,
full,minimax,astar,17,0.25,17251,True,,timeout,0,50,10729,18.1073,,,,
full,alpha_beta,random,17,0.25,17251,True,,timeout,0,50,5978,11.9528,,,,
full,alpha_beta,greedy,17,0.25,17251,True,,timeout,0,50,4830,9.8397,,,,
full,alpha_beta,beam,17,0.25,17251,True,,timeout,0,50,5155,10.3473,,,,
full,alpha_beta,astar,17,0.25,17251,True,,timeout,0,50,5393,10.6172,,,,
full,expectimax,random,17,0.25,17251,True,,timeout,0,50,11873,26.9845,,,,
full,expectimax,greedy,17,0.25,17251,True,,timeout,0,50,12128,27.6867,,,,
full,expectimax,beam,17,0.25,17251,True,,timeout,0,50,14441,31.6082,,,,
full,expectimax,astar,17,0.25,17251,True,,timeout,0,50,10991,24.5516,,,,
full,lrta,random,17,0.25,17251,True,,timeout,0,50,0,0.23,,,,
full,lrta,greedy,17,0.25,17251,True,,pursuer_win,0,40,0,0.1794,,,,
full,lrta,beam,17,0.25,17251,True,,pursuer_win,0,39,0,0.2154,,,,
full,lrta,astar,17,0.25,17251,True,,pursuer_win,0,24,0,0.1372,,,,
full,hill_climb,random,17,0.25,17251,True,,timeout,0,50,99,0.4108,,,,
full,hill_climb,greedy,17,0.25,17251,True,,timeout,0,50,99,0.4028,,,,
full,hill_climb,beam,17,0.25,17251,True,,timeout,0,50,99,0.4652,,,,
full,hill_climb,astar,17,0.25,17251,True,,pursuer_win,0,24,60,0.3721,,,,
full,beam_search,random,17,0.25,17251,True,,agent_win,1,37,923,3.5656,,,,
full,beam_search,greedy,17,0.25,17251,True,,timeout,0,50,877,3.0865,,,,
full,beam_search,beam,17,0.25,17251,True,,timeout,0,50,877,3.3352,,,,
full,beam_search,astar,17,0.25,17251,True,,pursuer_win,0,24,372,1.3885,,,,
full,minimax,random,17,0.25,17252,False,,timeout,0,50,8808,15.5857,,,,
full,minimax,greedy,17,0.25,17252,False,,timeout,0,50,6033,10.5951,,,,
full,minimax,beam,17,0.25,17252,False,,pursuer_win,0,30,7596,12.9982,,,,
full,minimax,astar,17,0.25,17252,False,,pursuer_win,0,30,7596,13.5339,,,,
full,alpha_beta,random,17,0.25,17252,False,,timeout,0,50,3458,6.8008,,,,
full,alpha_beta,greedy,17,0.25,17252,False,,timeout,0,50,2458,4.8269,,,,
full,alpha_beta,beam,17,0.25,17252,False,,pursuer_win,0,30,3492,6.723,,,,
full,alpha_beta,astar,17,0.25,17252,False,,pursuer_win,0,30,3492,6.7111,,,,
full,expectimax,random,17,0.25,17252,False,,timeout,0,50,8808,19.6205,,,,
full,expectimax,greedy,17,0.25,17252,False,,timeout,0,50,6033,14.1284,,,,
full,expectimax,beam,17,0.25,17252,False,,pursuer_win,0,31,7614,16.9231,,,,
full,expectimax,astar,17,0.25,17252,False,,pursuer_win,0,31,7614,16.2705,,,,
full,lrta,random,17,0.25,17252,False,,agent_win,1,41,0,0.1823,,,,
full,lrta,greedy,17,0.25,17252,False,,agent_win,1,41,0,0.1749,,,,
full,lrta,beam,17,0.25,17252,False,,pursuer_win,0,32,0,0.1681,,,,
full,lrta,astar,17,0.25,17252,False,,pursuer_win,0,32,0,0.1667,,,,
full,hill_climb,random,17,0.25,17252,False,,timeout,0,50,317,1.2854,,,,
full,hill_climb,greedy,17,0.25,17252,False,,timeout,0,50,317,1.2549,,,,
full,hill_climb,beam,17,0.25,17252,False,,pursuer_win,0,27,282,1.1584,,,,
full,hill_climb,astar,17,0.25,17252,False,,pursuer_win,0,27,282,1.1521,,,,
full,beam_search,random,17,0.25,17252,False,,agent_win,1,33,1416,5.3433,,,,
full,beam_search,greedy,17,0.25,17252,False,,agent_win,1,33,1416,5.1797,,,,
full,beam_search,beam,17,0.25,17252,False,,agent_win,1,33,1416,5.2475,,,,
full,beam_search,astar,17,0.25,17252,False,,agent_win,1,33,1416,5.3877,,,,
full,minimax,random,17,0.25,17252,True,,timeout,0,50,10003,17.2697,,,,
full,minimax,greedy,17,0.25,17252,True,,timeout,0,50,6033,10.8448,,,,
full,minimax,beam,17,0.25,17252,True,,pursuer_win,0,34,7821,13.3223,,,,
full,minimax,astar,17,0.25,17252,True,,pursuer_win,0,32,7692,13.1589,,,,
full,alpha_beta,random,17,0.25,17252,True,,timeout,0,50,3951,8.0074,,,,
full,alpha_beta,greedy,17,0.25,17252,True,,timeout,0,50,2458,5.1778,,,,
full,alpha_beta,beam,17,0.25,17252,True,,pursuer_win,0,34,3493,6.9278,,,,
full,alpha_beta,astar,17,0.25,17252,True,,pursuer_win,0,32,3411,6.7415,,,,
full,expectimax,random,17,0.25,17252,True,,timeout,0,50,10003,23.3429,,,,
full,expectimax,greedy,17,0.25,17252,True,,timeout,0,50,6033,14.9996,,,,
full,expectimax,beam,17,0.25,17252,True,,pursuer_win,0,35,7839,17.1748,,,,
full,expectimax,astar,17,0.25,17252,True,,pursuer_win,0,33,7710,17.7522,,,,
full,lrta,random,17,0.25,17252,True,,agent_win,1,43,0,0.2158,,,,
full,lrta,greedy,17,0.25,17252,True,,agent_win,1,41,0,0.2185,,,,
full,lrta,beam,17,0.25,17252,True,,agent_win,1,41,0,0.2522,,,,
full,lrta,astar,17,0.25,17252,True,,pursuer_win,0,36,0,0.2174,,,,
full,hill_climb,random,17,0.25,17252,True,,timeout,0,50,317,1.3793,,,,
full,hill_climb,greedy,17,0.25,17252,True,,timeout,0,50,317,1.3294,,,,
full,hill_climb,beam,17,0.25,17252,True,,pursuer_win,0,31,288,1.2552,,,,
full,hill_climb,astar,17,0.25,17252,True,,pursuer_win,0,29,285,1.2506,,,,
full,beam_search,random,17,0.25,17252,True,,agent_win,1,35,1439,5.6316,,,,
full,beam_search,greedy,17,0.25,17252,True,,agent_win,1,33,1406,5.2455,,,,
full,beam_search,beam,17,0.25,17252,True,,agent_win,1,33,1395,5.5569,,,,
full,beam_search,astar,17,0.25,17252,True,,agent_win,1,33,1395,5.3327,,,,
full,minimax,random,17,0.25,17253,False,,timeout,0,50,8102,13.5089,,,,
full,minimax,greedy,17,0.25,17253,False,,timeout,0,50,10344,17.7791,,,,
full,minimax,beam,17,0.25,17253,False,,pursuer_win,0,27,4982,8.5263,,,,
full,minimax,astar,17,0.25,17253,False,,pursuer_win,0,23,4475,7.6026,,,,
full,alpha_beta,random,17,0.25,17253,False,,timeout,0,50,3591,7.0036,,,,
full,alpha_beta,greedy,17,0.25,17253,False,,timeout,0,50,4218,8.0091,,,,
full,alpha_beta,beam,17,0.25,17253,False,,pursuer_win,0,27,2213,4.3596,,,,
full,alpha_beta,astar,17,0.25,17253,False,,pursuer_win,0,23,1924,3.8377,,,,
full,expectimax,random,17,0.25,17253,False,,timeout,0,50,17655,45.8437,,,,
full,expectimax,greedy,17,0.25,17253,False,,timeout,0,50,5747,13.5139,,,,
full,expectimax,beam,17,0.25,17253,False,,pursuer_win,0,30,5223,12.0111,,,,
full,expectimax,astar,17,0.25,17253,False,,pursuer_win,0,38,12573,26.7039,,,,
full,lrta,random,17,0.25,17253,False,,timeout,0,50,0,0.201,,,,
full,lrta,greedy,17,0.25,17253,False,,pursuer_win,0,23,0,0.0871,,,,
full,lrta,beam,17,0.25,17253,False,,pursuer_win,0,21,0,0.0975,,,,
full,lrta,astar,17,0.25,17253,False,,pursuer_win,0,18,0,0.0833,,,,
full,hill_climb,random,17,0.25,17253,False,,timeout,0,50,107,0.3521,,,,
full,hill_climb,greedy,17,0.25,17253,False,,timeout,0,50,107,0.349,,,,
full,hill_climb,beam,17,0.25,17253,False,,pursuer_win,0,27,72,0.2591,,,,
full,hill_climb,astar,17,0.25,17253,False,,pursuer_win,0,23,66,0.2379,,,,
full,beam_search,random,17,0.25,17253,False,,timeout,0,50,2699,9.5102,,,,
full,beam_search,greedy,17,0.25,17253,False,,timeout,0,50,2699,10.0922,,,,
full,beam_search,beam,17,0.25,17253,False,,pursuer_win,0,17,1036,3.7058,,,,
full,beam_search,astar,17,0.25,17253,False,,pursuer_win,0,15,935,3.3224,,,,
full,minimax,random,17,0.25,17253,True,,timeout,0,50,14573,23.9705,,,,
full,minimax,greedy,17,0.25,17253,True,,timeout,0,50,13495,23.5039,,,,
full,minimax,beam,17,0.25,17253,True,,pursuer_win,0,17,4615,7.9628,,,,
full,minimax,astar,17,0.25,17253,True,,timeout,0,50,10600,18.0267,,,,
full,alpha_beta,random,17,0.25,17253,True,,timeout,0,50,6049,11.9249,,,,
full,alpha_beta,greedy,17,0.25,17253,True,,timeout,0,50,6353,13.0137,,,,
full,alpha_beta,beam,17,0.25,17253,True,,pursuer_win,0,17,1980,3.9835,,,,
full,alpha_beta,astar,17,0.25,17253,True,,timeout,0,50,5137,10.4272,,,,
full,expectimax,random,17,0.25,17253,True,,timeout,0,50,14649,31.9718,,,,
full,expectimax,greedy,17,0.25,17253,True,,timeout,0,50,8835,19.4908,,,,
full,expectimax,beam,17,0.25,17253,True,,timeout,0,50,10622,23.6014,,,,
full,expectimax,astar,17,0.25,17253,True,,timeout,0,50,11477,24.4821,,,,
full,lrta,random,17,0.25,17253,True,,agent_win,1,41,0,0.1817,,,,
full,lrta,greedy,17,0.25,17253,True,,pursuer_win,0,24,0,0.1036,,,,
full,lrta,beam,17,0.25,17253,True,,pursuer_win,0,16,0,0.0986,,,,
full,lrta,astar,17,0.25,17253,True,,pursuer_win,0,16,0,0.0847,,,,
full,hill_climb,random,17,0.25,17253,True,,timeout,0,50,107,0.3834,,,,
full,hill_climb,greedy,17,0.25,17253,True,,timeout,0,50,107,0.4429,,,,
full,hill_climb,beam,17,0.25,17253,True,,pursuer_win,0,19,60,0.2292,,,,
full,hill_climb,astar,17,0.25,17253,True,,pursuer_win,0,19,60,0.2807,,,,
full,beam_search,random,17,0.25,17253,True,,agent_win,1,35,1437,5.0416,,,,
full,beam_search,greedy,17,0.25,17253,True,,agent_win,1,33,1318,4.8105,,,,
full,beam_search,beam,17,0.25,17253,True,,pursuer_win,0,15,918,3.4503,,,,
full,beam_search,astar,17,0.25,17253,True,,pursuer_win,0,14,873,3.3549,,,,
full,minimax,random,17,0.25,17254,False,,timeout,0,50,12868,24.1656,,,,
full,minimax,greedy,17,0.25,17254,False,,timeout,0,50,19154,32.8094,,,,
full,minimax,beam,17,0.25,17254,False,,pursuer_win,0,30,10571,17.8115,,,,
full,minimax,astar,17,0.25,17254,False,,timeout,0,50,14766,24.6508,,,,
full,alpha_beta,random,17,0.25,17254,False,,timeout,0,50,6364,12.2595,,,,
full,alpha_beta,greedy,17,0.25,17254,False,,timeout,0,50,8799,16.8737,,,,
full,alpha_beta,beam,17,0.25,17254,False,,pursuer_win,0,30,4765,9.3388,,,,
full,alpha_beta,astar,17,0.25,17254,False,,timeout,0,50,7258,14.0112,,,,
full,expectimax,random,17,0.25,17254,False,,timeout,0,50,7977,18.5364,,,,
full,expectimax,greedy,17,0.25,17254,False,,timeout,0,50,7937,17.9473,,,,
full,expectimax,beam,17,0.25,17254,False,,pursuer_win,0,24,4194,8.9802,,,,
full,expectimax,astar,17,0.25,17254,False,,pursuer_win,0,24,4194,9.302,,,,
full,lrta,random,17,0.25,17254,False,,pursuer_win,0,25,0,0.1115,,,,
full,lrta,greedy,17,0.25,17254,False,,pursuer_win,0,20,0,0.0809,,,,
full,lrta,beam,17,0.25,17254,False,,pursuer_win,0,16,0,0.0816,,,,
full,lrta,astar,17,0.25,17254,False,,pursuer_win,0,16,0,0.0853,,,,
full,hill_climb,random,17,0.25,17254,False,,timeout,0,50,87,0.294,,,,
full,hill_climb,greedy,17,0.25,17254,False,,timeout,0,50,87,0.2896,,,,
full,hill_climb,beam,17,0.25,17254,False,,timeout,0,50,87,0.3278,,,,
full,hill_climb,astar,17,0.25,17254,False,,pursuer_win,0,20,42,0.1637,,,,
full,beam_search,random,17,0.25,17254,False,,pursuer_win,0,50,2624,9.4832,,,,
full,beam_search,greedy,17,0.25,17254,False,,pursuer_win,0,16,1310,4.7825,,,,
full,beam_search,beam,17,0.25,17254,False,,pursuer_win,0,13,1108,3.9841,,,,
full,beam_search,astar,17,0.25,17254,False,,pursuer_win,0,13,1108,4.0094,,,,
full,minimax,random,17,0.25,17254,True,,timeout,0,50,12707,21.2139,,,,
full,minimax,greedy,17,0.25,17254,True,,timeout,0,50,13069,21.8421,,,,
full,minimax,beam,17,0.25,17254,True,,pursuer_win,0,28,11171,18.6749,,,,
full,minimax,astar,17,0.25,17254,True,,timeout,0,50,12379,20.922,,,,
full,alpha_beta,random,17,0.25,17254,True,,timeout,0,50,5551,11.1481,,,,
full,alpha_beta,greedy,17,0.25,17254,True,,timeout,0,50,6370,12.4523,,,,
full,alpha_beta,beam,17,0.25,17254,True,,pursuer_win,0,28,4825,11.884,,,,
full,alpha_beta,astar,17,0.25,17254,True,,timeout,0,50,5968,11.3805,,,,
full,expectimax,random,17,0.25,17254,True,,timeout,0,50,7198,17.544,,,,
full,expectimax,greedy,17,0.25,17254,True,,timeout,0,50,7782,17.5785,,,,
full,expectimax,beam,17,0.25,17254,True,,pursuer_win,0,24,4255,9.6269,,,,
full,expectimax,astar,17,0.25,17254,True,,pursuer_win,0,24,4255,9.5971,,,,
full,lrta,random,17,0.25,17254,True,,pursuer_win,0,19,0,0.0997,,,,
full,lrta,greedy,17,0.25,17254,True,,agent_win,1,49,0,0.2283,,,,
full,lrta,beam,17,0.25,17254,True,,pursuer_win,0,16,0,0.1141,,,,
full,lrta,astar,17,0.25,17254,True,,pursuer_win,0,16,0,0.0995,,,,
full,hill_climb,random,17,0.25,17254,True,,timeout,0,50,127,0.5135,,,,
full,hill_climb,greedy,17,0.25,17254,True,,pursuer_win,0,27,85,0.3416,,,,
full,hill_climb,beam,17,0.25,17254,True,,pursuer_win,0,27,85,0.3488,,,,
full,hill_climb,astar,17,0.25,17254,True,,pursuer_win,0,19,73,0.3,,,,
full,beam_search,random,17,0.25,17254,True,,agent_win,1,43,2025,6.9261,,,,
full,beam_search,greedy,17,0.25,17254,True,,pursuer_win,0,16,1068,3.8304,,,,
full,beam_search,beam,17,0.25,17254,True,,pursuer_win,0,13,932,3.4093,,,,
full,beam_search,astar,17,0.25,17254,True,,pursuer_win,0,13,932,3.381,,,,
full,minimax,random,17,0.35,17350,False,,timeout,0,50,9795,16.4637,,,,
full,minimax,greedy,17,0.35,17350,False,,timeout,0,50,7875,13.3018,,,,
full,minimax,beam,17,0.35,17350,False,,timeout,0,50,7875,13.3926,,,,
full,minimax,astar,17,0.35,17350,False,,timeout,0,50,7875,13.8145,,,,
full,alpha_beta,random,17,0.35,17350,False,,timeout,0,50,4945,9.6114,,,,
full,alpha_beta,greedy,17,0.35,17350,False,,timeout,0,50,3678,7.3719,,,,
full,alpha_beta,beam,17,0.35,17350,False,,timeout,0,50,3678,7.5926,,,,
full,alpha_beta,astar,17,0.35,17350,False,,timeout,0,50,3678,7.7633,,,,
full,expectimax,random,17,0.35,17350,False,,timeout,0,50,9795,22.3978,,,,
full,expectimax,greedy,17,0.35,17350,False,,timeout,0,50,7875,19.3539,,,,
full,expectimax,beam,17,0.35,17350,False,,timeout,0,50,7875,18.2862,,,,
full,expectimax,astar,17,0.35,17350,False,,timeout,0,50,7875,18.2612,,,,
full,lrta,random,17,0.35,17350,False,,timeout,0,50,0,0.2053,,,,
full,lrta,greedy,17,0.35,17350,False,,timeout,0,50,0,0.1961,,,,
full,lrta,beam,17,0.35,17350,False,,timeout,0,50,0,0.2283,,,,
full,lrta,astar,17,0.35,17350,False,,timeout,0,50,0,0.2255,,,,
full,hill_climb,random,17,0.35,17350,False,,timeout,0,50,203,0.7563,,,,
full,hill_climb,greedy,17,0.35,17350,False,,timeout,0,50,203,0.7554,,,,
full,hill_climb,beam,17,0.35,17350,False,,timeout,0,50,203,0.773,,,,
full,hill_climb,astar,17,0.35,17350,False,,timeout,0,50,203,0.7657,,,,
full,beam_search,random,17,0.35,17350,False,,timeout,0,50,983,3.2563,,,,
full,beam_search,greedy,17,0.35,17350,False,,timeout,0,50,983,3.2419,,,,
full,beam_search,beam,17,0.35,17350,False,,timeout,0,50,983,3.2249,,,,
full,beam_search,astar,17,0.35,17350,False,,timeout,0,50,983,3.2952,,,,
full,minimax,random,17,0.35,17350,True,,timeout,0,50,8758,15.0211,,,,
full,minimax,greedy,17,0.35,17350,True,,timeout,0,50,7593,13.072,,,,
full,minimax,beam,17,0.35,17350,True,,timeout,0,50,7593,13.528,,,,
full,minimax,astar,17,0.35,17350,True,,timeout,0,50,7593,13.3562,,,,
full,alpha_beta,random,17,0.35,17350,True,,timeout,0,50,4821,8.9631,,,,
full,alpha_beta,greedy,17,0.35,17350,True,,timeout,0,50,3725,7.2442,,,,
full,alpha_beta,beam,17,0.35,17350,True,,timeout,0,50,3725,7.5733,,,,
full,alpha_beta,astar,17,0.35,17350,True,,timeout,0,50,3725,7.5209,,,,
full,expectimax,random,17,0.35,17350,True,,timeout,0,50,8758,20.4602,,,,
full,expectimax,greedy,17,0.35,17350,True,,timeout,0,50,7593,17.6918,,,,
full,expectimax,beam,17,0.35,17350,True,,timeout,0,50,7593,17.9087,,,,
full,expectimax,astar,17,0.35,17350,True,,timeout,0,50,7593,19.9076,,,,
full,lrta,random,17,0.35,17350,True,,timeout,0,50,0,0.2336,,,,
full,lrta,greedy,17,0.35,17350,True,,timeout,0,50,0,0.2202,,,,
full,lrta,beam,17,0.35,17350,True,,pursuer_win,0,48,0,0.2537,,,,
full,lrta,astar,17,0.35,17350,True,,pursuer_win,0,48,0,0.2502,,,,
full,hill_climb,random,17,0.35,17350,True,,timeout,0,50,213,0.8062,,,,
full,hill_climb,greedy,17,0.35,17350,True,,timeout,0,50,220,0.8619,,,,
full,hill_climb,beam,17,0.35,17350,True,,pursuer_win,0,48,217,0.8999,,,,
full,hill_climb,astar,17,0.35,17350,True,,pursuer_win,0,48,217,0.898,,,,
full,beam_search,random,17,0.35,17350,True,,timeout,0,50,698,2.3078,,,,
full,beam_search,greedy,17,0.35,17350,True,,timeout,0,50,1830,6.4031,,,,
full,beam_search,beam,17,0.35,17350,True,,pursuer_win,0,48,1748,6.1433,,,,
full,beam_search,astar,17,0.35,17350,True,,pursuer_win,0,48,1748,6.0733,,,,
full,minimax,random,17,0.35,17351,False,,timeout,0,50,5384,9.6693,,,,
full,minimax,greedy,17,0.35,17351,False,,timeout,0,50,5384,9.5887,,,,
full,minimax,beam,17,0.35,17351,False,,timeout,0,50,5384,9.7018,,,,
full,minimax,astar,17,0.35,17351,False,,timeout,0,50,5384,9.8333,,,,
full,alpha_beta,random,17,0.35,17351,False,,timeout,0,50,3135,6.3629,,,,
full,alpha_beta,greedy,17,0.35,17351,False,,timeout,0,50,3108,6.291,,,,
full,alpha_beta,beam,17,0.35,17351,False,,timeout,0,50,3108,6.7102,,,,
full,alpha_beta,astar,17,0.35,17351,False,,timeout,0,50,3108,6.2695,,,,
full,expectimax,random,17,0.35,17351,False,,timeout,0,50,5451,13.0975,,,,
full,expectimax,greedy,17,0.35,17351,False,,timeout,0,50,5451,13.1205,,,,
full,expectimax,beam,17,0.35,17351,False,,timeout,0,50,5451,13.2757,,,,
full,expectimax,astar,17,0.35,17351,False,,timeout,0,50,5451,13.2189,,,,
full,lrta,random,17,0.35,17351,False,,timeout,0,50,0,0.2078,,,,
full,lrta,greedy,17,0.35,17351,False,,timeout,0,50,0,0.1944,,,,
full,lrta,beam,17,0.35,17351,False,,timeout,0,50,0,0.2201,,,,
full,lrta,astar,17,0.35,17351,False,,timeout,0,50,0,0.2191,,,,
full,hill_climb,random,17,0.35,17351,False,,timeout,0,50,87,0.3161,,,,
full,hill_climb,greedy,17,0.35,17351,False,,timeout,0,50,87,0.3053,,,,
full,hill_climb,beam,17,0.35,17351,False,,timeout,0,50,87,0.3222,,,,
full,hill_climb,astar,17,0.35,17351,False,,timeout,0,50,87,0.3379,,,,
full,beam_search,random,17,0.35,17351,False,,timeout,0,50,2585,8.5556,,,,
full,beam_search,greedy,17,0.35,17351,False,,timeout,0,50,2585,8.5181,,,,
full,beam_search,beam,17,0.35,17351,False,,timeout,0,50,2585,8.6134,,,,
full,beam_search,astar,17,0.35,17351,False,,timeout,0,50,2585,8.6303,,,,
full,minimax,random,17,0.35,17351,True,,timeout,0,50,5876,10.7324,,,,
full,minimax,greedy,17,0.35,17351,True,,timeout,0,50,4462,8.7277,,,,
full,minimax,beam,17,0.35,17351,True,,timeout,0,50,4462,8.1515,,,,
full,minimax,astar,17,0.35,17351,True,,timeout,0,50,4462,8.2212,,,,
full,alpha_beta,random,17,0.35,17351,True,,timeout,0,50,3556,7.4217,,,,
full,alpha_beta,greedy,17,0.35,17351,True,,timeout,0,50,2478,5.1072,,,,
full,alpha_beta,beam,17,0.35,17351,True,,timeout,0,50,2478,5.3092,,,,
full,alpha_beta,astar,17,0.35,17351,True,,timeout,0,50,2478,6.5415,,,,
full,expectimax,random,17,0.35,17351,True,,timeout,0,50,5374,12.7706,,,,
full,expectimax,greedy,17,0.35,17351,True,,timeout,0,50,5102,12.453,,,,
full,expectimax,beam,17,0.35,17351,True,,timeout,0,50,5102,12.5965,,,,
full,expectimax,astar,17,0.35,17351,True,,timeout,0,50,5102,12.6063,,,,
full,lrta,random,17,0.35,17351,True,,timeout,0,50,0,0.2262,,,,
full,lrta,greedy,17,0.35,17351,True,,timeout,0,50,0,0.2152,,,,
full,lrta,beam,17,0.35,17351,True,,timeout,0,50,0,0.2604,,,,
full,lrta,astar,17,0.35,17351,True,,timeout,0,50,0,0.2512,,,,
full,hill_climb,random,17,0.35,17351,True,,timeout,0,50,87,0.3343,,,,
full,hill_climb,greedy,17,0.35,17351,True,,timeout,0,50,87,0.3123,,,,
full,hill_climb,beam,17,0.35,17351,True,,timeout,0,50,87,0.3503,,,,
full,hill_climb,astar,17,0.35,17351,True,,timeout,0,50,87,0.3517,,,,
full,beam_search,random,17,0.35,17351,True,,timeout,0,50,3187,10.5418,,,,
full,beam_search,greedy,17,0.35,17351,True,,agent_win,1,45,2375,8.0518,,,,
full,beam_search,beam,17,0.35,17351,True,,agent_win,1,45,2375,8.5734,,,,
full,beam_search,astar,17,0.35,17351,True,,agent_win,1,45,2375,7.9414,,,,
full,minimax,random,17,0.35,17352,False,,timeout,0,50,9934,17.8219,,,,
full,minimax,greedy,17,0.35,17352,False,,timeout,0,50,8761,15.1009,,,,
full,minimax,beam,17,0.35,17352,False,,timeout,0,50,11169,19.5886,,,,
full,minimax,astar,17,0.35,17352,False,,pursuer_win,0,35,9665,16.0903,,,,
full,alpha_beta,random,17,0.35,17352,False,,timeout,0,50,5399,10.4503,,,,
full,alpha_beta,greedy,17,0.35,17352,False,,timeout,0,50,4922,9.6025,,,,
full,alpha_beta,beam,17,0.35,17352,False,,timeout,0,50,5693,11.358,,,,
full,alpha_beta,astar,17,0.35,17352,False,,pursuer_win,0,35,4242,8.4184,,,,
full,expectimax,random,17,0.35,17352,False,,timeout,0,50,10188,24.2845,,,,
full,expectimax,greedy,17,0.35,17352,False,,timeout,0,50,9734,22.9859,,,,
full,expectimax,beam,17,0.35,17352,False,,timeout,0,50,12726,29.8409,,,,
full,expectimax,astar,17,0.35,17352,False,,pursuer_win,0,36,10068,28.0152,,,,
full,lrta,random,17,0.35,17352,False,,agent_win,1,47,0,0.1969,,,,
full,lrta,greedy,17,0.35,17352,False,,agent_win,1,47,0,0.188,,,,
full,lrta,beam,17,0.35,17352,False,,pursuer_win,0,28,0,0.1589,,,,
full,lrta,astar,17,0.35,17352,False,,pursuer_win,0,22,0,0.1103,,,,
full,hill_climb,random,17,0.35,17352,False,,timeout,0,50,83,0.2863,,,,
full,hill_climb,greedy,17,0.35,17352,False,,timeout,0,50,83,0.2881,,,,
full,hill_climb,beam,17,0.35,17352,False,,timeout,0,50,83,0.3062,,,,
full,hill_climb,astar,17,0.35,17352,False,,pursuer_win,0,37,63,0.2518,,,,
full,beam_search,random,17,0.35,17352,False,,agent_win,1,37,1547,5.6163,,,,
full,beam_search,greedy,17,0.35,17352,False,,agent_win,1,37,1547,5.4793,,,,
full,beam_search,beam,17,0.35,17352,False,,pursuer_win,0,24,1338,5.1919,,,,
full,beam_search,astar,17,0.35,17352,False,,pursuer_win,0,20,1200,4.3225,,,,
full,minimax,random,17,0.35,17352,True,,timeout,0,50,9593,17.267,,,,
full,minimax,greedy,17,0.35,17352,True,,timeout,0,50,10489,18.3545,,,,
full,minimax,beam,17,0.35,17352,True,,pursuer_win,0,34,11313,22.8228,,,,
full,minimax,astar,17,0.35,17352,True,,pursuer_win,0,34,11313,18.8661,,,,
full,alpha_beta,random,17,0.35,17352,True,,timeout,0,50,5450,10.7229,,,,
full,alpha_beta,greedy,17,0.35,17352,True,,timeout,0,50,5338,10.5744,,,,
full,alpha_beta,beam,17,0.35,17352,True,,pursuer_win,0,34,5287,10.4921,,,,
full,alpha_beta,astar,17,0.35,17352,True,,pursuer_win,0,34,5287,10.4172,,,,
full,expectimax,random,17,0.35,17352,True,,timeout,0,50,9984,23.2567,,,,
full,expectimax,greedy,17,0.35,17352,True,,timeout,0,50,9551,22.5515,,,,
full,expectimax,beam,17,0.35,17352,True,,timeout,0,50,15668,35.2842,,,,
full,expectimax,astar,17,0.35,17352,True,,timeout,0,50,15944,36.3935,,,,
full,lrta,random,17,0.35,17352,True,,agent_win,1,47,0,0.2753,,,,
full,lrta,greedy,17,0.35,17352,True,,agent_win,1,41,0,0.1951,,,,
full,lrta,beam,17,0.35,17352,True,,pursuer_win,0,24,0,0.1427,,,,
full,lrta,astar,17,0.35,17352,True,,pursuer_win,0,20,0,0.1399,,,,
full,hill_climb,random,17,0.35,17352,True,,timeout,0,50,83,0.304,,,,
full,hill_climb,greedy,17,0.35,17352,True,,timeout,0,50,87,0.3343,,,,
full,hill_climb,beam,17,0.35,17352,True,,timeout,0,50,87,0.387,,,,
full,hill_climb,astar,17,0.35,17352,True,,pursuer_win,0,33,61,0.2861,,,,
full,beam_search,random,17,0.35,17352,True,,agent_win,1,41,1847,6.884,,,,
full,beam_search,greedy,17,0.35,17352,True,,agent_win,1,33,1306,4.7898,,,,
full,beam_search,beam,17,0.35,17352,True,,pursuer_win,0,18,989,3.8111,,,,
full,beam_search,astar,17,0.35,17352,True,,pursuer_win,0,18,989,3.7451,,,,
full,minimax,random,17,0.35,17353,False,,timeout,0,50,1646,3.1181,,,,
full,minimax,greedy,17,0.35,17353,False,,timeout,0,50,1646,3.1566,,,,
full,minimax,beam,17,0.35,17353,False,,timeout,0,50,1646,3.2139,,,,
full,minimax,astar,17,0.35,17353,False,,timeout,0,50,1646,3.1036,,,,
full,alpha_beta,random,17,0.35,17353,False,,timeout,0,50,1646,3.4424,,,,
full,alpha_beta,greedy,17,0.35,17353,False,,timeout,0,50,1646,3.3566,,,,
full,alpha_beta,beam,17,0.35,17353,False,,timeout,0,50,1646,3.3725,,,,
full,alpha_beta,astar,17,0.35,17353,False,,timeout,0,50,1646,3.3366,,,,
full,expectimax,random,17,0.35,17353,False,,timeout,0,50,1646,4.7799,,,,
full,expectimax,greedy,17,0.35,17353,False,,timeout,0,50,1646,4.7052,,,,
full,expectimax,beam,17,0.35,17353,False,,timeout,0,50,1646,4.7111,,,,
full,expectimax,astar,17,0.35,17353,False,,timeout,0,50,1646,4.7383,,,,
full,lrta,random,17,0.35,17353,False,,timeout,0,50,0,0.2079,,,,
full,lrta,greedy,17,0.35,17353,False,,timeout,0,50,0,0.1943,,,,
full,lrta,beam,17,0.35,17353,False,,timeout,0,50,0,0.1985,,,,
full,lrta,astar,17,0.35,17353,False,,timeout,0,50,0,0.1926,,,,
full,hill_climb,random,17,0.35,17353,False,,timeout,0,50,87,0.3496,,,,
full,hill_climb,greedy,17,0.35,17353,False,,timeout,0,50,87,0.3441,,,,
full,hill_climb,beam,17,0.35,17353,False,,timeout,0,50,87,0.3393,,,,
full,hill_climb,astar,17,0.35,17353,False,,timeout,0,50,87,0.3359,,,,
full,beam_search,random,17,0.35,17353,False,,timeout,0,50,1180,4.1086,,,,
full,beam_search,greedy,17,0.35,17353,False,,timeout,0,50,1180,3.9931,,,,
full,beam_search,beam,17,0.35,17353,False,,timeout,0,50,1180,3.992,,,,
full,beam_search,astar,17,0.35,17353,False,,timeout,0,50,1180,4.0648,,,,
full,minimax,random,17,0.35,17353,True,,timeout,0,50,1646,3.195,,,,
full,minimax,greedy,17,0.35,17353,True,,timeout,0,50,1646,3.2344,,,,
full,minimax,beam,17,0.35,17353,True,,timeout,0,50,1646,3.4993,,,,
full,minimax,astar,17,0.35,17353,True,,timeout,0,50,1646,2.9898,,,,
full,alpha_beta,random,17,0.35,17353,True,,timeout,0,50,1646,3.3083,,,,
full,alpha_beta,greedy,17,0.35,17353,True,,timeout,0,50,1646,3.2367,,,,
full,alpha_beta,beam,17,0.35,17353,True,,timeout,0,50,1646,3.3046,,,,
full,alpha_beta,astar,17,0.35,17353,True,,timeout,0,50,1646,3.349,,,,
full,expectimax,random,17,0.35,17353,True,,timeout,0,50,1646,4.9897,,,,
full,expectimax,greedy,17,0.35,17353,True,,timeout,0,50,1646,4.6522,,,,
full,expectimax,beam,17,0.35,17353,True,,timeout,0,50,1646,4.7762,,,,
full,expectimax,astar,17,0.35,17353,True,,timeout,0,50,1646,4.7264,,,,
full,lrta,random,17,0.35,17353,True,,timeout,0,50,0,0.2322,,,,
full,lrta,greedy,17,0.35,17353,True,,timeout,0,50,0,0.2854,,,,
full,lrta,beam,17,0.35,17353,True,,timeout,0,50,0,0.2186,,,,
full,lrta,astar,17,0.35,17353,True,,timeout,0,50,0,0.2901,,,,
full,hill_climb,random,17,0.35,17353,True,,timeout,0,50,87,0.3528,,,,
full,hill_climb,greedy,17,0.35,17353,True,,timeout,0,50,87,0.3438,,,,
full,hill_climb,beam,17,0.35,17353,True,,timeout,0,50,87,0.3513,,,,
full,hill_climb,astar,17,0.35,17353,True,,timeout,0,50,87,0.3618,,,,
full,beam_search,random,17,0.35,17353,True,,agent_win,1,47,1843,6.5834,,,,
full,beam_search,greedy,17,0.35,17353,True,,agent_win,1,47,1843,6.7662,,,,
full,beam_search,beam,17,0.35,17353,True,,agent_win,1,47,1843,6.4151,,,,
full,beam_search,astar,17,0.35,17353,True,,agent_win,1,47,1843,6.1322,,,,
full,minimax,random,17,0.35,17354,False,,timeout,0,50,10956,17.8065,,,,
full,minimax,greedy,17,0.35,17354,False,,timeout,0,50,9377,16.353,,,,
full,minimax,beam,17,0.35,17354,False,,timeout,0,50,9377,15.6618,,,,
full,minimax,astar,17,0.35,17354,False,,timeout,0,50,9377,15.058,,,,
full,alpha_beta,random,17,0.35,17354,False,,timeout,0,50,5581,10.4938,,,,
full,alpha_beta,greedy,17,0.35,17354,False,,timeout,0,50,4369,8.6363,,,,
full,alpha_beta,beam,17,0.35,17354,False,,timeout,0,50,4369,8.6555,,,,
full,alpha_beta,astar,17,0.35,17354,False,,timeout,0,50,4369,8.7518,,,,
full,expectimax,random,17,0.35,17354,False,,timeout,0,50,10956,23.7558,,,,
full,expectimax,greedy,17,0.35,17354,False,,timeout,0,50,9377,20.7557,,,,
full,expectimax,beam,17,0.35,17354,False,,timeout,0,50,9377,21.9175,,,,
full,expectimax,astar,17,0.35,17354,False,,timeout,0,50,9377,20.9552,,,,
full,lrta,random,17,0.35,17354,False,,timeout,0,50,0,0.2122,,,,
full,lrta,greedy,17,0.35,17354,False,,timeout,0,50,0,0.2009,,,,
full,lrta,beam,17,0.35,17354,False,,timeout,0,50,0,0.2319,,,,
full,lrta,astar,17,0.35,17354,False,,timeout,0,50,0,0.251,,,,
full,hill_climb,random,17,0.35,17354,False,,timeout,0,50,75,0.2379,,,,
full,hill_climb,greedy,17,0.35,17354,False,,timeout,0,50,75,0.2321,,,,
full,hill_climb,beam,17,0.35,17354,False,,timeout,0,50,75,0.2567,,,,
full,hill_climb,astar,17,0.35,17354,False,,timeout,0,50,75,0.2587,,,,
full,beam_search,random,17,0.35,17354,False,,timeout,0,50,2650,8.8423,,,,
full,beam_search,greedy,17,0.35,17354,False,,timeout,0,50,2650,8.735,,,,
full,beam_search,beam,17,0.35,17354,False,,timeout,0,50,2650,8.861,,,,
full,beam_search,astar,17,0.35,17354,False,,timeout,0,50,2650,8.839,,,,
full,minimax,random,17,0.35,17354,True,,timeout,0,50,9157,15.6055,,,,
full,minimax,greedy,17,0.35,17354,True,,timeout,0,50,8189,15.422,,,,
full,minimax,beam,17,0.35,17354,True,,timeout,0,50,8189,14.0087,,,,
full,minimax,astar,17,0.35,17354,True,,timeout,0,50,8189,14.9627,,,,
full,alpha_beta,random,17,0.35,17354,True,,timeout,0,50,4439,8.7177,,,,
full,alpha_beta,greedy,17,0.35,17354,True,,timeout,0,50,3723,7.2628,,,,
full,alpha_beta,beam,17,0.35,17354,True,,timeout,0,50,3723,8.0052,,,,
full,alpha_beta,astar,17,0.35,17354,True,,timeout,0,50,3723,9.3544,,,,
full,expectimax,random,17,0.35,17354,True,,timeout,0,50,9157,21.4624,,,,
full,expectimax,greedy,17,0.35,17354,True,,timeout,0,50,8189,19.7607,,,,
full,expectimax,beam,17,0.35,17354,True,,timeout,0,50,8189,20.903,,,,
full,expectimax,astar,17,0.35,17354,True,,timeout,0,50,8189,19.1507,,,,
full,lrta,random,17,0.35,17354,True,,timeout,0,50,0,0.24,,,,
full,lrta,greedy,17,0.35,17354,True,,timeout,0,50,0,0.2355,,,,
full,lrta,beam,17,0.35,17354,True,,timeout,0,50,0,0.2661,,,,
full,lrta,astar,17,0.35,17354,True,,timeout,0,50,0,0.2555,,,,
full,hill_climb,random,17,0.35,17354,True,,timeout,0,50,80,0.3061,,,,
full,hill_climb,greedy,17,0.35,17354,True,,timeout,0,50,124,0.4316,,,,
full,hill_climb,beam,17,0.35,17354,True,,timeout,0,50,124,0.4776,,,,
full,hill_climb,astar,17,0.35,17354,True,,timeout,0,50,124,0.4995,,,,
full,beam_search,random,17,0.35,17354,True,,timeout,0,50,2050,7.1883,,,,
full,beam_search,greedy,17,0.35,17354,True,,timeout,0,50,3201,10.8004,,,,
full,beam_search,beam,17,0.35,17354,True,,timeout,0,50,3201,11.4591,,,,
full,beam_search,astar,17,0.35,17354,True,,timeout,0,50,3201,11.2026,,,,
full,minimax,random,21,0.15,21150,False,,timeout,0,50,6034,10.5679,,,,
full,minimax,greedy,21,0.15,21150,False,,timeout,0,50,6573,11.5599,,,,
full,minimax,beam,21,0.15,21150,False,,error,0,,,,,,,AssertionError: Start is a wall
full,minimax,astar,21,0.15,21150,False,,error,0,,,,,,,AssertionError: Start is a wall
full,alpha_beta,random,21,0.15,21150,False,,timeout,0,50,3183,6.4219,,,,
full,alpha_beta,greedy,21,0.15,21150,False,,timeout,0,50,3639,6.9321,,,,
full,alpha_beta,beam,21,0.15,21150,False,,error,0,,,,,,,AssertionError: Start is a wall
full,alpha_beta,astar,21,0.15,21150,False,,error,0,,,,,,,AssertionError: Start is a wall
full,expectimax,random,21,0.15,21150,False,,timeout,0,50,13658,30.3893,,,,
full,expectimax,greedy,21,0.15,21150,False,,timeout,0,50,6537,14.0228,,,,
full,expectimax,beam,21,0.15,21150,False,,error,0,,,,,,,AssertionError: Start is a wall
full,expectimax,astar,21,0.15,21150,False,,error,0,,,,,,,AssertionError: Start is a wall
full,lrta,random,21,0.15,21150,False,,agent_win,1,45,0,0.1922,,,,
full,lrta,greedy,21,0.15,21150,False,,agent_win,1,45,0,0.1822,,,,
full,lrta,beam,21,0.15,21150,False,,error,0,,,,,,,AssertionError: Start is a wall
full,lrta,astar,21,0.15,21150,False,,error,0,,,,,,,AssertionError: Start is a wall
full,hill_climb,random,21,0.15,21150,False,,timeout,0,50,77,0.2471,,,,
full,hill_climb,greedy,21,0.15,21150,False,,timeout,0,50,77,0.2249,,,,
full,hill_climb,beam,21,0.15,21150,False,,error,0,,,,,,,AssertionError: Start is a wall
full,hill_climb,astar,21,0.15,21150,False,,error,0,,,,,,,AssertionError: Start is a wall
full,beam_search,random,21,0.15,21150,False,,agent_win,1,41,1947,7.0915,,,,
full,beam_search,greedy,21,0.15,21150,False,,agent_win,1,41,1947,7.3873,,,,
full,beam_search,beam,21,0.15,21150,False,,error,0,,,,,,,AssertionError: Start is a wall
full,beam_search,astar,21,0.15,21150,False,,error,0,,,,,,,AssertionError: Start is a wall
full,minimax,random,21,0.15,21150,True,,timeout,0,50,17011,28.5133,,,,
full,minimax,greedy,21,0.15,21150,True,,timeout,0,50,8917,15.5018,,,,
full,minimax,beam,21,0.15,21150,True,,error,0,,,,,,,AssertionError: Start is a wall
full,minimax,astar,21,0.15,21150,True,,error,0,,,,,,,AssertionError: Start is a wall
full,alpha_beta,random,21,0.15,21150,True,,timeout,0,50,6904,14.1328,,,,
full,alpha_beta,greedy,21,0.15,21150,True,,timeout,0,50,4384,8.6099,,,,
full,alpha_beta,beam,21,0.15,21150,True,,error,0,,,,,,,AssertionError: Start is a wall
full,alpha_beta,astar,21,0.15,21150,True,,error,0,,,,,,,AssertionError: Start is a wall
full,expectimax,random,21,0.15,21150,True,,timeout,0,50,17630,38.944,,,,
full,expectimax,greedy,21,0.15,21150,True,,timeout,0,50,6582,15.2276,,,,
full,expectimax,beam,21,0.15,21150,True,,error,0,,,,,,,AssertionError: Start is a wall
full,expectimax,astar,21,0.15,21150,True,,error,0,,,,,,,AssertionError: Start is a wall
full,lrta,random,21,0.15,21150,True,,agent_win,1,45,0,0.2204,,,,
full,lrta,greedy,21,0.15,21150,True,,agent_win,1,45,0,0.209,,,,
full,lrta,beam,21,0.15,21150,True,,error,0,,,,,,,AssertionError: Start is a wall
full,lrta,astar,21,0.15,21150,True,,error,0,,,,,,,AssertionError: Start is a wall
full,hill_climb,random,21,0.15,21150,True,,timeout,0,50,77,0.3146,,,,
full,hill_climb,greedy,21,0.15,21150,True,,timeout,0,50,77,0.2534,,,,
full,hill_climb,beam,21,0.15,21150,True,,error,0,,,,,,,AssertionError: Start is a wall
full,hill_climb,astar,21,0.15,21150,True,,error,0,,,,,,,AssertionError: Start is a wall
full,beam_search,random,21,0.15,21150,True,,agent_win,1,41,1974,6.8751,,,,
full,beam_search,greedy,21,0.15,21150,True,,agent_win,1,41,2005,7.253,,,,
full,beam_search,beam,21,0.15,21150,True,,error,0,,,,,,,AssertionError: Start is a wall
full,beam_search,astar,21,0.15,21150,True,,error,0,,,,,,,AssertionError: Start is a wall
full,minimax,random,21,0.15,21151,False,,timeout,0,50,16463,27.2622,,,,
full,minimax,greedy,21,0.15,21151,False,,timeout,0,50,22414,36.9226,,,,
full,minimax,beam,21,0.15,21151,False,,timeout,0,50,21363,35.2043,,,,
full,minimax,astar,21,0.15,21151,False,,timeout,0,50,20899,34.6137,,,,
full,alpha_beta,random,21,0.15,21151,False,,timeout,0,50,7474,14.2402,,,,
full,alpha_beta,greedy,21,0.15,21151,False,,timeout,0,50,9256,17.5507,,,,
full,alpha_beta,beam,21,0.15,21151,False,,timeout,0,50,8983,16.9036,,,,
full,alpha_beta,astar,21,0.15,21151,False,,timeout,0,50,8830,16.1218,,,,
full,expectimax,random,21,0.15,21151,False,,timeout,0,50,15649,34.0013,,,,
full,expectimax,greedy,21,0.15,21151,False,,timeout,0,50,20697,45.4383,,,,
full,expectimax,beam,21,0.15,21151,False,,timeout,0,50,20138,43.8365,,,,
full,expectimax,astar,21,0.15,21151,False,,timeout,0,50,20138,43.3889,,,,
full,lrta,random,21,0.15,21151,False,,pursuer_win,0,28,0,0.1338,,,,
full,lrta,greedy,21,0.15,21151,False,,pursuer_win,0,11,0,0.0514,,,,
full,lrta,beam,21,0.15,21151,False,,pursuer_win,0,11,0,0.0609,,,,
full,lrta,astar,21,0.15,21151,False,,pursuer_win,0,11,0,0.0605,,,,
full,hill_climb,random,21,0.15,21151,False,,timeout,0,50,295,1.2347,,,,
full,hill_climb,greedy,21,0.15,21151,False,,pursuer_win,0,11,187,0.8379,,,,
full,hill_climb,beam,21,0.15,21151,False,,pursuer_win,0,11,187,0.8141,,,,
full,hill_climb,astar,21,0.15,21151,False,,pursuer_win,0,11,187,0.8018,,,,
full,beam_search,random,21,0.15,21151,False,,pursuer_win,0,38,2589,9.4825,,,,
full,beam_search,greedy,21,0.15,21151,False,,pursuer_win,0,11,950,3.5513,,,,
full,beam_search,beam,21,0.15,21151,False,,pursuer_win,0,11,950,3.4832,,,,
full,beam_search,astar,21,0.15,21151,False,,pursuer_win,0,11,950,3.5655,,,,
full,minimax,random,21,0.15,21151,True,,timeout,0,50,15720,26.8012,,,,
full,minimax,greedy,21,0.15,21151,True,,timeout,0,50,19371,32.2256,,,,
full,minimax,beam,21,0.15,21151,True,,timeout,0,50,21704,42.5628,,,,
full,minimax,astar,21,0.15,21151,True,,timeout,0,50,21704,36.1359,,,,
full,alpha_beta,random,21,0.15,21151,True,,timeout,0,50,7169,14.2311,,,,
full,alpha_beta,greedy,21,0.15,21151,True,,timeout,0,50,8730,17.0384,,,,
full,alpha_beta,beam,21,0.15,21151,True,,timeout,0,50,9157,17.7286,,,,
full,alpha_beta,astar,21,0.15,21151,True,,timeout,0,50,9157,17.7118,,,,
full,expectimax,random,21,0.15,21151,True,,timeout,0,50,15195,34.6963,,,,
full,expectimax,greedy,21,0.15,21151,True,,timeout,0,50,20664,45.4133,,,,
full,expectimax,beam,21,0.15,21151,True,,timeout,0,50,19759,43.3641,,,,
full,expectimax,astar,21,0.15,21151,True,,timeout,0,50,19759,43.072,,,,
full,lrta,random,21,0.15,21151,True,,pursuer_win,0,20,0,0.1169,,,,
full,lrta,greedy,21,0.15,21151,True,,pursuer_win,0,11,0,0.0549,,,,
full,lrta,beam,21,0.15,21151,True,,pursuer_win,0,11,0,0.068,,,,
full,lrta,astar,21,0.15,21151,True,,pursuer_win,0,11,0,0.0645,,,,
full,hill_climb,random,21,0.15,21151,True,,pursuer_win,0,20,250,1.0592,,,,
full,hill_climb,greedy,21,0.15,21151,True,,pursuer_win,0,11,187,0.8036,,,,
full,hill_climb,beam,21,0.15,21151,True,,pursuer_win,0,11,187,0.8345,,,,
full,hill_climb,astar,21,0.15,21151,True,,pursuer_win,0,11,187,0.8331,,,,
full,beam_search,random,21,0.15,21151,True,,pursuer_win,0,20,1054,3.8616,,,,
full,beam_search,greedy,21,0.15,21151,True,,pursuer_win,0,11,950,3.5009,,,,
full,beam_search,beam,21,0.15,21151,True,,pursuer_win,0,11,950,3.5915,,,,
full,beam_search,astar,21,0.15,21151,True,,pursuer_win,0,11,950,3.636,,,,
full,minimax,random,21,0.15,21152,False,,timeout,0,50,14732,24.3517,,,,
full,minimax,greedy,21,0.15,21152,False,,timeout,0,50,6358,11.4147,,,,
full,minimax,beam,21,0.15,21152,False,,pursuer_win,0,38,12452,20.663,,,,
full,minimax,astar,21,0.15,21152,False,,pursuer_win,0,38,12452,21.6331,,,,
full,alpha_beta,random,21,0.15,21152,False,,timeout,0,50,7387,15.2983,,,,
full,alpha_beta,greedy,21,0.15,21152,False,,timeout,0,50,3441,7.0676,,,,
full,alpha_beta,beam,21,0.15,21152,False,,pursuer_win,0,38,5075,9.8462,,,,
full,alpha_beta,astar,21,0.15,21152,False,,pursuer_win,0,38,5075,10.019,,,,
full,expectimax,random,21,0.15,21152,False,,timeout,0,50,14732,33.6023,,,,
full,expectimax,greedy,21,0.15,21152,False,,timeout,0,50,6358,15.1468,,,,
full,expectimax,beam,21,0.15,21152,False,,timeout,0,50,16195,35.8198,,,,
full,expectimax,astar,21,0.15,21152,False,,timeout,0,50,16195,35.2056,,,,
full,lrta,random,21,0.15,21152,False,,timeout,0,50,0,0.2225,,,,
full,lrta,greedy,21,0.15,21152,False,,pursuer_win,0,32,0,0.141,,,,
full,lrta,beam,21,0.15,21152,False,,pursuer_win,0,13,0,0.0783,,,,
full,lrta,astar,21,0.15,21152,False,,pursuer_win,0,13,0,0.0788,,,,
full,hill_climb,random,21,0.15,21152,False,,timeout,0,50,555,2.3803,,,,
full,hill_climb,greedy,21,0.15,21152,False,,pursuer_win,0,32,528,2.0177,,,,
full,hill_climb,beam,21,0.15,21152,False,,pursuer_win,0,13,338,1.4247,,,,
full,hill_climb,astar,21,0.15,21152,False,,pursuer_win,0,13,338,1.3379,,,,
full,beam_search,random,21,0.15,21152,False,,agent_win,1,45,2441,8.8821,,,,
full,beam_search,greedy,21,0.15,21152,False,,agent_win,1,45,2441,8.8382,,,,
full,beam_search,beam,21,0.15,21152,False,,pursuer_win,0,13,1175,4.4991,,,,
full,beam_search,astar,21,0.15,21152,False,,pursuer_win,0,13,1175,4.415,,,,
full,minimax,random,21,0.15,21152,True,,timeout,0,50,10942,19.0224,,,,
full,minimax,greedy,21,0.15,21152,True,,timeout,0,50,14162,24.1597,,,,
full,minimax,beam,21,0.15,21152,True,,timeout,0,50,15412,24.0493,,,,
full,minimax,astar,21,0.15,21152,True,,timeout,0,50,15412,25.1182,,,,
full,alpha_beta,random,21,0.15,21152,True,,timeout,0,50,5793,11.1796,,,,
full,alpha_beta,greedy,21,0.15,21152,True,,timeout,0,50,6556,12.616,,,,
full,alpha_beta,beam,21,0.15,21152,True,,timeout,0,50,6642,12.9824,,,,
full,alpha_beta,astar,21,0.15,21152,True,,timeout,0,50,6642,12.5377,,,,
full,expectimax,random,21,0.15,21152,True,,timeout,0,50,10942,24.4024,,,,
full,expectimax,greedy,21,0.15,21152,True,,timeout,0,50,14162,32.2451,,,,
full,expectimax,beam,21,0.15,21152,True,,agent_win,1,39,18314,39.2488,,,,
full,expectimax,astar,21,0.15,21152,True,,timeout,0,50,20964,46.0813,,,,
full,lrta,random,21,0.15,21152,True,,agent_win,1,45,0,0.2297,,,,
full,lrta,greedy,21,0.15,21152,True,,agent_win,1,43,0,0.2061,,,,
full,lrta,beam,21,0.15,21152,True,,pursuer_win,0,13,0,0.081,,,,
full,lrta,astar,21,0.15,21152,True,,pursuer_win,0,13,0,0.079,,,,
full,hill_climb,random,21,0.15,21152,True,,timeout,0,50,555,2.2212,,,,
full,hill_climb,greedy,21,0.15,21152,True,,pursuer_win,0,33,530,2.131,,,,
full,hill_climb,beam,21,0.15,21152,True,,pursuer_win,0,13,338,1.4085,,,,
full,hill_climb,astar,21,0.15,21152,True,,pursuer_win,0,13,338,1.5215,,,,
full,beam_search,random,21,0.15,21152,True,,agent_win,1,43,2233,8.5909,,,,
full,beam_search,greedy,21,0.15,21152,True,,agent_win,1,41,2227,9.3441,,,,
full,beam_search,beam,21,0.15,21152,True,,pursuer_win,0,13,1175,4.7396,,,,
full,beam_search,astar,21,0.15,21152,True,,pursuer_win,0,13,1175,4.874,,,,
full,minimax,random,21,0.15,21153,False,,timeout,0,50,16877,27.8268,,,,
full,minimax,greedy,21,0.15,21153,False,,timeout,0,50,20460,33.5069,,,,
full,minimax,beam,21,0.15,21153,False,,agent_win,1,45,20815,32.6556,,,,
full,minimax,astar,21,0.15,21153,False,,agent_win,1,45,20918,34.302,,,,
full,alpha_beta,random,21,0.15,21153,False,,timeout,0,50,7830,15.026,,,,
full,alpha_beta,greedy,21,0.15,21153,False,,timeout,0,50,9343,18.1273,,,,
full,alpha_beta,beam,21,0.15,21153,False,,agent_win,1,45,8896,17.343,,,,
full,alpha_beta,astar,21,0.15,21153,False,,agent_win,1,45,8772,17.2108,,,,
full,expectimax,random,21,0.15,21153,False,,timeout,0,50,16879,38.2631,,,,
full,expectimax,greedy,21,0.15,21153,False,,timeout,0,50,16692,36.9681,,,,
full,expectimax,beam,21,0.15,21153,False,,timeout,0,50,19316,42.1358,,,,
full,expectimax,astar,21,0.15,21153,False,,timeout,0,50,19316,41.7829,,,,
full,lrta,random,21,0.15,21153,False,,timeout,0,50,0,0.2333,,,,
full,lrta,greedy,21,0.15,21153,False,,pursuer_win,0,12,0,0.0622,,,,
full,lrta,beam,21,0.15,21153,False,,pursuer_win,0,12,0,0.0681,,,,
full,lrta,astar,21,0.15,21153,False,,pursuer_win,0,12,0,0.0666,,,,
full,hill_climb,random,21,0.15,21153,False,,timeout,0,50,495,2.0356,,,,
full,hill_climb,greedy,21,0.15,21153,False,,pursuer_win,0,12,294,1.2843,,,,
full,hill_climb,beam,21,0.15,21153,False,,pursuer_win,0,12,294,1.2634,,,,
full,hill_climb,astar,21,0.15,21153,False,,pursuer_win,0,12,294,1.2383,,,,
full,beam_search,random,21,0.15,21153,False,,timeout,0,50,1461,5.6489,,,,
full,beam_search,greedy,21,0.15,21153,False,,pursuer_win,0,12,600,2.4697,,,,
full,beam_search,beam,21,0.15,21153,False,,pursuer_win,0,12,600,2.3394,,,,
full,beam_search,astar,21,0.15,21153,False,,pursuer_win,0,12,600,2.455,,,,
full,minimax,random,21,0.15,21153,True,,timeout,0,50,20314,33.1816,,,,
full,minimax,greedy,21,0.15,21153,True,,agent_win,1,43,21146,34.4641,,,,
full,minimax,beam,21,0.15,21153,True,,timeout,0,50,19685,32.1372,,,,
full,minimax,astar,21,0.15,21153,True,,timeout,0,50,20708,34.9391,,,,
full,alpha_beta,random,21,0.15,21153,True,,timeout,0,50,9760,18.9669,,,,
full,alpha_beta,greedy,21,0.15,21153,True,,agent_win,1,43,9220,18.4013,,,,
full,alpha_beta,beam,21,0.15,21153,True,,timeout,0,50,9462,17.9876,,,,
full,alpha_beta,astar,21,0.15,21153,True,,timeout,0,50,8961,17.1654,,,,
full,expectimax,random,21,0.15,21153,True,,timeout,0,50,19463,42.3122,,,,
full,expectimax,greedy,21,0.15,21153,True,,timeout,0,50,17857,39.1983,,,,
full,expectimax,beam,21,0.15,21153,True,,timeout,0,50,19196,41.9974,,,,
full,expectimax,astar,21,0.15,21153,True,,timeout,0,50,19196,44.574,,,,
full,lrta,random,21,0.15,21153,True,,timeout,0,50,0,0.2445,,,,
full,lrta,greedy,21,0.15,21153,True,,pursuer_win,0,12,0,0.0592,,,,
full,lrta,beam,21,0.15,21153,True,,pursuer_win,0,12,0,0.0784,,,,
full,lrta,astar,21,0.15,21153,True,,pursuer_win,0,12,0,0.0741,,,,
full,hill_climb,random,21,0.15,21153,True,,timeout,0,50,495,2.1123,,,,
full,hill_climb,greedy,21,0.15,21153,True,,pursuer_win,0,12,294,1.2381,,,,
full,hill_climb,beam,21,0.15,21153,True,,pursuer_win,0,12,294,1.3117,,,,
full,hill_climb,astar,21,0.15,21153,True,,pursuer_win,0,12,294,1.2715,,,,
full,beam_search,random,21,0.15,21153,True,,timeout,0,50,1916,7.5118,,,,
full,beam_search,greedy,21,0.15,21153,True,,pursuer_win,0,12,598,2.3349,,,,
full,beam_search,beam,21,0.15,21153,True,,pursuer_win,0,12,598,2.4246,,,,
full,beam_search,astar,21,0.15,21153,True,,pursuer_win,0,12,598,2.3862,,,,
full,minimax,random,21,0.15,21154,False,,timeout,0,50,16767,28.6472,,,,
full,minimax,greedy,21,0.15,21154,False,,timeout,0,50,19056,32.3292,,,,
full,minimax,beam,21,0.15,21154,False,,timeout,0,50,18652,29.1498,,,,
full,minimax,astar,21,0.15,21154,False,,timeout,0,50,19131,32.778,,,,
full,alpha_beta,random,21,0.15,21154,False,,timeout,0,50,8218,15.3496,,,,
full,alpha_beta,greedy,21,0.15,21154,False,,timeout,0,50,8088,15.3216,,,,
full,alpha_beta,beam,21,0.15,21154,False,,timeout,0,50,8307,16.1674,,,,
full,alpha_beta,astar,21,0.15,21154,False,,timeout,0,50,8553,16.4552,,,,
full,expectimax,random,21,0.15,21154,False,,timeout,0,50,16767,37.1946,,,,
full,expectimax,greedy,21,0.15,21154,False,,timeout,0,50,17462,36.9051,,,,
full,expectimax,beam,21,0.15,21154,False,,timeout,0,50,18762,42.418,,,,
full,expectimax,astar,21,0.15,21154,False,,timeout,0,50,20688,47.5319,,,,
full,lrta,random,21,0.15,21154,False,,timeout,0,50,0,0.2076,,,,
full,lrta,greedy,21,0.15,21154,False,,pursuer_win,0,12,0,0.0506,,,,
full,lrta,beam,21,0.15,21154,False,,pursuer_win,0,11,0,0.0582,,,,
full,lrta,astar,21,0.15,21154,False,,pursuer_win,0,11,0,0.0574,,,,
full,hill_climb,random,21,0.15,21154,False,,timeout,0,50,255,0.9849,,,,
full,hill_climb,greedy,21,0.15,21154,False,,pursuer_win,0,12,174,0.6894,,,,
full,hill_climb,beam,21,0.15,21154,False,,pursuer_win,0,11,165,0.6276,,,,
full,hill_climb,astar,21,0.15,21154,False,,pursuer_win,0,11,165,0.7043,,,,
full,beam_search,random,21,0.15,21154,False,,agent_win,1,43,2230,8.1199,,,,
full,beam_search,greedy,21,0.15,21154,False,,pursuer_win,0,12,1057,3.7736,,,,
full,beam_search,beam,21,0.15,21154,False,,pursuer_win,0,11,979,3.6115,,,,
full,beam_search,astar,21,0.15,21154,False,,pursuer_win,0,11,979,3.8071,,,,
full,minimax,random,21,0.15,21154,True,,timeout,0,50,20236,33.9185,,,,
full,minimax,greedy,21,0.15,21154,True,,timeout,0,50,19761,35.2836,,,,
full,minimax,beam,21,0.15,21154,True,,timeout,0,50,19557,33.8207,,,,
full,minimax,astar,21,0.15,21154,True,,timeout,0,50,19582,34.5918,,,,
full,alpha_beta,random,21,0.15,21154,True,,timeout,0,50,8916,19.1352,,,,
full,alpha_beta,greedy,21,0.15,21154,True,,timeout,0,50,8420,16.19,,,,
full,alpha_beta,beam,21,0.15,21154,True,,timeout,0,50,8526,16.8185,,,,
full,alpha_beta,astar,21,0.15,21154,True,,timeout,0,50,8753,16.6491,,,,
full,expectimax,random,21,0.15,21154,True,,timeout,0,50,20236,48.095,,,,
full,expectimax,greedy,21,0.15,21154,True,,timeout,0,50,18775,41.8162,,,,
full,expectimax,beam,21,0.15,21154,True,,timeout,0,50,17422,39.5009,,,,
full,expectimax,astar,21,0.15,21154,True,,timeout,0,50,21178,46.2719,,,,
full,lrta,random,21,0.15,21154,True,,pursuer_win,0,13,0,0.0689,,,,
full,lrta,greedy,21,0.15,21154,True,,pursuer_win,0,12,0,0.0574,,,,
full,lrta,beam,21,0.15,21154,True,,pursuer_win,0,11,0,0.064,,,,
full,lrta,astar,21,0.15,21154,True,,pursuer_win,0,11,0,0.0609,,,,
full,hill_climb,random,21,0.15,21154,True,,pursuer_win,0,13,196,0.7693,,,,
full,hill_climb,greedy,21,0.15,21154,True,,pursuer_win,0,12,174,0.6691,,,,
full,hill_climb,beam,21,0.15,21154,True,,pursuer_win,0,11,165,0.6741,,,,
full,hill_climb,astar,21,0.15,21154,True,,pursuer_win,0,11,165,0.7484,,,,
full,beam_search,random,21,0.15,21154,True,,pursuer_win,0,13,1205,4.1454,,,,
full,beam_search,greedy,21,0.15,21154,True,,pursuer_win,0,12,1057,3.3989,,,,
full,beam_search,beam,21,0.15,21154,True,,pursuer_win,0,11,979,3.3527,,,,
full,beam_search,astar,21,0.15,21154,True,,pursuer_win,0,11,979,3.4777,,,,
full,minimax,random,21,0.25,21250,False,,timeout,0,50,4919,8.4924,,,,
full,minimax,greedy,21,0.25,21250,False,,timeout,0,50,14686,24.1888,,,,
full,minimax,beam,21,0.25,21250,False,,error,0,,,,,,,AssertionError: Start is a wall
full,minimax,astar,21,0.25,21250,False,,error,0,,,,,,,AssertionError: Start is a wall
full,alpha_beta,random,21,0.25,21250,False,,timeout,0,50,2686,5.3952,,,,
full,alpha_beta,greedy,21,0.25,21250,False,,timeout,0,50,6363,12.3049,,,,
full,alpha_beta,beam,21,0.25,21250,False,,error,0,,,,,,,AssertionError: Start is a wall
full,alpha_beta,astar,21,0.25,21250,False,,error,0,,,,,,,AssertionError: Start is a wall
full,expectimax,random,21,0.25,21250,False,,timeout,0,50,4919,12.3479,,,,
full,expectimax,greedy,21,0.25,21250,False,,timeout,0,50,16807,36.4961,,,,
full,expectimax,beam,21,0.25,21250,False,,error,0,,,,,,,AssertionError: Start is a wall
full,expectimax,astar,21,0.25,21250,False,,error,0,,,,,,,AssertionError: Start is a wall
full,lrta,random,21,0.25,21250,False,,timeout,0,50,0,0.2219,,,,
full,lrta,greedy,21,0.25,21250,False,,pursuer_win,0,29,0,0.1176,,,,
full,lrta,beam,21,0.25,21250,False,,error,0,,,,,,,AssertionError: Start is a wall
full,lrta,astar,21,0.25,21250,False,,error,0,,,,,,,AssertionError: Start is a wall
full,hill_climb,random,21,0.25,21250,False,,timeout,0,50,653,2.6225,,,,
full,hill_climb,greedy,21,0.25,21250,False,,pursuer_win,0,29,609,2.7357,,,,
full,hill_climb,beam,21,0.25,21250,False,,error,0,,,,,,,AssertionError: Start is a wall
full,hill_climb,astar,21,0.25,21250,False,,error,0,,,,,,,AssertionError: Start is a wall
full,beam_search,random,21,0.25,21250,False,,timeout,0,50,3032,10.9438,,,,
full,beam_search,greedy,21,0.25,21250,False,,pursuer_win,0,29,2231,7.9528,,,,
full,beam_search,beam,21,0.25,21250,False,,error,0,,,,,,,AssertionError: Start is a wall
full,beam_search,astar,21,0.25,21250,False,,error,0,,,,,,,AssertionError: Start is a wall
full,minimax,random,21,0.25,21250,True,,timeout,0,50,10998,19.2813,,,,
full,minimax,greedy,21,0.25,21250,True,,timeout,0,50,10323,18.3148,,,,
full,minimax,beam,21,0.25,21250,True,,error,0,,,,,,,AssertionError: Start is a wall
full,minimax,astar,21,0.25,21250,True,,error,0,,,,,,,AssertionError: Start is a wall
full,alpha_beta,random,21,0.25,21250,True,,timeout,0,50,4779,9.4501,,,,
full,alpha_beta,greedy,21,0.25,21250,True,,timeout,0,50,4795,9.4411,,,,
full,alpha_beta,beam,21,0.25,21250,True,,error,0,,,,,,,AssertionError: Start is a wall
full,alpha_beta,astar,21,0.25,21250,True,,error,0,,,,,,,AssertionError: Start is a wall
full,expectimax,random,21,0.25,21250,True,,timeout,0,50,10998,24.6358,,,,
full,expectimax,greedy,21,0.25,21250,True,,timeout,0,50,19028,41.9589,,,,
full,expectimax,beam,21,0.25,21250,True,,error,0,,,,,,,AssertionError: Start is a wall
full,expectimax,astar,21,0.25,21250,True,,error,0,,,,,,,AssertionError: Start is a wall
full,lrta,random,21,0.25,21250,True,,timeout,0,50,0,0.2547,,,,
full,lrta,greedy,21,0.25,21250,True,,agent_win,1,45,0,0.2163,,,,
full,lrta,beam,21,0.25,21250,True,,error,0,,,,,,,AssertionError: Start is a wall
full,lrta,astar,21,0.25,21250,True,,error,0,,,,,,,AssertionError: Start is a wall
full,hill_climb,random,21,0.25,21250,True,,timeout,0,50,234,0.9444,,,,
full,hill_climb,greedy,21,0.25,21250,True,,timeout,0,50,653,2.5128,,,,
full,hill_climb,beam,21,0.25,21250,True,,error,0,,,,,,,AssertionError: Start is a wall
full,hill_climb,astar,21,0.25,21250,True,,error,0,,,,,,,AssertionError: Start is a wall
full,beam_search,random,21,0.25,21250,True,,timeout,0,50,2943,10.742,,,,
full,beam_search,greedy,21,0.25,21250,True,,agent_win,1,47,2640,9.8134,,,,
full,beam_search,beam,21,0.25,21250,True,,error,0,,,,,,,AssertionError: Start is a wall
full,beam_search,astar,21,0.25,21250,True,,error,0,,,,,,,AssertionError: Start is a wall
full,minimax,random,21,0.25,21251,False,,timeout,0,50,15365,26.1073,,,,
full,minimax,greedy,21,0.25,21251,False,,timeout,0,50,14303,24.8066,,,,
full,minimax,beam,21,0.25,21251,False,,timeout,0,50,16798,28.5312,,,,
full,minimax,astar,21,0.25,21251,False,,pursuer_win,0,30,9239,15.8086,,,,
full,alpha_beta,random,21,0.25,21251,False,,timeout,0,50,6247,12.1282,,,,
full,alpha_beta,greedy,21,0.25,21251,False,,timeout,0,50,5335,10.6024,,,,
full,alpha_beta,beam,21,0.25,21251,False,,timeout,0,50,7263,14.5306,,,,
full,alpha_beta,astar,21,0.25,21251,False,,pursuer_win,0,30,3963,9.8931,,,,
full,expectimax,random,21,0.25,21251,False,,timeout,0,50,15365,53.4271,,,,
full,expectimax,greedy,21,0.25,21251,False,,timeout,0,50,17825,50.3847,,,,
full,expectimax,beam,21,0.25,21251,False,,timeout,0,50,17432,39.6564,,,,
full,expectimax,astar,21,0.25,21251,False,,pursuer_win,0,31,9283,27.3173,,,,
full,lrta,random,21,0.25,21251,False,,timeout,0,50,0,0.2227,,,,
full,lrta,greedy,21,0.25,21251,False,,pursuer_win,0,28,0,0.1218,,,,
full,lrta,beam,21,0.25,21251,False,,timeout,0,50,0,0.2795,,,,
full,lrta,astar,21,0.25,21251,False,,pursuer_win,0,40,0,0.3417,,,,
full,hill_climb,random,21,0.25,21251,False,,timeout,0,50,187,0.7745,,,,
full,hill_climb,greedy,21,0.25,21251,False,,timeout,0,50,187,0.7341,,,,
full,hill_climb,beam,21,0.25,21251,False,,timeout,0,50,187,0.7861,,,,
full,hill_climb,astar,21,0.25,21251,False,,pursuer_win,0,30,157,0.6699,,,,
full,beam_search,random,21,0.25,21251,False,,agent_win,1,41,1325,5.0035,,,,
full,beam_search,greedy,21,0.25,21251,False,,agent_win,1,41,1325,4.8106,,,,
full,beam_search,beam,21,0.25,21251,False,,agent_win,1,41,1325,5.113,,,,
full,beam_search,astar,21,0.25,21251,False,,agent_win,1,41,1325,5.1979,,,,
full,minimax,random,21,0.25,21251,True,,timeout,0,50,13696,25.774,,,,
full,minimax,greedy,21,0.25,21251,True,,timeout,0,50,13390,25.0584,,,,
full,minimax,beam,21,0.25,21251,True,,timeout,0,50,15679,29.6706,,,,
full,minimax,astar,21,0.25,21251,True,,pursuer_win,0,34,8738,18.1075,,,,
full,alpha_beta,random,21,0.25,21251,True,,timeout,0,50,5788,12.0489,,,,
full,alpha_beta,greedy,21,0.25,21251,True,,timeout,0,50,5270,11.7895,,,,
full,alpha_beta,beam,21,0.25,21251,True,,timeout,0,50,6757,14.7956,,,,
full,alpha_beta,astar,21,0.25,21251,True,,pursuer_win,0,34,3853,8.1158,,,,
full,expectimax,random,21,0.25,21251,True,,timeout,0,50,13696,32.2572,,,,
full,expectimax,greedy,21,0.25,21251,True,,timeout,0,50,16132,39.0031,,,,
full,expectimax,beam,21,0.25,21251,True,,timeout,0,50,15559,33.0765,,,,
full,expectimax,astar,21,0.25,21251,True,,pursuer_win,0,35,8770,19.4396,,,,
full,lrta,random,21,0.25,21251,True,,timeout,0,50,0,0.2844,,,,
full,lrta,greedy,21,0.25,21251,True,,pursuer_win,0,28,0,0.1288,,,,
full,lrta,beam,21,0.25,21251,True,,pursuer_win,0,23,0,0.1545,,,,
full,lrta,astar,21,0.25,21251,True,,timeout,0,50,0,0.3476,,,,
full,hill_climb,random,21,0.25,21251,True,,timeout,0,50,187,0.7834,,,,
full,hill_climb,greedy,21,0.25,21251,True,,timeout,0,50,212,0.8857,,,,
full,hill_climb,beam,21,0.25,21251,True,,timeout,0,50,212,1.001,,,,
full,hill_climb,astar,21,0.25,21251,True,,pursuer_win,0,34,163,0.7723,,,,
full,beam_search,random,21,0.25,21251,True,,timeout,0,50,1934,7.2202,,,,
full,beam_search,greedy,21,0.25,21251,True,,timeout,0,50,1875,7.037,,,,
full,beam_search,beam,21,0.25,21251,True,,pursuer_win,0,24,789,3.099,,,,
full,beam_search,astar,21,0.25,21251,True,,pursuer_win,0,36,1291,5.0081,,,,
full,minimax,random,21,0.25,21252,False,,timeout,0,50,10666,18.7776,,,,
full,minimax,greedy,21,0.25,21252,False,,timeout,0,50,9848,17.4438,,,,
full,minimax,beam,21,0.25,21252,False,,pursuer_win,0,29,7276,13.1492,,,,
full,minimax,astar,21,0.25,21252,False,,pursuer_win,0,29,7276,12.7226,,,,
full,alpha_beta,random,21,0.25,21252,False,,timeout,0,50,5837,11.6748,,,,
full,alpha_beta,greedy,21,0.25,21252,False,,timeout,0,50,5510,11.1372,,,,
full,alpha_beta,beam,21,0.25,21252,False,,pursuer_win,0,29,4017,7.9576,,,,
full,alpha_beta,astar,21,0.25,21252,False,,pursuer_win,0,29,4017,8.0383,,,,
full,expectimax,random,21,0.25,21252,False,,timeout,0,50,10666,24.4173,,,,
full,expectimax,greedy,21,0.25,21252,False,,timeout,0,50,9848,23.2168,,,,
full,expectimax,beam,21,0.25,21252,False,,pursuer_win,0,30,7296,16.8794,,,,
full,expectimax,astar,21,0.25,21252,False,,pursuer_win,0,30,7296,17.0652,,,,
full,lrta,random,21,0.25,21252,False,,timeout,0,50,0,0.2284,,,,
full,lrta,greedy,21,0.25,21252,False,,timeout,0,50,0,0.1971,,,,
full,lrta,beam,21,0.25,21252,False,,pursuer_win,0,24,0,0.1159,,,,
full,lrta,astar,21,0.25,21252,False,,pursuer_win,0,24,0,0.119,,,,
full,hill_climb,random,21,0.25,21252,False,,timeout,0,50,339,1.3054,,,,
full,hill_climb,greedy,21,0.25,21252,False,,timeout,0,50,339,1.3508,,,,
full,hill_climb,beam,21,0.25,21252,False,,pursuer_win,0,24,300,1.1993,,,,
full,hill_climb,astar,21,0.25,21252,False,,pursuer_win,0,24,300,1.1541,,,,
full,beam_search,random,21,0.25,21252,False,,timeout,0,50,2068,7.1321,,,,
full,beam_search,greedy,21,0.25,21252,False,,timeout,0,50,2068,6.8905,,,,
full,beam_search,beam,21,0.25,21252,False,,pursuer_win,0,24,1249,4.2563,,,,
full,beam_search,astar,21,0.25,21252,False,,pursuer_win,0,24,1249,4.4698,,,,
full,minimax,random,21,0.25,21252,True,,timeout,0,50,13178,21.8983,,,,
full,minimax,greedy,21,0.25,21252,True,,timeout,0,50,9868,16.5803,,,,
full,minimax,beam,21,0.25,21252,True,,pursuer_win,0,31,7592,12.9847,,,,
full,minimax,astar,21,0.25,21252,True,,pursuer_win,0,29,7375,13.029,,,,
full,alpha_beta,random,21,0.25,21252,True,,timeout,0,50,6052,12.1627,,,,
full,alpha_beta,greedy,21,0.25,21252,True,,timeout,0,50,5520,10.759,,,,
full,alpha_beta,beam,21,0.25,21252,True,,pursuer_win,0,31,4115,7.7314,,,,
full,alpha_beta,astar,21,0.25,21252,True,,pursuer_win,0,29,4008,7.9044,,,,
full,expectimax,random,21,0.25,21252,True,,timeout,0,50,13178,29.4471,,,,
full,expectimax,greedy,21,0.25,21252,True,,timeout,0,50,9868,22.5239,,,,
full,expectimax,beam,21,0.25,21252,True,,pursuer_win,0,32,7612,17.6192,,,,
full,expectimax,astar,21,0.25,21252,True,,pursuer_win,0,30,7395,15.5206,,,,
full,lrta,random,21,0.25,21252,True,,timeout,0,50,0,0.2273,,,,
full,lrta,greedy,21,0.25,21252,True,,agent_win,1,49,0,0.2127,,,,
full,lrta,beam,21,0.25,21252,True,,pursuer_win,0,24,0,0.1326,,,,
full,lrta,astar,21,0.25,21252,True,,pursuer_win,0,24,0,0.1359,,,,
full,hill_climb,random,21,0.25,21252,True,,timeout,0,50,339,1.354,,,,
full,hill_climb,greedy,21,0.25,21252,True,,timeout,0,50,364,1.4511,,,,
full,hill_climb,beam,21,0.25,21252,True,,pursuer_win,0,24,300,1.2377,,,,
full,hill_climb,astar,21,0.25,21252,True,,pursuer_win,0,24,300,1.2927,,,,
full,beam_search,random,21,0.25,21252,True,,agent_win,1,43,1893,7.4323,,,,
full,beam_search,greedy,21,0.25,21252,True,,agent_win,1,43,2130,8.2957,,,,
full,beam_search,beam,21,0.25,21252,True,,agent_win,1,43,2130,8.0245,,,,
full,beam_search,astar,21,0.25,21252,True,,agent_win,1,43,2130,8.4087,,,,
full,minimax,random,21,0.25,21253,False,,agent_win,1,41,12158,20.3279,,,,
full,minimax,greedy,21,0.25,21253,False,,timeout,0,50,11606,20.1464,,,,
full,minimax,beam,21,0.25,21253,False,,timeout,0,50,11981,21.0051,,,,
full,minimax,astar,21,0.25,21253,False,,timeout,0,50,11773,20.6591,,,,
full,alpha_beta,random,21,0.25,21253,False,,agent_win,1,41,5913,11.6969,,,,
full,alpha_beta,greedy,21,0.25,21253,False,,timeout,0,50,5810,11.6271,,,,
full,alpha_beta,beam,21,0.25,21253,False,,timeout,0,50,5922,11.718,,,,
full,alpha_beta,astar,21,0.25,21253,False,,timeout,0,50,5737,11.7514,,,,
full,expectimax,random,21,0.25,21253,False,,timeout,0,50,15790,36.7835,,,,
full,expectimax,greedy,21,0.25,21253,False,,timeout,0,50,12889,30.4658,,,,
full,expectimax,beam,21,0.25,21253,False,,timeout,0,50,12889,30.3473,,,,
full,expectimax,astar,21,0.25,21253,False,,timeout,0,50,12394,28.2798,,,,
full,lrta,random,21,0.25,21253,False,,agent_win,1,49,0,0.227,,,,
full,lrta,greedy,21,0.25,21253,False,,agent_win,1,49,0,0.2117,,,,
full,lrta,beam,21,0.25,21253,False,,pursuer_win,0,29,0,0.1532,,,,
full,lrta,astar,21,0.25,21253,False,,pursuer_win,0,16,0,0.0851,,,,
full,hill_climb,random,21,0.25,21253,False,,timeout,0,50,125,0.5282,,,,
full,hill_climb,greedy,21,0.25,21253,False,,timeout,0,50,125,0.5066,,,,
full,hill_climb,beam,21,0.25,21253,False,,timeout,0,50,125,0.5418,,,,
full,hill_climb,astar,21,0.25,21253,False,,pursuer_win,0,21,81,0.3385,,,,
full,beam_search,random,21,0.25,21253,False,,agent_win,1,39,1803,6.7593,,,,
full,beam_search,greedy,21,0.25,21253,False,,agent_win,1,39,1803,6.6048,,,,
full,beam_search,beam,21,0.25,21253,False,,agent_win,1,39,1803,6.7158,,,,
full,beam_search,astar,21,0.25,21253,False,,pursuer_win,0,15,1095,4.1422,,,,
full,minimax,random,21,0.25,21253,True,,timeout,0,50,11302,20.0331,,,,
full,minimax,greedy,21,0.25,21253,True,,timeout,0,50,12198,21.4743,,,,
full,minimax,beam,21,0.25,21253,True,,timeout,0,50,12559,22.2901,,,,
full,minimax,astar,21,0.25,21253,True,,timeout,0,50,17110,29.7829,,,,
full,alpha_beta,random,21,0.25,21253,True,,timeout,0,50,5720,11.4821,,,,
full,alpha_beta,greedy,21,0.25,21253,True,,timeout,0,50,6214,12.3659,,,,
full,alpha_beta,beam,21,0.25,21253,True,,timeout,0,50,6132,12.4075,,,,
full,alpha_beta,astar,21,0.25,21253,True,,timeout,0,50,8065,16.0871,,,,
full,expectimax,random,21,0.25,21253,True,,timeout,0,50,9990,23.1803,,,,
full,expectimax,greedy,21,0.25,21253,True,,timeout,0,50,13621,32.5746,,,,
full,expectimax,beam,21,0.25,21253,True,,timeout,0,50,13288,31.4063,,,,
full,expectimax,astar,21,0.25,21253,True,,timeout,0,50,16009,36.575,,,,
full,lrta,random,21,0.25,21253,True,,timeout,0,50,0,0.2691,,,,
full,lrta,greedy,21,0.25,21253,True,,pursuer_win,0,50,0,0.2399,,,,
full,lrta,beam,21,0.25,21253,True,,pursuer_win,0,36,0,0.1951,,,,
full,lrta,astar,21,0.25,21253,True,,pursuer_win,0,16,0,0.0909,,,,
full,hill_climb,random,21,0.25,21253,True,,timeout,0,50,141,0.5536,,,,
full,hill_climb,greedy,21,0.25,21253,True,,timeout,0,50,125,0.4987,,,,
full,hill_climb,beam,21,0.25,21253,True,,timeout,0,50,125,0.5653,,,,
full,hill_climb,astar,21,0.25,21253,True,,pursuer_win,0,21,81,0.357,,,,
full,beam_search,random,21,0.25,21253,True,,agent_win,1,39,1824,6.5964,,,,
full,beam_search,greedy,21,0.25,21253,True,,timeout,0,50,3945,14.3684,,,,
full,beam_search,beam,21,0.25,21253,True,,timeout,0,50,3945,16.6406,,,,
full,beam_search,astar,21,0.25,21253,True,,pursuer_win,0,15,1095,3.9165,,,,
full,minimax,random,21,0.25,21254,False,,timeout,0,50,9596,17.0433,,,,
full,minimax,greedy,21,0.25,21254,False,,timeout,0,50,6837,12.8483,,,,
full,minimax,beam,21,0.25,21254,False,,timeout,0,50,10750,20.3446,,,,
full,minimax,astar,21,0.25,21254,False,,timeout,0,50,10109,17.0752,,,,
full,alpha_beta,random,21,0.25,21254,False,,timeout,0,50,4114,7.6264,,,,
full,alpha_beta,greedy,21,0.25,21254,False,,timeout,0,50,3671,7.0937,,,,
full,alpha_beta,beam,21,0.25,21254,False,,timeout,0,50,4086,8.1055,,,,
full,alpha_beta,astar,21,0.25,21254,False,,timeout,0,50,4728,9.418,,,,
full,expectimax,random,21,0.25,21254,False,,timeout,0,50,9533,22.1161,,,,
full,expectimax,greedy,21,0.25,21254,False,,timeout,0,50,6837,16.7152,,,,
full,expectimax,beam,21,0.25,21254,False,,timeout,0,50,11670,27.563,,,,
full,expectimax,astar,21,0.25,21254,False,,timeout,0,50,10109,23.1873,,,,
full,lrta,random,21,0.25,21254,False,,timeout,0,50,0,0.2112,,,,
full,lrta,greedy,21,0.25,21254,False,,timeout,0,50,0,0.2035,,,,
full,lrta,beam,21,0.25,21254,False,,pursuer_win,0,29,0,0.147,,,,
full,lrta,astar,21,0.25,21254,False,,pursuer_win,0,26,0,0.129,,,,
full,hill_climb,random,21,0.25,21254,False,,timeout,0,50,79,0.314,,,,
full,hill_climb,greedy,21,0.25,21254,False,,timeout,0,50,79,0.3068,,,,
full,hill_climb,beam,21,0.25,21254,False,,pursuer_win,0,25,42,0.1804,,,,
full,hill_climb,astar,21,0.25,21254,False,,pursuer_win,0,25,42,0.181,,,,
full,beam_search,random,21,0.25,21254,False,,agent_win,1,41,1872,7.8091,,,,
full,beam_search,greedy,21,0.25,21254,False,,agent_win,1,41,1872,6.9574,,,,
full,beam_search,beam,21,0.25,21254,False,,pursuer_win,0,14,909,4.6093,,,,
full,beam_search,astar,21,0.25,21254,False,,pursuer_win,0,14,909,3.2777,,,,
full,minimax,random,21,0.25,21254,True,,timeout,0,50,8264,13.522,,,,
full,minimax,greedy,21,0.25,21254,True,,timeout,0,50,7806,13.154,,,,
full,minimax,beam,21,0.25,21254,True,,timeout,0,50,10385,17.3074,,,,
full,minimax,astar,21,0.25,21254,True,,pursuer_win,0,45,9242,16.058,,,,
full,alpha_beta,random,21,0.25,21254,True,,timeout,0,50,3961,8.0012,,,,
full,alpha_beta,greedy,21,0.25,21254,True,,timeout,0,50,4049,8.2249,,,,
full,alpha_beta,beam,21,0.25,21254,True,,timeout,0,50,4018,8.487,,,,
full,alpha_beta,astar,21,0.25,21254,True,,pursuer_win,0,45,4440,9.2963,,,,
full,expectimax,random,21,0.25,21254,True,,timeout,0,50,8264,20.2499,,,,
full,expectimax,greedy,21,0.25,21254,True,,timeout,0,50,7806,17.8835,,,,
full,expectimax,beam,21,0.25,21254,True,,timeout,0,50,17017,38.7515,,,,
full,expectimax,astar,21,0.25,21254,True,,pursuer_win,0,46,9214,20.6031,,,,
full,lrta,random,21,0.25,21254,True,,pursuer_win,0,48,0,0.219,,,,
full,lrta,greedy,21,0.25,21254,True,,timeout,0,50,0,0.2223,,,,
full,lrta,beam,21,0.25,21254,True,,pursuer_win,0,28,0,0.1574,,,,
full,lrta,astar,21,0.25,21254,True,,pursuer_win,0,26,0,0.145,,,,
full,hill_climb,random,21,0.25,21254,True,,timeout,0,50,79,0.3335,,,,
full,hill_climb,greedy,21,0.25,21254,True,,timeout,0,50,87,0.336,,,,
full,hill_climb,beam,21,0.25,21254,True,,pursuer_win,0,24,48,0.2171,,,,
full,hill_climb,astar,21,0.25,21254,True,,pursuer_win,0,24,48,0.2228,,,,
full,beam_search,random,21,0.25,21254,True,,agent_win,1,41,1861,6.5982,,,,
full,beam_search,greedy,21,0.25,21254,True,,agent_win,1,41,1711,6.2972,,,,
full,beam_search,beam,21,0.25,21254,True,,pursuer_win,0,14,863,3.3105,,,,
full,beam_search,astar,21,0.25,21254,True,,pursuer_win,0,14,863,3.3688,,,,
full,minimax,random,21,0.35,21350,False,,timeout,0,50,13444,22.3464,,,,
full,minimax,greedy,21,0.35,21350,False,,timeout,0,50,9731,16.1794,,,,
full,minimax,beam,21,0.35,21350,False,,error,0,,,,,,,AssertionError: Start is a wall
full,minimax,astar,21,0.35,21350,False,,error,0,,,,,,,AssertionError: Start is a wall
full,alpha_beta,random,21,0.35,21350,False,,timeout,0,50,6135,12.0109,,,,
full,alpha_beta,greedy,21,0.35,21350,False,,timeout,0,50,4827,9.7604,,,,
full,alpha_beta,beam,21,0.35,21350,False,,error,0,,,,,,,AssertionError: Start is a wall
full,alpha_beta,astar,21,0.35,21350,False,,error,0,,,,,,,AssertionError: Start is a wall
full,expectimax,random,21,0.35,21350,False,,timeout,0,50,12954,30.0245,,,,
full,expectimax,greedy,21,0.35,21350,False,,timeout,0,50,4154,10.1956,,,,
full,expectimax,beam,21,0.35,21350,False,,error,0,,,,,,,AssertionError: Start is a wall
full,expectimax,astar,21,0.35,21350,False,,error,0,,,,,,,AssertionError: Start is a wall
full,lrta,random,21,0.35,21350,False,,timeout,0,50,0,0.2152,,,,
full,lrta,greedy,21,0.35,21350,False,,timeout,0,50,0,0.2019,,,,
full,lrta,beam,21,0.35,21350,False,,error,0,,,,,,,AssertionError: Start is a wall
full,lrta,astar,21,0.35,21350,False,,error,0,,,,,,,AssertionError: Start is a wall
full,hill_climb,random,21,0.35,21350,False,,timeout,0,50,75,0.2534,,,,
full,hill_climb,greedy,21,0.35,21350,False,,timeout,0,50,75,0.2334,,,,
full,hill_climb,beam,21,0.35,21350,False,,error,0,,,,,,,AssertionError: Start is a wall
full,hill_climb,astar,21,0.35,21350,False,,error,0,,,,,,,AssertionError: Start is a wall
full,beam_search,random,21,0.35,21350,False,,timeout,0,50,3950,13.6216,,,,
full,beam_search,greedy,21,0.35,21350,False,,timeout,0,50,3950,13.5753,,,,
full,beam_search,beam,21,0.35,21350,False,,error,0,,,,,,,AssertionError: Start is a wall
full,beam_search,astar,21,0.35,21350,False,,error,0,,,,,,,AssertionError: Start is a wall
full,minimax,random,21,0.35,21350,True,,timeout,0,50,13714,23.2979,,,,
full,minimax,greedy,21,0.35,21350,True,,timeout,0,50,13347,22.5433,,,,
full,minimax,beam,21,0.35,21350,True,,error,0,,,,,,,AssertionError: Start is a wall
full,minimax,astar,21,0.35,21350,True,,error,0,,,,,,,AssertionError: Start is a wall
full,alpha_beta,random,21,0.35,21350,True,,timeout,0,50,5983,12.0454,,,,
full,alpha_beta,greedy,21,0.35,21350,True,,timeout,0,50,6015,12.2613,,,,
full,alpha_beta,beam,21,0.35,21350,True,,error,0,,,,,,,AssertionError: Start is a wall
full,alpha_beta,astar,21,0.35,21350,True,,error,0,,,,,,,AssertionError: Start is a wall
full,expectimax,random,21,0.35,21350,True,,timeout,0,50,14110,30.9757,,,,
full,expectimax,greedy,21,0.35,21350,True,,pursuer_win,0,44,7687,17.6253,,,,
full,expectimax,beam,21,0.35,21350,True,,error,0,,,,,,,AssertionError: Start is a wall
full,expectimax,astar,21,0.35,21350,True,,error,0,,,,,,,AssertionError: Start is a wall
full,lrta,random,21,0.35,21350,True,,pursuer_win,0,50,0,0.2526,,,,
full,lrta,greedy,21,0.35,21350,True,,pursuer_win,0,38,0,0.1767,,,,
full,lrta,beam,21,0.35,21350,True,,error,0,,,,,,,AssertionError: Start is a wall
full,lrta,astar,21,0.35,21350,True,,error,0,,,,,,,AssertionError: Start is a wall
full,hill_climb,random,21,0.35,21350,True,,timeout,0,50,75,0.2701,,,,
full,hill_climb,greedy,21,0.35,21350,True,,timeout,0,50,75,0.2612,,,,
full,hill_climb,beam,21,0.35,21350,True,,error,0,,,,,,,AssertionError: Start is a wall
full,hill_climb,astar,21,0.35,21350,True,,error,0,,,,,,,AssertionError: Start is a wall
full,beam_search,random,21,0.35,21350,True,,timeout,0,50,3836,12.9701,,,,
full,beam_search,greedy,21,0.35,21350,True,,timeout,0,50,2489,8.6627,,,,
full,beam_search,beam,21,0.35,21350,True,,error,0,,,,,,,AssertionError: Start is a wall
full,beam_search,astar,21,0.35,21350,True,,error,0,,,,,,,AssertionError: Start is a wall
full,minimax,random,21,0.35,21351,False,,timeout,0,50,8579,14.2291,,,,
full,minimax,greedy,21,0.35,21351,False,,timeout,0,50,8182,14.1532,,,,
full,minimax,beam,21,0.35,21351,False,,timeout,0,50,8182,14.3176,,,,
full,minimax,astar,21,0.35,21351,False,,timeout,0,50,8182,14.3631,,,,
full,alpha_beta,random,21,0.35,21351,False,,timeout,0,50,3785,7.6078,,,,
full,alpha_beta,greedy,21,0.35,21351,False,,timeout,0,50,3409,7.1803,,,,
full,alpha_beta,beam,21,0.35,21351,False,,timeout,0,50,3409,7.1818,,,,
full,alpha_beta,astar,21,0.35,21351,False,,timeout,0,50,3409,9.7155,,,,
full,expectimax,random,21,0.35,21351,False,,timeout,0,50,8637,21.7241,,,,
full,expectimax,greedy,21,0.35,21351,False,,timeout,0,50,8224,20.5033,,,,
full,expectimax,beam,21,0.35,21351,False,,timeout,0,50,8224,20.2797,,,,
full,expectimax,astar,21,0.35,21351,False,,timeout,0,50,8224,25.5336,,,,
full,lrta,random,21,0.35,21351,False,,timeout,0,50,0,0.2049,,,,
full,lrta,greedy,21,0.35,21351,False,,timeout,0,50,0,0.2034,,,,
full,lrta,beam,21,0.35,21351,False,,timeout,0,50,0,0.2503,,,,
full,lrta,astar,21,0.35,21351,False,,timeout,0,50,0,0.2491,,,,
full,hill_climb,random,21,0.35,21351,False,,timeout,0,50,79,0.2717,,,,
full,hill_climb,greedy,21,0.35,21351,False,,timeout,0,50,79,0.2555,,,,
full,hill_climb,beam,21,0.35,21351,False,,timeout,0,50,79,0.282,,,,
full,hill_climb,astar,21,0.35,21351,False,,timeout,0,50,79,0.2914,,,,
full,beam_search,random,21,0.35,21351,False,,timeout,0,50,1778,6.4829,,,,
full,beam_search,greedy,21,0.35,21351,False,,timeout,0,50,1778,6.4662,,,,
full,beam_search,beam,21,0.35,21351,False,,timeout,0,50,1778,6.4435,,,,
full,beam_search,astar,21,0.35,21351,False,,timeout,0,50,1778,6.3347,,,,
full,minimax,random,21,0.35,21351,True,,timeout,0,50,8865,15.3414,,,,
full,minimax,greedy,21,0.35,21351,True,,timeout,0,50,9110,15.7504,,,,
full,minimax,beam,21,0.35,21351,True,,timeout,0,50,9110,15.0403,,,,
full,minimax,astar,21,0.35,21351,True,,timeout,0,50,9110,16.8961,,,,
full,alpha_beta,random,21,0.35,21351,True,,timeout,0,50,3875,7.7277,,,,
full,alpha_beta,greedy,21,0.35,21351,True,,timeout,0,50,3948,8.0329,,,,
full,alpha_beta,beam,21,0.35,21351,True,,timeout,0,50,3948,10.1616,,,,
full,alpha_beta,astar,21,0.35,21351,True,,timeout,0,50,3948,9.671,,,,
full,expectimax,random,21,0.35,21351,True,,timeout,0,50,8907,20.98,,,,
full,expectimax,greedy,21,0.35,21351,True,,timeout,0,50,9152,21.4045,,,,
full,expectimax,beam,21,0.35,21351,True,,timeout,0,50,9152,21.8467,,,,
full,expectimax,astar,21,0.35,21351,True,,timeout,0,50,9152,22.1874,,,,
full,lrta,random,21,0.35,21351,True,,timeout,0,50,0,0.243,,,,
full,lrta,greedy,21,0.35,21351,True,,timeout,0,50,0,0.234,,,,
full,lrta,beam,21,0.35,21351,True,,timeout,0,50,0,0.2791,,,,
full,lrta,astar,21,0.35,21351,True,,timeout,0,50,0,0.2725,,,,
full,hill_climb,random,21,0.35,21351,True,,timeout,0,50,79,0.3112,,,,
full,hill_climb,greedy,21,0.35,21351,True,,timeout,0,50,79,0.3112,,,,
full,hill_climb,beam,21,0.35,21351,True,,timeout,0,50,79,0.365,,,,
full,hill_climb,astar,21,0.35,21351,True,,timeout,0,50,79,0.3522,,,,
full,beam_search,random,21,0.35,21351,True,,timeout,0,50,1872,6.9501,,,,
full,beam_search,greedy,21,0.35,21351,True,,timeout,0,50,1661,6.8975,,,,
full,beam_search,beam,21,0.35,21351,True,,timeout,0,50,1661,6.0022,,,,
full,beam_search,astar,21,0.35,21351,True,,timeout,0,50,1661,6.4319,,,,
full,minimax,random,21,0.35,21352,False,,timeout,0,50,12346,21.2292,,,,
full,minimax,greedy,21,0.35,21352,False,,timeout,0,50,9496,16.4219,,,,
full,minimax,beam,21,0.35,21352,False,,timeout,0,50,12433,21.386,,,,
full,minimax,astar,21,0.35,21352,False,,timeout,0,50,12433,21.3161,,,,
full,alpha_beta,random,21,0.35,21352,False,,timeout,0,50,5794,11.4637,,,,
full,alpha_beta,greedy,21,0.35,21352,False,,timeout,0,50,4296,8.6493,,,,
full,alpha_beta,beam,21,0.35,21352,False,,timeout,0,50,5904,11.6024,,,,
full,alpha_beta,astar,21,0.35,21352,False,,timeout,0,50,5904,11.6169,,,,
full,expectimax,random,21,0.35,21352,False,,timeout,0,50,12169,29.0747,,,,
full,expectimax,greedy,21,0.35,21352,False,,timeout,0,50,9380,22.1637,,,,
full,expectimax,beam,21,0.35,21352,False,,timeout,0,50,12162,28.6753,,,,
full,expectimax,astar,21,0.35,21352,False,,timeout,0,50,12162,28.1526,,,,
full,lrta,random,21,0.35,21352,False,,timeout,0,50,0,0.2173,,,,
full,lrta,greedy,21,0.35,21352,False,,pursuer_win,0,15,0,0.0669,,,,
full,lrta,beam,21,0.35,21352,False,,pursuer_win,0,15,0,0.078,,,,
full,lrta,astar,21,0.35,21352,False,,pursuer_win,0,15,0,0.0786,,,,
full,hill_climb,random,21,0.35,21352,False,,timeout,0,50,219,1.112,,,,
full,hill_climb,greedy,21,0.35,21352,False,,pursuer_win,0,15,165,0.6721,,,,
full,hill_climb,beam,21,0.35,21352,False,,pursuer_win,0,15,165,0.6546,,,,
full,hill_climb,astar,21,0.35,21352,False,,pursuer_win,0,15,165,0.594,,,,
full,beam_search,random,21,0.35,21352,False,,timeout,0,50,2283,7.3656,,,,
full,beam_search,greedy,21,0.35,21352,False,,pursuer_win,0,15,847,2.8588,,,,
full,beam_search,beam,21,0.35,21352,False,,pursuer_win,0,15,847,2.8298,,,,
full,beam_search,astar,21,0.35,21352,False,,pursuer_win,0,15,847,2.9153,,,,
full,minimax,random,21,0.35,21352,True,,timeout,0,50,11593,19.5236,,,,
full,minimax,greedy,21,0.35,21352,True,,timeout,0,50,14579,24.4361,,,,
full,minimax,beam,21,0.35,21352,True,,timeout,0,50,14579,25.0962,,,,
full,minimax,astar,21,0.35,21352,True,,timeout,0,50,14579,25.3412,,,,
full,alpha_beta,random,21,0.35,21352,True,,timeout,0,50,6006,12.2541,,,,
full,alpha_beta,greedy,21,0.35,21352,True,,timeout,0,50,6658,13.2026,,,,
full,alpha_beta,beam,21,0.35,21352,True,,timeout,0,50,6658,15.1713,,,,
full,alpha_beta,astar,21,0.35,21352,True,,timeout,0,50,6658,13.2113,,,,
full,expectimax,random,21,0.35,21352,True,,timeout,0,50,11151,25.3401,,,,
full,expectimax,greedy,21,0.35,21352,True,,timeout,0,50,12863,27.3266,,,,
full,expectimax,beam,21,0.35,21352,True,,timeout,0,50,14918,32.7128,,,,
full,expectimax,astar,21,0.35,21352,True,,timeout,0,50,14918,33.8118,,,,
full,lrta,random,21,0.35,21352,True,,timeout,0,50,0,0.2394,,,,
full,lrta,greedy,21,0.35,21352,True,,pursuer_win,0,15,0,0.0687,,,,
full,lrta,beam,21,0.35,21352,True,,pursuer_win,0,15,0,0.1023,,,,
full,lrta,astar,21,0.35,21352,True,,pursuer_win,0,15,0,0.1204,,,,
full,hill_climb,random,21,0.35,21352,True,,pursuer_win,0,30,189,0.7696,,,,
full,hill_climb,greedy,21,0.35,21352,True,,pursuer_win,0,15,165,0.6471,,,,
full,hill_climb,beam,21,0.35,21352,True,,pursuer_win,0,15,165,0.8687,,,,
full,hill_climb,astar,21,0.35,21352,True,,pursuer_win,0,15,165,0.691,,,,
full,beam_search,random,21,0.35,21352,True,,pursuer_win,0,30,1449,4.9592,,,,
full,beam_search,greedy,21,0.35,21352,True,,pursuer_win,0,15,852,2.9745,,,,
full,beam_search,beam,21,0.35,21352,True,,pursuer_win,0,15,852,3.0146,,,,
full,beam_search,astar,21,0.35,21352,True,,pursuer_win,0,15,852,3.0102,,,,
full,minimax,random,21,0.35,21353,False,,timeout,0,50,7219,12.3512,,,,
full,minimax,greedy,21,0.35,21353,False,,timeout,0,50,6583,11.541,,,,
full,minimax,beam,21,0.35,21353,False,,timeout,0,50,6583,10.714,,,,
full,minimax,astar,21,0.35,21353,False,,timeout,0,50,6583,11.1923,,,,
full,alpha_beta,random,21,0.35,21353,False,,timeout,0,50,3628,7.1602,,,,
full,alpha_beta,greedy,21,0.35,21353,False,,timeout,0,50,3681,7.1677,,,,
full,alpha_beta,beam,21,0.35,21353,False,,timeout,0,50,3681,7.831,,,,
full,alpha_beta,astar,21,0.35,21353,False,,timeout,0,50,3681,7.2707,,,,
full,expectimax,random,21,0.35,21353,False,,timeout,0,50,7219,17.2027,,,,
full,expectimax,greedy,21,0.35,21353,False,,timeout,0,50,6583,16.1093,,,,
full,expectimax,beam,21,0.35,21353,False,,timeout,0,50,6583,15.5995,,,,
full,expectimax,astar,21,0.35,21353,False,,timeout,0,50,6583,16.0411,,,,
full,lrta,random,21,0.35,21353,False,,timeout,0,50,0,0.2407,,,,
full,lrta,greedy,21,0.35,21353,False,,timeout,0,50,0,0.2064,,,,
full,lrta,beam,21,0.35,21353,False,,timeout,0,50,0,0.2327,,,,
full,lrta,astar,21,0.35,21353,False,,timeout,0,50,0,0.2368,,,,
full,hill_climb,random,21,0.35,21353,False,,timeout,0,50,99,0.3702,,,,
full,hill_climb,greedy,21,0.35,21353,False,,timeout,0,50,99,0.4221,,,,
full,hill_climb,beam,21,0.35,21353,False,,timeout,0,50,99,0.3779,,,,
full,hill_climb,astar,21,0.35,21353,False,,timeout,0,50,99,0.3875,,,,
full,beam_search,random,21,0.35,21353,False,,agent_win,1,47,1973,7.1234,,,,
full,beam_search,greedy,21,0.35,21353,False,,agent_win,1,47,1973,7.2243,,,,
full,beam_search,beam,21,0.35,21353,False,,agent_win,1,47,1973,7.1616,,,,
full,beam_search,astar,21,0.35,21353,False,,agent_win,1,47,1973,7.2283,,,,
full,minimax,random,21,0.35,21353,True,,timeout,0,50,7085,12.9577,,,,
full,minimax,greedy,21,0.35,21353,True,,timeout,0,50,6583,12.1503,,,,
full,minimax,beam,21,0.35,21353,True,,timeout,0,50,6583,12.0135,,,,
full,minimax,astar,21,0.35,21353,True,,timeout,0,50,6583,12.1868,,,,
full,alpha_beta,random,21,0.35,21353,True,,timeout,0,50,3594,7.5381,,,,
full,alpha_beta,greedy,21,0.35,21353,True,,timeout,0,50,3689,7.5405,,,,
full,alpha_beta,beam,21,0.35,21353,True,,timeout,0,50,3689,7.687,,,,
full,alpha_beta,astar,21,0.35,21353,True,,timeout,0,50,3689,7.6338,,,,
full,expectimax,random,21,0.35,21353,True,,timeout,0,50,7085,17.5497,,,,
full,expectimax,greedy,21,0.35,21353,True,,timeout,0,50,6583,16.4425,,,,
full,expectimax,beam,21,0.35,21353,True,,timeout,0,50,6583,16.6011,,,,
full,expectimax,astar,21,0.35,21353,True,,timeout,0,50,6583,20.5804,,,,
full,lrta,random,21,0.35,21353,True,,timeout,0,50,0,0.3411,,,,
full,lrta,greedy,21,0.35,21353,True,,timeout,0,50,0,0.3721,,,,
full,lrta,beam,21,0.35,21353,True,,timeout,0,50,0,0.4108,,,,
full,lrta,astar,21,0.35,21353,True,,timeout,0,50,0,0.3005,,,,
full,hill_climb,random,21,0.35,21353,True,,timeout,0,50,129,0.5197,,,,
full,hill_climb,greedy,21,0.35,21353,True,,timeout,0,50,99,0.3931,,,,
full,hill_climb,beam,21,0.35,21353,True,,timeout,0,50,99,0.4269,,,,
full,hill_climb,astar,21,0.35,21353,True,,timeout,0,50,99,0.4346,,,,
full,beam_search,random,21,0.35,21353,True,,timeout,0,50,697,2.4906,,,,
full,beam_search,greedy,21,0.35,21353,True,,agent_win,1,45,1897,6.919,,,,
full,beam_search,beam,21,0.35,21353,True,,agent_win,1,45,1897,7.2239,,,,
full,beam_search,astar,21,0.35,21353,True,,agent_win,1,45,1897,7.0001,,,,
full,minimax,random,21,0.35,21354,False,,timeout,0,50,6910,12.2291,,,,
full,minimax,greedy,21,0.35,21354,False,,timeout,0,50,6045,10.8978,,,,
full,minimax,beam,21,0.35,21354,False,,timeout,0,50,6045,10.8842,,,,
full,minimax,astar,21,0.35,21354,False,,pursuer_win,0,27,3235,5.8601,,,,
full,alpha_beta,random,21,0.35,21354,False,,timeout,0,50,4632,9.3954,,,,
full,alpha_beta,greedy,21,0.35,21354,False,,timeout,0,50,3647,7.3702,,,,
full,alpha_beta,beam,21,0.35,21354,False,,timeout,0,50,3647,7.6708,,,,
full,alpha_beta,astar,21,0.35,21354,False,,pursuer_win,0,27,2114,4.4069,,,,
full,expectimax,random,21,0.35,21354,False,,timeout,0,50,6910,16.4639,,,,
full,expectimax,greedy,21,0.35,21354,False,,timeout,0,50,6045,14.3855,,,,
full,expectimax,beam,21,0.35,21354,False,,timeout,0,50,6045,14.5526,,,,
full,expectimax,astar,21,0.35,21354,False,,pursuer_win,0,28,3253,7.7368,,,,
full,lrta,random,21,0.35,21354,False,,timeout,0,50,0,0.2084,,,,
full,lrta,greedy,21,0.35,21354,False,,pursuer_win,0,38,0,0.1549,,,,
full,lrta,beam,21,0.35,21354,False,,pursuer_win,0,20,0,0.0968,,,,
full,lrta,astar,21,0.35,21354,False,,pursuer_win,0,18,0,0.0866,,,,
full,hill_climb,random,21,0.35,21354,False,,timeout,0,50,79,0.3054,,,,
full,hill_climb,greedy,21,0.35,21354,False,,timeout,0,50,79,0.2926,,,,
full,hill_climb,beam,21,0.35,21354,False,,pursuer_win,0,23,39,0.165,,,,
full,hill_climb,astar,21,0.35,21354,False,,pursuer_win,0,23,39,0.1627,,,,
full,beam_search,random,21,0.35,21354,False,,timeout,0,50,2250,8.0552,,,,
full,beam_search,greedy,21,0.35,21354,False,,timeout,0,50,2250,8.0425,,,,
full,beam_search,beam,21,0.35,21354,False,,pursuer_win,0,23,1035,3.6815,,,,
full,beam_search,astar,21,0.35,21354,False,,pursuer_win,0,23,1035,3.6962,,,,
full,minimax,random,21,0.35,21354,True,,timeout,0,50,7755,13.7821,,,,
full,minimax,greedy,21,0.35,21354,True,,timeout,0,50,6410,13.1506,,,,
full,minimax,beam,21,0.35,21354,True,,pursuer_win,0,25,3330,5.641,,,,
full,minimax,astar,21,0.35,21354,True,,pursuer_win,0,25,3330,5.8382,,,,
full,alpha_beta,random,21,0.35,21354,True,,timeout,0,50,5095,10.0209,,,,
full,alpha_beta,greedy,21,0.35,21354,True,,timeout,0,50,3879,8.337,,,,
full,alpha_beta,beam,21,0.35,21354,True,,pursuer_win,0,25,2156,4.3396,,,,
full,alpha_beta,astar,21,0.35,21354,True,,pursuer_win,0,25,2156,4.5192,,,,
full,expectimax,random,21,0.35,21354,True,,timeout,0,50,7755,17.5615,,,,
full,expectimax,greedy,21,0.35,21354,True,,timeout,0,50,6410,15.3664,,,,
full,expectimax,beam,21,0.35,21354,True,,pursuer_win,0,26,3348,7.8163,,,,
full,expectimax,astar,21,0.35,21354,True,,pursuer_win,0,26,3348,7.8273,,,,
full,lrta,random,21,0.35,21354,True,,timeout,0,50,0,0.2244,,,,
full,lrta,greedy,21,0.35,21354,True,,pursuer_win,0,20,0,0.0835,,,,
full,lrta,beam,21,0.35,21354,True,,pursuer_win,0,18,0,0.0951,,,,
full,lrta,astar,21,0.35,21354,True,,pursuer_win,0,18,0,0.0949,,,,
full,hill_climb,random,21,0.35,21354,True,,timeout,0,50,79,0.3169,,,,
full,hill_climb,greedy,21,0.35,21354,True,,pursuer_win,0,22,105,0.4218,,,,
full,hill_climb,beam,21,0.35,21354,True,,pursuer_win,0,19,63,0.2813,,,,
full,hill_climb,astar,21,0.35,21354,True,,pursuer_win,0,19,63,0.2818,,,,
full,beam_search,random,21,0.35,21354,True,,timeout,0,50,2073,7.014,,,,
full,beam_search,greedy,21,0.35,21354,True,,pursuer_win,0,22,1181,4.1573,,,,
full,beam_search,beam,21,0.35,21354,True,,pursuer_win,0,19,939,3.7269,,,,
full,beam_search,astar,21,0.35,21354,True,,pursuer_win,0,19,939,3.4038,,,,
partial,online_astar,random,11,0.15,16150,False,2,pursuer_win,0,9,,2.4307,0.3306,0,,
partial,online_astar,greedy,11,0.15,16150,False,2,pursuer_win,0,10,,2.3774,0.3636,0,,
partial,online_astar,beam,11,0.15,16150,False,2,pursuer_win,0,7,,2.0813,0.2727,0,,
partial,online_astar,astar,11,0.15,16150,False,2,pursuer_win,0,7,,1.8874,0.2727,0,,
partial,online_lrta,random,11,0.15,16150,False,2,pursuer_win,0,11,,0.0873,0.3471,0,,
partial,online_lrta,greedy,11,0.15,16150,False,2,pursuer_win,0,12,,0.0648,0.3802,0,,
partial,online_lrta,beam,11,0.15,16150,False,2,pursuer_win,0,8,,0.0656,0.281,0,,
partial,online_lrta,astar,11,0.15,16150,False,2,pursuer_win,0,8,,0.0534,0.281,0,,
partial,exploration,random,11,0.15,16150,False,2,agent_win,1,61,,0.6594,1.0,0,61,
partial,exploration,greedy,11,0.15,16150,False,2,pursuer_win,0,33,,0.3156,0.7107,0,,
partial,exploration,beam,11,0.15,16150,False,2,pursuer_win,0,10,,0.1581,0.2975,0,,
partial,exploration,astar,11,0.15,16150,False,2,pursuer_win,0,10,,0.1338,0.2975,0,,
partial,online_astar,random,11,0.15,16150,False,4,pursuer_win,0,9,,2.0902,0.562,0,,
partial,online_astar,greedy,11,0.15,16150,False,4,pursuer_win,0,10,,2.1391,0.5868,0,,
partial,online_astar,beam,11,0.15,16150,False,4,pursuer_win,0,7,,1.9257,0.4793,0,,
partial,online_astar,astar,11,0.15,16150,False,4,pursuer_win,0,7,,2.1073,0.4793,0,,
partial,online_lrta,random,11,0.15,16150,False,4,pursuer_win,0,11,,0.0873,0.5702,0,,
partial,online_lrta,greedy,11,0.15,16150,False,4,pursuer_win,0,12,,0.0736,0.595,0,,
partial,online_lrta,beam,11,0.15,16150,False,4,pursuer_win,0,8,,0.0796,0.4793,0,,
partial,online_lrta,astar,11,0.15,16150,False,4,pursuer_win,0,8,,0.0541,0.4793,0,,
partial,exploration,random,11,0.15,16150,False,4,agent_win,1,31,,0.4056,1.0,0,29,
partial,exploration,greedy,11,0.15,16150,False,4,agent_win,1,31,,0.4129,1.0,0,29,
partial,exploration,beam,11,0.15,16150,False,4,pursuer_win,0,8,,0.1567,0.4793,0,,
partial,exploration,astar,11,0.15,16150,False,4,pursuer_win,0,8,,0.1765,0.4793,0,,
partial,online_astar,random,11,0.15,16150,False,6,pursuer_win,0,9,,1.9841,0.7521,0,,
partial,online_astar,greedy,11,0.15,16150,False,6,pursuer_win,0,10,,2.1055,0.7769,0,,
partial,online_astar,beam,11,0.15,16150,False,6,pursuer_win,0,7,,2.0162,0.6694,0,,
partial,online_astar,astar,11,0.15,16150,False,6,pursuer_win,0,7,,1.8911,0.6694,0,,
partial,online_lrta,random,11,0.15,16150,False,6,pursuer_win,0,11,,0.0686,0.7521,0,,
partial,online_lrta,greedy,11,0.15,16150,False,6,pursuer_win,0,12,,0.0653,0.7769,0,,
partial,online_lrta,beam,11,0.15,16150,False,6,pursuer_win,0,8,,0.0564,0.6612,0,,
partial,online_lrta,astar,11,0.15,16150,False,6,pursuer_win,0,8,,0.0623,0.6612,0,,
partial,exploration,random,11,0.15,16150,False,6,pursuer_win,0,9,,0.1828,0.7521,0,,
partial,exploration,greedy,11,0.15,16150,False,6,pursuer_win,0,10,,0.1611,0.7769,0,,
partial,exploration,beam,11,0.15,16150,False,6,pursuer_win,0,7,,0.1575,0.6694,0,,
partial,exploration,astar,11,0.15,16150,False,6,pursuer_win,0,7,,0.1594,0.6694,0,,
partial,online_astar,random,11,0.15,16150,True,2,agent_win,1,23,,2.7586,0.6033,4,,
partial,online_astar,greedy,11,0.15,16150,True,2,pursuer_win,0,10,,2.3446,0.3636,1,,
partial,online_astar,beam,11,0.15,16150,True,2,pursuer_win,0,7,,2.0506,0.2727,1,,
partial,online_astar,astar,11,0.15,16150,True,2,pursuer_win,0,7,,2.0611,0.2727,1,,
partial,online_lrta,random,11,0.15,16150,True,2,agent_win,1,23,,0.1475,0.6033,4,,
partial,online_lrta,greedy,11,0.15,16150,True,2,pursuer_win,0,12,,0.0744,0.3802,2,,
partial,online_lrta,beam,11,0.15,16150,True,2,pursuer_win,0,8,,0.0581,0.281,1,,
partial,online_lrta,astar,11,0.15,16150,True,2,pursuer_win,0,8,,0.0558,0.281,1,,
partial,exploration,random,11,0.15,16150,True,2,pursuer_win,0,17,,0.2059,0.4463,3,,
partial,exploration,greedy,11,0.15,16150,True,2,pursuer_win,0,31,,0.3623,0.6942,5,,
partial,exploration,beam,11,0.15,16150,True,2,pursuer_win,0,10,,0.1598,0.2975,1,,
partial,exploration,astar,11,0.15,16150,True,2,pursuer_win,0,10,,0.1906,0.2975,1,,
partial,online_astar,random,11,0.15,16150,True,4,agent_win,1,23,,2.6358,0.8099,4,,
partial,online_astar,greedy,11,0.15,16150,True,4,pursuer_win,0,10,,2.3162,0.5868,1,,
partial,online_astar,beam,11,0.15,16150,True,4,pursuer_win,0,7,,1.9995,0.4793,1,,
partial,online_astar,astar,11,0.15,16150,True,4,pursuer_win,0,7,,2.1025,0.4793,1,,
partial,online_lrta,random,11,0.15,16150,True,4,agent_win,1,23,,0.1689,0.8099,4,,
partial,online_lrta,greedy,11,0.15,16150,True,4,pursuer_win,0,12,,0.0783,0.595,2,,
partial,online_lrta,beam,11,0.15,16150,True,4,pursuer_win,0,8,,0.059,0.4793,1,,
partial,online_lrta,astar,11,0.15,16150,True,4,pursuer_win,0,8,,0.0617,0.4793,1,,
partial,exploration,random,11,0.15,16150,True,4,agent_win,1,39,,0.6674,1.0,6,37,
partial,exploration,greedy,11,0.15,16150,True,4,agent_win,1,31,,0.4728,1.0,5,29,
partial,exploration,beam,11,0.15,16150,True,4,pursuer_win,0,8,,0.1624,0.4793,1,,
partial,exploration,astar,11,0.15,16150,True,4,pursuer_win,0,8,,0.1615,0.4793,1,,
partial,online_astar,random,11,0.15,16150,True,6,agent_win,1,23,,2.6882,0.9256,4,,
partial,online_astar,greedy,11,0.15,16150,True,6,pursuer_win,0,10,,2.1344,0.7769,1,,
partial,online_astar,beam,11,0.15,16150,True,6,pursuer_win,0,7,,1.871,0.6694,1,,
partial,online_astar,astar,11,0.15,16150,True,6,pursuer_win,0,7,,1.9121,0.6694,1,,
partial,online_lrta,random,11,0.15,16150,True,6,agent_win,1,23,,0.1439,0.9256,4,,
partial,online_lrta,greedy,11,0.15,16150,True,6,pursuer_win,0,12,,0.0764,0.7769,2,,
partial,online_lrta,beam,11,0.15,16150,True,6,pursuer_win,0,8,,0.0683,0.6612,1,,
partial,online_lrta,astar,11,0.15,16150,True,6,pursuer_win,0,8,,0.0594,0.6612,1,,
partial,exploration,random,11,0.15,16150,True,6,agent_win,1,25,,0.389,0.9587,4,17,
partial,exploration,greedy,11,0.15,16150,True,6,pursuer_win,0,10,,0.1652,0.7769,1,,
partial,exploration,beam,11,0.15,16150,True,6,pursuer_win,0,7,,0.1896,0.6694,1,,
partial,exploration,astar,11,0.15,16150,True,6,pursuer_win,0,7,,0.1616,0.6694,1,,
partial,online_astar,random,11,0.15,16151,False,2,agent_win,1,21,,2.5423,0.4959,0,,
partial,online_astar,greedy,11,0.15,16151,False,2,agent_win,1,21,,2.5264,0.4959,0,,
partial,online_astar,beam,11,0.15,16151,False,2,agent_win,1,21,,2.683,0.4959,0,,
partial,online_astar,astar,11,0.15,16151,False,2,agent_win,1,21,,2.5236,0.4959,0,,
partial,online_lrta,random,11,0.15,16151,False,2,agent_win,1,21,,0.1102,0.4959,0,,
partial,online_lrta,greedy,11,0.15,16151,False,2,agent_win,1,21,,0.1039,0.4959,0,,
partial,online_lrta,beam,11,0.15,16151,False,2,agent_win,1,21,,0.1089,0.4959,0,,
partial,online_lrta,astar,11,0.15,16151,False,2,agent_win,1,21,,0.1008,0.4959,0,,
partial,exploration,random,11,0.15,16151,False,2,agent_win,1,47,,0.5163,0.9421,0,47,
partial,exploration,greedy,11,0.15,16151,False,2,agent_win,1,47,,0.5102,0.9421,0,47,
partial,exploration,beam,11,0.15,16151,False,2,agent_win,1,47,,0.4943,0.9421,0,47,
partial,exploration,astar,11,0.15,16151,False,2,agent_win,1,47,,0.4867,0.9421,0,47,
partial,online_astar,random,11,0.15,16151,False,4,agent_win,1,19,,2.4656,0.719,0,,
partial,online_astar,greedy,11,0.15,16151,False,4,agent_win,1,19,,2.5908,0.719,0,,
partial,online_astar,beam,11,0.15,16151,False,4,agent_win,1,19,,2.464,0.719,0,,
partial,online_astar,astar,11,0.15,16151,False,4,agent_win,1,19,,2.4134,0.719,0,,
partial,online_lrta,random,11,0.15,16151,False,4,agent_win,1,21,,0.1147,0.719,0,,
partial,online_lrta,greedy,11,0.15,16151,False,4,agent_win,1,21,,0.1023,0.719,0,,
partial,online_lrta,beam,11,0.15,16151,False,4,agent_win,1,21,,0.1099,0.719,0,,
partial,online_lrta,astar,11,0.15,16151,False,4,agent_win,1,21,,0.1021,0.719,0,,
partial,exploration,random,11,0.15,16151,False,4,agent_win,1,41,,0.605,1.0,0,39,
partial,exploration,greedy,11,0.15,16151,False,4,agent_win,1,41,,0.5871,1.0,0,39,
partial,exploration,beam,11,0.15,16151,False,4,agent_win,1,41,,0.5908,1.0,0,39,
partial,exploration,astar,11,0.15,16151,False,4,agent_win,1,41,,0.6178,1.0,0,39,
partial,online_astar,random,11,0.15,16151,False,6,agent_win,1,19,,2.4266,0.8678,0,,
partial,online_astar,greedy,11,0.15,16151,False,6,agent_win,1,19,,2.3101,0.8678,0,,
partial,online_astar,beam,11,0.15,16151,False,6,agent_win,1,19,,2.3524,0.8678,0,,
partial,online_astar,astar,11,0.15,16151,False,6,agent_win,1,19,,2.394,0.8678,0,,
partial,online_lrta,random,11,0.15,16151,False,6,agent_win,1,21,,0.1241,0.8678,0,,
partial,online_lrta,greedy,11,0.15,16151,False,6,agent_win,1,21,,0.1056,0.8678,0,,
partial,online_lrta,beam,11,0.15,16151,False,6,agent_win,1,21,,0.1053,0.8678,0,,
partial,online_lrta,astar,11,0.15,16151,False,6,agent_win,1,21,,0.121,0.8678,0,,
partial,exploration,random,11,0.15,16151,False,6,agent_win,1,35,,0.7837,1.0,0,31,
partial,exploration,greedy,11,0.15,16151,False,6,agent_win,1,35,,0.8023,1.0,0,31,
partial,exploration,beam,11,0.15,16151,False,6,agent_win,1,35,,0.7082,1.0,0,31,
partial,exploration,astar,11,0.15,16151,False,6,agent_win,1,35,,0.7757,1.0,0,31,
partial,online_astar,random,11,0.15,16151,True,2,agent_win,1,21,,2.6538,0.4959,3,,
partial,online_astar,greedy,11,0.15,16151,True,2,agent_win,1,21,,3.2523,0.4959,3,,
partial,online_astar,beam,11,0.15,16151,True,2,agent_win,1,21,,2.6418,0.4959,3,,
partial,online_astar,astar,11,0.15,16151,True,2,agent_win,1,21,,2.6758,0.4959,3,,
partial,online_lrta,random,11,0.15,16151,True,2,agent_win,1,21,,0.154,0.4959,3,,
partial,online_lrta,greedy,11,0.15,16151,True,2,agent_win,1,21,,0.1153,0.4959,3,,
partial,online_lrta,beam,11,0.15,16151,True,2,agent_win,1,21,,0.1125,0.4959,3,,
partial,online_lrta,astar,11,0.15,16151,True,2,agent_win,1,21,,0.1112,0.4959,3,,
partial,exploration,random,11,0.15,16151,True,2,agent_win,1,41,,0.4769,0.9339,7,41,
partial,exploration,greedy,11,0.15,16151,True,2,agent_win,1,41,,0.4137,0.9339,7,41,
partial,exploration,beam,11,0.15,16151,True,2,agent_win,1,41,,0.4077,0.9339,7,41,
partial,exploration,astar,11,0.15,16151,True,2,agent_win,1,41,,0.4082,0.9339,7,41,
partial,online_astar,random,11,0.15,16151,True,4,agent_win,1,19,,2.5139,0.719,3,,
partial,online_astar,greedy,11,0.15,16151,True,4,agent_win,1,19,,2.2571,0.719,3,,
partial,online_astar,beam,11,0.15,16151,True,4,agent_win,1,19,,2.8741,0.719,3,,
partial,online_astar,astar,11,0.15,16151,True,4,agent_win,1,19,,2.5571,0.719,3,,
partial,online_lrta,random,11,0.15,16151,True,4,agent_win,1,21,,0.1284,0.719,3,,
partial,online_lrta,greedy,11,0.15,16151,True,4,agent_win,1,21,,0.1165,0.719,3,,
partial,online_lrta,beam,11,0.15,16151,True,4,agent_win,1,21,,0.1147,0.719,3,,
partial,online_lrta,astar,11,0.15,16151,True,4,agent_win,1,21,,0.1128,0.719,3,,
partial,exploration,random,11,0.15,16151,True,4,agent_win,1,45,,0.7075,1.0,7,41,
partial,exploration,greedy,11,0.15,16151,True,4,agent_win,1,45,,0.6626,1.0,7,41,
partial,exploration,beam,11,0.15,16151,True,4,agent_win,1,45,,0.6723,1.0,7,41,
partial,exploration,astar,11,0.15,16151,True,4,agent_win,1,45,,0.6596,1.0,7,41,
partial,online_astar,random,11,0.15,16151,True,6,agent_win,1,19,,2.4161,0.8678,3,,
partial,online_astar,greedy,11,0.15,16151,True,6,agent_win,1,19,,2.3777,0.8678,3,,
partial,online_astar,beam,11,0.15,16151,True,6,agent_win,1,19,,2.441,0.8678,3,,
partial,online_astar,astar,11,0.15,16151,True,6,agent_win,1,19,,2.4138,0.8678,3,,
partial,online_lrta,random,11,0.15,16151,True,6,agent_win,1,21,,0.1235,0.8678,3,,
partial,online_lrta,greedy,11,0.15,16151,True,6,agent_win,1,21,,0.1178,0.8678,3,,
partial,online_lrta,beam,11,0.15,16151,True,6,agent_win,1,21,,0.1134,0.8678,3,,
partial,online_lrta,astar,11,0.15,16151,True,6,agent_win,1,21,,0.1194,0.8678,3,,
partial,exploration,random,11,0.15,16151,True,6,agent_win,1,35,,0.8097,1.0,6,31,
partial,exploration,greedy,11,0.15,16151,True,6,agent_win,1,35,,0.7987,1.0,6,31,
partial,exploration,beam,11,0.15,16151,True,6,agent_win,1,35,,0.8015,1.0,6,31,
partial,exploration,astar,11,0.15,16151,True,6,agent_win,1,35,,0.7231,1.0,6,31,
partial,online_astar,random,11,0.15,16152,False,2,pursuer_win,0,5,,1.7276,0.1983,0,,
partial,online_astar,greedy,11,0.15,16152,False,2,pursuer_win,0,4,,1.4742,0.1736,0,,
partial,online_astar,beam,11,0.15,16152,False,2,pursuer_win,0,4,,1.4734,0.1736,0,,
partial,online_astar,astar,11,0.15,16152,False,2,pursuer_win,0,4,,1.4652,0.1736,0,,
partial,online_lrta,random,11,0.15,16152,False,2,pursuer_win,0,5,,0.0316,0.1983,0,,
partial,online_lrta,greedy,11,0.15,16152,False,2,pursuer_win,0,4,,0.0224,0.1736,0,,
partial,online_lrta,beam,11,0.15,16152,False,2,pursuer_win,0,4,,0.0269,0.1736,0,,
partial,online_lrta,astar,11,0.15,16152,False,2,pursuer_win,0,4,,0.0279,0.1736,0,,
partial,exploration,random,11,0.15,16152,False,2,pursuer_win,0,5,,0.0506,0.1983,0,,
partial,exploration,greedy,11,0.15,16152,False,2,pursuer_win,0,4,,0.0462,0.1736,0,,
partial,exploration,beam,11,0.15,16152,False,2,pursuer_win,0,4,,0.0504,0.1736,0,,
partial,exploration,astar,11,0.15,16152,False,2,pursuer_win,0,4,,0.0465,0.1736,0,,
partial,online_astar,random,11,0.15,16152,False,4,pursuer_win,0,5,,1.4847,0.3719,0,,
partial,online_astar,greedy,11,0.15,16152,False,4,pursuer_win,0,4,,1.3257,0.3306,0,,
partial,online_astar,beam,11,0.15,16152,False,4,pursuer_win,0,4,,1.3417,0.3306,0,,
partial,online_astar,astar,11,0.15,16152,False,4,pursuer_win,0,4,,1.3598,0.3306,0,,
partial,online_lrta,random,11,0.15,16152,False,4,pursuer_win,0,5,,0.0317,0.3719,0,,
partial,online_lrta,greedy,11,0.15,16152,False,4,pursuer_win,0,4,,0.0255,0.3306,0,,
partial,online_lrta,beam,11,0.15,16152,False,4,pursuer_win,0,4,,0.0289,0.3306,0,,
partial,online_lrta,astar,11,0.15,16152,False,4,pursuer_win,0,4,,0.028,0.3306,0,,
partial,exploration,random,11,0.15,16152,False,4,pursuer_win,0,5,,0.0869,0.3719,0,,
partial,exploration,greedy,11,0.15,16152,False,4,pursuer_win,0,4,,0.0709,0.3306,0,,
partial,exploration,beam,11,0.15,16152,False,4,pursuer_win,0,4,,0.0726,0.3306,0,,
partial,exploration,astar,11,0.15,16152,False,4,pursuer_win,0,4,,0.0754,0.3306,0,,
partial,online_astar,random,11,0.15,16152,False,6,pursuer_win,0,5,,1.4366,0.5537,0,,
partial,online_astar,greedy,11,0.15,16152,False,6,pursuer_win,0,4,,1.2759,0.5124,0,,
partial,online_astar,beam,11,0.15,16152,False,6,pursuer_win,0,4,,1.2896,0.5124,0,,
partial,online_astar,astar,11,0.15,16152,False,6,pursuer_win,0,4,,1.2802,0.5124,0,,
partial,online_lrta,random,11,0.15,16152,False,6,pursuer_win,0,5,,0.0336,0.5537,0,,
partial,online_lrta,greedy,11,0.15,16152,False,6,pursuer_win,0,4,,0.0271,0.5124,0,,
partial,online_lrta,beam,11,0.15,16152,False,6,pursuer_win,0,4,,0.0282,0.5124,0,,
partial,online_lrta,astar,11,0.15,16152,False,6,pursuer_win,0,4,,0.0281,0.5124,0,,
partial,exploration,random,11,0.15,16152,False,6,pursuer_win,0,5,,0.047,0.5537,0,,
partial,exploration,greedy,11,0.15,16152,False,6,pursuer_win,0,4,,0.0418,0.5124,0,,
partial,exploration,beam,11,0.15,16152,False,6,pursuer_win,0,4,,0.0425,0.5124,0,,
partial,exploration,astar,11,0.15,16152,False,6,pursuer_win,0,4,,0.0427,0.5124,0,,
partial,online_astar,random,11,0.15,16152,True,2,pursuer_win,0,6,,1.7831,0.2231,1,,
partial,online_astar,greedy,11,0.15,16152,True,2,pursuer_win,0,4,,1.4525,0.1736,0,,
partial,online_astar,beam,11,0.15,16152,True,2,pursuer_win,0,4,,1.5234,0.1736,0,,
partial,online_astar,astar,11,0.15,16152,True,2,pursuer_win,0,4,,1.4684,0.1736,0,,
partial,online_lrta,random,11,0.15,16152,True,2,pursuer_win,0,6,,0.0413,0.2231,1,,
partial,online_lrta,greedy,11,0.15,16152,True,2,pursuer_win,0,4,,0.0255,0.1736,0,,
partial,online_lrta,beam,11,0.15,16152,True,2,pursuer_win,0,4,,0.029,0.1736,0,,
partial,online_lrta,astar,11,0.15,16152,True,2,pursuer_win,0,4,,0.0288,0.1736,0,,
partial,exploration,random,11,0.15,16152,True,2,pursuer_win,0,6,,0.0763,0.2231,1,,
partial,exploration,greedy,11,0.15,16152,True,2,pursuer_win,0,4,,0.051,0.1736,0,,
partial,exploration,beam,11,0.15,16152,True,2,pursuer_win,0,4,,0.0528,0.1736,0,,
partial,exploration,astar,11,0.15,16152,True,2,pursuer_win,0,4,,0.0518,0.1736,0,,
partial,online_astar,random,11,0.15,16152,True,4,pursuer_win,0,6,,1.7145,0.405,1,,
partial,online_astar,greedy,11,0.15,16152,True,4,pursuer_win,0,4,,1.3781,0.3306,0,,
partial,online_astar,beam,11,0.15,16152,True,4,pursuer_win,0,4,,1.3924,0.3306,0,,
partial,online_astar,astar,11,0.15,16152,True,4,pursuer_win,0,4,,1.3988,0.3306,0,,
partial,online_lrta,random,11,0.15,16152,True,4,pursuer_win,0,6,,0.0414,0.405,1,,
partial,online_lrta,greedy,11,0.15,16152,True,4,pursuer_win,0,4,,0.0259,0.3306,0,,
partial,online_lrta,beam,11,0.15,16152,True,4,pursuer_win,0,4,,0.0291,0.3306,0,,
partial,online_lrta,astar,11,0.15,16152,True,4,pursuer_win,0,4,,0.0291,0.3306,0,,
partial,exploration,random,11,0.15,16152,True,4,pursuer_win,0,6,,0.0795,0.405,1,,
partial,exploration,greedy,11,0.15,16152,True,4,pursuer_win,0,4,,0.0727,0.3306,0,,
partial,exploration,beam,11,0.15,16152,True,4,pursuer_win,0,4,,0.1028,0.3306,0,,
partial,exploration,astar,11,0.15,16152,True,4,pursuer_win,0,4,,0.0766,0.3306,0,,
partial,online_astar,random,11,0.15,16152,True,6,pursuer_win,0,6,,1.6516,0.5868,1,,
partial,online_astar,greedy,11,0.15,16152,True,6,pursuer_win,0,4,,1.2742,0.5124,0,,
partial,online_astar,beam,11,0.15,16152,True,6,pursuer_win,0,4,,1.2519,0.5124,0,,
partial,online_astar,astar,11,0.15,16152,True,6,pursuer_win,0,4,,1.2053,0.5124,0,,
partial,online_lrta,random,11,0.15,16152,True,6,pursuer_win,0,6,,0.0429,0.5868,1,,
partial,online_lrta,greedy,11,0.15,16152,True,6,pursuer_win,0,4,,0.0265,0.5124,0,,
partial,online_lrta,beam,11,0.15,16152,True,6,pursuer_win,0,4,,0.0276,0.5124,0,,
partial,online_lrta,astar,11,0.15,16152,True,6,pursuer_win,0,4,,0.0277,0.5124,0,,
partial,exploration,random,11,0.15,16152,True,6,pursuer_win,0,6,,0.1427,0.5868,1,,
partial,exploration,greedy,11,0.15,16152,True,6,pursuer_win,0,4,,0.0416,0.5124,0,,
partial,exploration,beam,11,0.15,16152,True,6,pursuer_win,0,4,,0.0421,0.5124,0,,
partial,exploration,astar,11,0.15,16152,True,6,pursuer_win,0,4,,0.0428,0.5124,0,,
partial,online_astar,random,11,0.15,16153,False,2,agent_win,1,19,,2.6147,0.5537,0,,
partial,online_astar,greedy,11,0.15,16153,False,2,agent_win,1,19,,2.5516,0.5537,0,,
partial,online_astar,beam,11,0.15,16153,False,2,pursuer_win,0,10,,2.3555,0.3802,0,,
partial,online_astar,astar,11,0.15,16153,False,2,pursuer_win,0,8,,2.1379,0.2975,0,,
partial,online_lrta,random,11,0.15,16153,False,2,agent_win,1,21,,0.1107,0.562,0,,
partial,online_lrta,greedy,11,0.15,16153,False,2,agent_win,1,21,,0.1024,0.562,0,,
partial,online_lrta,beam,11,0.15,16153,False,2,pursuer_win,0,12,,0.0768,0.3884,0,,
partial,online_lrta,astar,11,0.15,16153,False,2,pursuer_win,0,9,,0.0583,0.281,0,,
partial,exploration,random,11,0.15,16153,False,2,pursuer_win,0,28,,0.3006,0.6281,0,,
partial,exploration,greedy,11,0.15,16153,False,2,agent_win,1,65,,0.69,1.0,0,65,
partial,exploration,beam,11,0.15,16153,False,2,pursuer_win,0,19,,0.2491,0.3802,0,,
partial,exploration,astar,11,0.15,16153,False,2,pursuer_win,0,12,,0.1341,0.2645,0,,
partial,online_astar,random,11,0.15,16153,False,4,agent_win,1,19,,2.3686,0.8017,0,,
partial,online_astar,greedy,11,0.15,16153,False,4,agent_win,1,19,,2.3702,0.8017,0,,
partial,online_astar,beam,11,0.15,16153,False,4,pursuer_win,0,10,,2.1576,0.6364,0,,
partial,online_astar,astar,11,0.15,16153,False,4,pursuer_win,0,8,,1.9506,0.5207,0,,
partial,online_lrta,random,11,0.15,16153,False,4,agent_win,1,21,,0.1119,0.8017,0,,
partial,online_lrta,greedy,11,0.15,16153,False,4,agent_win,1,21,,0.1176,0.8017,0,,
partial,online_lrta,beam,11,0.15,16153,False,4,pursuer_win,0,12,,0.0783,0.6446,0,,
partial,online_lrta,astar,11,0.15,16153,False,4,pursuer_win,0,9,,0.0686,0.4876,0,,
partial,exploration,random,11,0.15,16153,False,4,agent_win,1,27,,0.3624,0.9091,0,25,
partial,exploration,greedy,11,0.15,16153,False,4,agent_win,1,27,,0.3584,0.9091,0,25,
partial,exploration,beam,11,0.15,16153,False,4,agent_win,1,27,,0.3976,0.9091,0,25,
partial,exploration,astar,11,0.15,16153,False,4,pursuer_win,0,13,,0.2358,0.5372,0,,
partial,online_astar,random,11,0.15,16153,False,6,agent_win,1,19,,2.239,0.9174,0,,
partial,online_astar,greedy,11,0.15,16153,False,6,agent_win,1,19,,2.2111,0.9174,0,,
partial,online_astar,beam,11,0.15,16153,False,6,pursuer_win,0,10,,2.0675,0.8595,0,,
partial,online_astar,astar,11,0.15,16153,False,6,pursuer_win,0,8,,1.7925,0.7686,0,,
partial,online_lrta,random,11,0.15,16153,False,6,agent_win,1,21,,0.1183,0.9174,0,,
partial,online_lrta,greedy,11,0.15,16153,False,6,agent_win,1,21,,0.1262,0.9174,0,,
partial,online_lrta,beam,11,0.15,16153,False,6,pursuer_win,0,12,,0.0978,0.8678,0,,
partial,online_lrta,astar,11,0.15,16153,False,6,pursuer_win,0,9,,0.0594,0.7273,0,,
partial,exploration,random,11,0.15,16153,False,6,agent_win,1,25,,0.4892,0.9917,0,21,
partial,exploration,greedy,11,0.15,16153,False,6,agent_win,1,25,,0.4855,0.9917,0,21,
partial,exploration,beam,11,0.15,16153,False,6,pursuer_win,0,16,,0.3117,0.876,0,,
partial,exploration,astar,11,0.15,16153,False,6,agent_win,1,25,,0.4923,0.9917,0,21,
partial,online_astar,random,11,0.15,16153,True,2,agent_win,1,19,,2.8766,0.5455,3,,
partial,online_astar,greedy,11,0.15,16153,True,2,agent_win,1,19,,2.8202,0.5702,3,,
partial,online_astar,beam,11,0.15,16153,True,2,pursuer_win,0,10,,2.5353,0.3802,1,,
partial,online_astar,astar,11,0.15,16153,True,2,pursuer_win,0,8,,2.3113,0.2975,1,,
partial,online_lrta,random,11,0.15,16153,True,2,agent_win,1,31,,0.188,0.686,5,,
partial,online_lrta,greedy,11,0.15,16153,True,2,agent_win,1,21,,0.116,0.5785,3,,
partial,online_lrta,beam,11,0.15,16153,True,2,pursuer_win,0,12,,0.0818,0.3884,2,,
partial,online_lrta,astar,11,0.15,16153,True,2,pursuer_win,0,9,,0.0665,0.281,1,,
partial,exploration,random,11,0.15,16153,True,2,pursuer_win,0,40,,0.5275,0.8182,6,,
partial,exploration,greedy,11,0.15,16153,True,2,pursuer_win,0,17,,0.1908,0.4132,3,,
partial,exploration,beam,11,0.15,16153,True,2,pursuer_win,0,17,,0.201,0.4132,3,,
partial,exploration,astar,11,0.15,16153,True,2,pursuer_win,0,13,,0.1503,0.3058,2,,
partial,online_astar,random,11,0.15,16153,True,4,agent_win,1,19,,2.4929,0.8017,3,,
partial,online_astar,greedy,11,0.15,16153,True,4,agent_win,1,19,,2.5523,0.8182,3,,
partial,online_astar,beam,11,0.15,16153,True,4,pursuer_win,0,10,,2.2473,0.6364,1,,
partial,online_astar,astar,11,0.15,16153,True,4,pursuer_win,0,8,,2.1201,0.5207,1,,
partial,online_lrta,random,11,0.15,16153,True,4,agent_win,1,31,,0.1966,0.8678,5,,
partial,online_lrta,greedy,11,0.15,16153,True,4,agent_win,1,21,,0.1154,0.8182,3,,
partial,online_lrta,beam,11,0.15,16153,True,4,pursuer_win,0,12,,0.0932,0.6446,2,,
partial,online_lrta,astar,11,0.15,16153,True,4,pursuer_win,0,9,,0.0603,0.4876,1,,
partial,exploration,random,11,0.15,16153,True,4,agent_win,1,27,,0.3562,0.9091,4,25,
partial,exploration,greedy,11,0.15,16153,True,4,agent_win,1,29,,0.4152,0.9091,5,27,
partial,exploration,beam,11,0.15,16153,True,4,pursuer_win,0,21,,0.3405,0.7355,3,,
partial,exploration,astar,11,0.15,16153,True,4,agent_win,1,29,,0.4624,0.9091,5,27,
partial,online_astar,random,11,0.15,16153,True,6,agent_win,1,19,,2.1907,0.9174,3,,
partial,online_astar,greedy,11,0.15,16153,True,6,agent_win,1,19,,2.2196,0.9174,3,,
partial,online_astar,beam,11,0.15,16153,True,6,pursuer_win,0,10,,2.0253,0.8595,1,,
partial,online_astar,astar,11,0.15,16153,True,6,pursuer_win,0,8,,1.787,0.7686,1,,
partial,online_lrta,random,11,0.15,16153,True,6,agent_win,1,31,,0.1931,0.9504,5,,
partial,online_lrta,greedy,11,0.15,16153,True,6,agent_win,1,21,,0.124,0.9174,3,,
partial,online_lrta,beam,11,0.15,16153,True,6,pursuer_win,0,12,,0.0822,0.8678,2,,
partial,online_lrta,astar,11,0.15,16153,True,6,pursuer_win,0,9,,0.0618,0.7273,1,,
partial,exploration,random,11,0.15,16153,True,6,agent_win,1,19,,0.3997,0.9174,3,15,
partial,exploration,greedy,11,0.15,16153,True,6,agent_win,1,25,,0.4675,0.9835,4,21,
partial,exploration,beam,11,0.15,16153,True,6,agent_win,1,25,,0.4725,0.9835,4,21,
partial,exploration,astar,11,0.15,16153,True,6,agent_win,1,25,,0.4611,0.9835,4,21,
partial,online_astar,random,11,0.15,16154,False,2,pursuer_win,0,10,,2.4168,0.3967,0,,
partial,online_astar,greedy,11,0.15,16154,False,2,pursuer_win,0,7,,1.9579,0.281,0,,
partial,online_astar,beam,11,0.15,16154,False,2,pursuer_win,0,6,,1.8381,0.2397,0,,
partial,online_astar,astar,11,0.15,16154,False,2,pursuer_win,0,6,,1.8396,0.2397,0,,
partial,online_lrta,random,11,0.15,16154,False,2,pursuer_win,0,10,,0.0647,0.3967,0,,
partial,online_lrta,greedy,11,0.15,16154,False,2,pursuer_win,0,7,,0.0421,0.281,0,,
partial,online_lrta,beam,11,0.15,16154,False,2,pursuer_win,0,6,,0.0435,0.2397,0,,
partial,online_lrta,astar,11,0.15,16154,False,2,pursuer_win,0,6,,0.0455,0.2397,0,,
partial,exploration,random,11,0.15,16154,False,2,pursuer_win,0,10,,0.1329,0.3967,0,,
partial,exploration,greedy,11,0.15,16154,False,2,pursuer_win,0,7,,0.0811,0.281,0,,
partial,exploration,beam,11,0.15,16154,False,2,pursuer_win,0,6,,0.0829,0.2397,0,,
partial,exploration,astar,11,0.15,16154,False,2,pursuer_win,0,6,,0.0771,0.2397,0,,
partial,online_astar,random,11,0.15,16154,False,4,pursuer_win,0,10,,2.0315,0.5868,0,,
partial,online_astar,greedy,11,0.15,16154,False,4,pursuer_win,0,7,,1.7256,0.4876,0,,
partial,online_astar,beam,11,0.15,16154,False,4,pursuer_win,0,6,,1.6048,0.4298,0,,
partial,online_astar,astar,11,0.15,16154,False,4,pursuer_win,0,6,,1.5948,0.4298,0,,
partial,online_lrta,random,11,0.15,16154,False,4,pursuer_win,0,10,,0.0623,0.5868,0,,
partial,online_lrta,greedy,11,0.15,16154,False,4,pursuer_win,0,7,,0.0425,0.4876,0,,
partial,online_lrta,beam,11,0.15,16154,False,4,pursuer_win,0,6,,0.0413,0.4298,0,,
partial,online_lrta,astar,11,0.15,16154,False,4,pursuer_win,0,6,,0.0403,0.4298,0,,
partial,exploration,random,11,0.15,16154,False,4,pursuer_win,0,10,,0.151,0.5868,0,,
partial,exploration,greedy,11,0.15,16154,False,4,pursuer_win,0,7,,0.0814,0.4876,0,,
partial,exploration,beam,11,0.15,16154,False,4,pursuer_win,0,6,,0.0835,0.4298,0,,
partial,exploration,astar,11,0.15,16154,False,4,pursuer_win,0,6,,0.0819,0.4298,0,,
partial,online_astar,random,11,0.15,16154,False,6,pursuer_win,0,10,,1.9088,0.7686,0,,
partial,online_astar,greedy,11,0.15,16154,False,6,pursuer_win,0,7,,1.6042,0.6942,0,,
partial,online_astar,beam,11,0.15,16154,False,6,pursuer_win,0,6,,1.455,0.6446,0,,
partial,online_astar,astar,11,0.15,16154,False,6,pursuer_win,0,6,,1.458,0.6446,0,,
partial,online_lrta,random,11,0.15,16154,False,6,pursuer_win,0,10,,0.0628,0.7686,0,,
partial,online_lrta,greedy,11,0.15,16154,False,6,pursuer_win,0,7,,0.0445,0.6942,0,,
partial,online_lrta,beam,11,0.15,16154,False,6,pursuer_win,0,6,,0.0421,0.6446,0,,
partial,online_lrta,astar,11,0.15,16154,False,6,pursuer_win,0,6,,0.0408,0.6446,0,,
partial,exploration,random,11,0.15,16154,False,6,pursuer_win,0,10,,0.1603,0.7686,0,,
partial,exploration,greedy,11,0.15,16154,False,6,pursuer_win,0,7,,0.1618,0.6942,0,,
partial,exploration,beam,11,0.15,16154,False,6,pursuer_win,0,6,,0.1722,0.6446,0,,
partial,exploration,astar,11,0.15,16154,False,6,pursuer_win,0,6,,0.1636,0.6446,0,,
partial,online_astar,random,11,0.15,16154,True,2,agent_win,1,21,,2.5915,0.5868,3,,
partial,online_astar,greedy,11,0.15,16154,True,2,agent_win,1,21,,2.5861,0.562,3,,
partial,online_astar,beam,11,0.15,16154,True,2,pursuer_win,0,6,,1.8154,0.2397,1,,
partial,online_astar,astar,11,0.15,16154,True,2,pursuer_win,0,6,,1.8028,0.2397,1,,
partial,online_lrta,random,11,0.15,16154,True,2,agent_win,1,21,,0.124,0.5868,3,,
partial,online_lrta,greedy,11,0.15,16154,True,2,agent_win,1,21,,0.1164,0.562,3,,
partial,online_lrta,beam,11,0.15,16154,True,2,pursuer_win,0,6,,0.0434,0.2397,1,,
partial,online_lrta,astar,11,0.15,16154,True,2,pursuer_win,0,6,,0.0442,0.2397,1,,
partial,exploration,random,11,0.15,16154,True,2,pursuer_win,0,14,,0.1797,0.4545,2,,
partial,exploration,greedy,11,0.15,16154,True,2,pursuer_win,0,7,,0.0761,0.2562,1,,
partial,exploration,beam,11,0.15,16154,True,2,pursuer_win,0,6,,0.0809,0.2397,1,,
partial,exploration,astar,11,0.15,16154,True,2,pursuer_win,0,6,,0.0798,0.2397,1,,
partial,online_astar,random,11,0.15,16154,True,4,agent_win,1,21,,2.3349,0.7686,3,,
partial,online_astar,greedy,11,0.15,16154,True,4,agent_win,1,19,,2.2295,0.7686,3,,
partial,online_astar,beam,11,0.15,16154,True,4,pursuer_win,0,6,,1.5996,0.4298,1,,
partial,online_astar,astar,11,0.15,16154,True,4,pursuer_win,0,6,,1.6852,0.4298,1,,
partial,online_lrta,random,11,0.15,16154,True,4,agent_win,1,21,,0.1312,0.7686,3,,
partial,online_lrta,greedy,11,0.15,16154,True,4,agent_win,1,21,,0.1236,0.7686,3,,
partial,online_lrta,beam,11,0.15,16154,True,4,pursuer_win,0,6,,0.0447,0.4298,1,,
partial,online_lrta,astar,11,0.15,16154,True,4,pursuer_win,0,6,,0.0439,0.4298,1,,
partial,exploration,random,11,0.15,16154,True,4,pursuer_win,0,13,,0.2414,0.6033,2,,
partial,exploration,greedy,11,0.15,16154,True,4,pursuer_win,0,7,,0.1334,0.4463,1,,
partial,exploration,beam,11,0.15,16154,True,4,pursuer_win,0,6,,0.0836,0.4298,1,,
partial,exploration,astar,11,0.15,16154,True,4,pursuer_win,0,6,,0.1262,0.4298,1,,
partial,online_astar,random,11,0.15,16154,True,6,agent_win,1,19,,2.1883,0.8926,3,,
partial,online_astar,greedy,11,0.15,16154,True,6,agent_win,1,19,,2.3038,0.8926,3,,
partial,online_astar,beam,11,0.15,16154,True,6,pursuer_win,0,6,,1.5631,0.6446,1,,
partial,online_astar,astar,11,0.15,16154,True,6,pursuer_win,0,6,,1.545,0.6446,1,,
partial,online_lrta,random,11,0.15,16154,True,6,agent_win,1,21,,0.1346,0.8926,3,,
partial,online_lrta,greedy,11,0.15,16154,True,6,agent_win,1,21,,0.1233,0.8926,3,,
partial,online_lrta,beam,11,0.15,16154,True,6,pursuer_win,0,6,,0.0448,0.6446,1,,
partial,online_lrta,astar,11,0.15,16154,True,6,pursuer_win,0,6,,0.045,0.6446,1,,
partial,exploration,random,11,0.15,16154,True,6,agent_win,1,29,,0.6009,0.9917,5,25,
partial,exploration,greedy,11,0.15,16154,True,6,pursuer_win,0,7,,0.1547,0.6529,1,,
partial,exploration,beam,11,0.15,16154,True,6,pursuer_win,0,6,,0.158,0.6446,1,,
partial,exploration,astar,11,0.15,16154,True,6,pursuer_win,0,6,,0.1579,0.6446,1,,
partial,online_astar,random,11,0.25,16250,False,2,pursuer_win,0,6,,1.9906,0.2231,0,,
partial,online_astar,greedy,11,0.25,16250,False,2,pursuer_win,0,4,,1.6351,0.1736,0,,
partial,online_astar,beam,11,0.25,16250,False,2,pursuer_win,0,4,,1.6688,0.1736,0,,
partial,online_astar,astar,11,0.25,16250,False,2,pursuer_win,0,4,,1.5808,0.1736,0,,
partial,online_lrta,random,11,0.25,16250,False,2,pursuer_win,0,6,,0.0415,0.2231,0,,
partial,online_lrta,greedy,11,0.25,16250,False,2,pursuer_win,0,4,,0.0264,0.1736,0,,
partial,online_lrta,beam,11,0.25,16250,False,2,pursuer_win,0,4,,0.0401,0.1736,0,,
partial,online_lrta,astar,11,0.25,16250,False,2,pursuer_win,0,4,,0.033,0.1736,0,,
partial,exploration,random,11,0.25,16250,False,2,pursuer_win,0,6,,0.0947,0.2231,0,,
partial,exploration,greedy,11,0.25,16250,False,2,pursuer_win,0,4,,0.0628,0.1736,0,,
partial,exploration,beam,11,0.25,16250,False,2,pursuer_win,0,4,,0.0801,0.1736,0,,
partial,exploration,astar,11,0.25,16250,False,2,pursuer_win,0,4,,0.059,0.1736,0,,
partial,online_astar,random,11,0.25,16250,False,4,pursuer_win,0,6,,2.0379,0.405,0,,
partial,online_astar,greedy,11,0.25,16250,False,4,pursuer_win,0,4,,1.6841,0.3306,0,,
partial,online_astar,beam,11,0.25,16250,False,4,pursuer_win,0,4,,1.5689,0.3306,0,,
partial,online_astar,astar,11,0.25,16250,False,4,pursuer_win,0,4,,1.536,0.3306,0,,
partial,online_lrta,random,11,0.25,16250,False,4,pursuer_win,0,6,,0.0404,0.405,0,,
partial,online_lrta,greedy,11,0.25,16250,False,4,pursuer_win,0,4,,0.0272,0.3306,0,,
partial,online_lrta,beam,11,0.25,16250,False,4,pursuer_win,0,4,,0.0302,0.3306,0,,
partial,online_lrta,astar,11,0.25,16250,False,4,pursuer_win,0,4,,0.0293,0.3306,0,,
partial,exploration,random,11,0.25,16250,False,4,pursuer_win,0,6,,0.0908,0.405,0,,
partial,exploration,greedy,11,0.25,16250,False,4,pursuer_win,0,4,,0.0835,0.3306,0,,
partial,exploration,beam,11,0.25,16250,False,4,pursuer_win,0,4,,0.0845,0.3306,0,,
partial,exploration,astar,11,0.25,16250,False,4,pursuer_win,0,4,,0.0866,0.3306,0,,
partial,online_astar,random,11,0.25,16250,False,6,pursuer_win,0,6,,1.8404,0.5868,0,,
partial,online_astar,greedy,11,0.25,16250,False,6,pursuer_win,0,4,,1.4832,0.5124,0,,
partial,online_astar,beam,11,0.25,16250,False,6,pursuer_win,0,4,,1.4786,0.5124,0,,
partial,online_astar,astar,11,0.25,16250,False,6,pursuer_win,0,4,,1.7677,0.5124,0,,
partial,online_lrta,random,11,0.25,16250,False,6,pursuer_win,0,6,,0.0469,0.5868,0,,
partial,online_lrta,greedy,11,0.25,16250,False,6,pursuer_win,0,4,,0.0281,0.5124,0,,
partial,online_lrta,beam,11,0.25,16250,False,6,pursuer_win,0,4,,0.0306,0.5124,0,,
partial,online_lrta,astar,11,0.25,16250,False,6,pursuer_win,0,4,,0.0296,0.5124,0,,
partial,exploration,random,11,0.25,16250,False,6,pursuer_win,0,6,,0.1466,0.5868,0,,
partial,exploration,greedy,11,0.25,16250,False,6,pursuer_win,0,4,,0.0518,0.5124,0,,
partial,exploration,beam,11,0.25,16250,False,6,pursuer_win,0,4,,0.0508,0.5124,0,,
partial,exploration,astar,11,0.25,16250,False,6,pursuer_win,0,4,,0.0519,0.5124,0,,
partial,online_astar,random,11,0.25,16250,True,2,agent_win,1,45,,4.8798,0.7025,7,,
partial,online_astar,greedy,11,0.25,16250,True,2,pursuer_win,0,4,,1.7243,0.1736,0,,
partial,online_astar,beam,11,0.25,16250,True,2,pursuer_win,0,4,,1.5965,0.1736,0,,
partial,online_astar,astar,11,0.25,16250,True,2,pursuer_win,0,4,,1.7999,0.1736,0,,
partial,online_lrta,random,11,0.25,16250,True,2,agent_win,1,47,,0.2643,0.6942,8,,
partial,online_lrta,greedy,11,0.25,16250,True,2,pursuer_win,0,4,,0.0302,0.1736,0,,
partial,online_lrta,beam,11,0.25,16250,True,2,pursuer_win,0,4,,0.0311,0.1736,0,,
partial,online_lrta,astar,11,0.25,16250,True,2,pursuer_win,0,4,,0.029,0.1736,0,,
partial,exploration,random,11,0.25,16250,True,2,agent_win,1,63,,0.6188,0.9504,10,63,
partial,exploration,greedy,11,0.25,16250,True,2,pursuer_win,0,4,,0.0515,0.1736,0,,
partial,exploration,beam,11,0.25,16250,True,2,pursuer_win,0,4,,0.054,0.1736,0,,
partial,exploration,astar,11,0.25,16250,True,2,pursuer_win,0,4,,0.0597,0.1736,0,,
partial,online_astar,random,11,0.25,16250,True,4,agent_win,1,37,,4.1655,0.8595,6,,
partial,online_astar,greedy,11,0.25,16250,True,4,pursuer_win,0,4,,1.6203,0.3306,0,,
partial,online_astar,beam,11,0.25,16250,True,4,pursuer_win,0,4,,1.658,0.3306,0,,
partial,online_astar,astar,11,0.25,16250,True,4,pursuer_win,0,4,,1.472,0.3306,0,,
partial,online_lrta,random,11,0.25,16250,True,4,agent_win,1,47,,0.2419,0.8595,8,,
partial,online_lrta,greedy,11,0.25,16250,True,4,pursuer_win,0,4,,0.0273,0.3306,0,,
partial,online_lrta,beam,11,0.25,16250,True,4,pursuer_win,0,4,,0.0311,0.3306,0,,
partial,online_lrta,astar,11,0.25,16250,True,4,pursuer_win,0,4,,0.03,0.3306,0,,
partial,exploration,random,11,0.25,16250,True,4,agent_win,1,41,,0.4565,0.8595,7,17,
partial,exploration,greedy,11,0.25,16250,True,4,pursuer_win,0,4,,0.1541,0.3306,0,,
partial,exploration,beam,11,0.25,16250,True,4,pursuer_win,0,4,,0.1213,0.3306,0,,
partial,exploration,astar,11,0.25,16250,True,4,pursuer_win,0,4,,0.0838,0.3306,0,,
partial,online_astar,random,11,0.25,16250,True,6,agent_win,1,33,,3.5762,0.9587,5,,
partial,online_astar,greedy,11,0.25,16250,True,6,pursuer_win,0,4,,1.4626,0.5124,0,,
partial,online_astar,beam,11,0.25,16250,True,6,pursuer_win,0,4,,1.4584,0.5124,0,,
partial,online_astar,astar,11,0.25,16250,True,6,pursuer_win,0,4,,1.4704,0.5124,0,,
partial,online_lrta,random,11,0.25,16250,True,6,agent_win,1,47,,0.2784,0.9587,8,,
partial,online_lrta,greedy,11,0.25,16250,True,6,pursuer_win,0,4,,0.0288,0.5124,0,,
partial,online_lrta,beam,11,0.25,16250,True,6,pursuer_win,0,4,,0.0308,0.5124,0,,
partial,online_lrta,astar,11,0.25,16250,True,6,pursuer_win,0,4,,0.0306,0.5124,0,,
partial,exploration,random,11,0.25,16250,True,6,agent_win,1,39,,0.5439,0.9752,6,15,
partial,exploration,greedy,11,0.25,16250,True,6,pursuer_win,0,4,,0.0597,0.5124,0,,
partial,exploration,beam,11,0.25,16250,True,6,pursuer_win,0,4,,0.0593,0.5124,0,,
partial,exploration,astar,11,0.25,16250,True,6,pursuer_win,0,4,,0.0606,0.5124,0,,
partial,online_astar,random,11,0.25,16251,False,2,pursuer_win,0,9,,2.311,0.3388,0,,
partial,online_astar,greedy,11,0.25,16251,False,2,pursuer_win,0,5,,1.7162,0.2149,0,,
partial,online_astar,beam,11,0.25,16251,False,2,pursuer_win,0,5,,1.7464,0.2149,0,,
partial,online_astar,astar,11,0.25,16251,False,2,pursuer_win,0,5,,1.7393,0.2149,0,,
partial,online_lrta,random,11,0.25,16251,False,2,pursuer_win,0,9,,0.0554,0.3388,0,,
partial,online_lrta,greedy,11,0.25,16251,False,2,pursuer_win,0,5,,0.0313,0.2149,0,,
partial,online_lrta,beam,11,0.25,16251,False,2,pursuer_win,0,5,,0.0365,0.2149,0,,
partial,online_lrta,astar,11,0.25,16251,False,2,pursuer_win,0,5,,0.0355,0.2149,0,,
partial,exploration,random,11,0.25,16251,False,2,pursuer_win,0,9,,0.1125,0.3388,0,,
partial,exploration,greedy,11,0.25,16251,False,2,pursuer_win,0,5,,0.0579,0.2149,0,,
partial,exploration,beam,11,0.25,16251,False,2,pursuer_win,0,5,,0.0603,0.2149,0,,
partial,exploration,astar,11,0.25,16251,False,2,pursuer_win,0,5,,0.0601,0.2149,0,,
partial,online_astar,random,11,0.25,16251,False,4,pursuer_win,0,9,,2.1344,0.5207,0,,
partial,online_astar,greedy,11,0.25,16251,False,4,pursuer_win,0,5,,1.5701,0.3884,0,,
partial,online_astar,beam,11,0.25,16251,False,4,pursuer_win,0,5,,1.567,0.3884,0,,
partial,online_astar,astar,11,0.25,16251,False,4,pursuer_win,0,5,,1.5785,0.3884,0,,
partial,online_lrta,random,11,0.25,16251,False,4,pursuer_win,0,9,,0.0572,0.5207,0,,
partial,online_lrta,greedy,11,0.25,16251,False,4,pursuer_win,0,5,,0.0415,0.3884,0,,
partial,online_lrta,beam,11,0.25,16251,False,4,pursuer_win,0,5,,0.0389,0.3884,0,,
partial,online_lrta,astar,11,0.25,16251,False,4,pursuer_win,0,5,,0.0357,0.3884,0,,
partial,exploration,random,11,0.25,16251,False,4,pursuer_win,0,9,,0.1678,0.5207,0,,
partial,exploration,greedy,11,0.25,16251,False,4,pursuer_win,0,5,,0.0952,0.3884,0,,
partial,exploration,beam,11,0.25,16251,False,4,pursuer_win,0,5,,0.0936,0.3884,0,,
partial,exploration,astar,11,0.25,16251,False,4,pursuer_win,0,5,,0.0946,0.3884,0,,
partial,online_astar,random,11,0.25,16251,False,6,pursuer_win,0,9,,2.026,0.7025,0,,
partial,online_astar,greedy,11,0.25,16251,False,6,pursuer_win,0,5,,1.5161,0.5868,0,,
partial,online_astar,beam,11,0.25,16251,False,6,pursuer_win,0,5,,1.5338,0.5868,0,,
partial,online_astar,astar,11,0.25,16251,False,6,pursuer_win,0,5,,1.5215,0.5868,0,,
partial,online_lrta,random,11,0.25,16251,False,6,pursuer_win,0,9,,0.0571,0.7025,0,,
partial,online_lrta,greedy,11,0.25,16251,False,6,pursuer_win,0,5,,0.0322,0.5868,0,,
partial,online_lrta,beam,11,0.25,16251,False,6,pursuer_win,0,5,,0.0388,0.5868,0,,
partial,online_lrta,astar,11,0.25,16251,False,6,pursuer_win,0,5,,0.0364,0.5868,0,,
partial,exploration,random,11,0.25,16251,False,6,pursuer_win,0,9,,0.1928,0.7025,0,,
partial,exploration,greedy,11,0.25,16251,False,6,pursuer_win,0,5,,0.0602,0.5868,0,,
partial,exploration,beam,11,0.25,16251,False,6,pursuer_win,0,5,,0.0629,0.5868,0,,
partial,exploration,astar,11,0.25,16251,False,6,pursuer_win,0,5,,0.062,0.5868,0,,
partial,online_astar,random,11,0.25,16251,True,2,agent_win,1,19,,2.3373,0.5207,3,,
partial,online_astar,greedy,11,0.25,16251,True,2,pursuer_win,0,5,,1.7215,0.2149,1,,
partial,online_astar,beam,11,0.25,16251,True,2,pursuer_win,0,5,,1.7104,0.2149,1,,
partial,online_astar,astar,11,0.25,16251,True,2,pursuer_win,0,5,,1.7231,0.2149,1,,
partial,online_lrta,random,11,0.25,16251,True,2,agent_win,1,19,,0.1092,0.5207,3,,
partial,online_lrta,greedy,11,0.25,16251,True,2,pursuer_win,0,5,,0.034,0.2149,1,,
partial,online_lrta,beam,11,0.25,16251,True,2,pursuer_win,0,5,,0.0367,0.2149,1,,
partial,online_lrta,astar,11,0.25,16251,True,2,pursuer_win,0,5,,0.037,0.2149,1,,
partial,exploration,random,11,0.25,16251,True,2,agent_win,1,39,,0.4059,0.9752,6,39,
partial,exploration,greedy,11,0.25,16251,True,2,pursuer_win,0,5,,0.0583,0.2149,1,,
partial,exploration,beam,11,0.25,16251,True,2,pursuer_win,0,5,,0.0622,0.2149,1,,
partial,exploration,astar,11,0.25,16251,True,2,pursuer_win,0,5,,0.0593,0.2149,1,,
partial,online_astar,random,11,0.25,16251,True,4,agent_win,1,19,,2.5323,0.7355,3,,
partial,online_astar,greedy,11,0.25,16251,True,4,pursuer_win,0,5,,1.5923,0.3884,1,,
partial,online_astar,beam,11,0.25,16251,True,4,pursuer_win,0,5,,1.4836,0.3884,1,,
partial,online_astar,astar,11,0.25,16251,True,4,pursuer_win,0,5,,1.4365,0.3884,1,,
partial,online_lrta,random,11,0.25,16251,True,4,agent_win,1,19,,0.1029,0.7355,3,,
partial,online_lrta,greedy,11,0.25,16251,True,4,pursuer_win,0,5,,0.0306,0.3884,1,,
partial,online_lrta,beam,11,0.25,16251,True,4,pursuer_win,0,5,,0.0357,0.3884,1,,
partial,online_lrta,astar,11,0.25,16251,True,4,pursuer_win,0,5,,0.0339,0.3884,1,,
partial,exploration,random,11,0.25,16251,True,4,agent_win,1,19,,0.221,0.7355,3,17,
partial,exploration,greedy,11,0.25,16251,True,4,pursuer_win,0,5,,0.0837,0.3884,1,,
partial,exploration,beam,11,0.25,16251,True,4,pursuer_win,0,5,,0.1093,0.3884,1,,
partial,exploration,astar,11,0.25,16251,True,4,pursuer_win,0,5,,0.1132,0.3884,1,,
partial,online_astar,random,11,0.25,16251,True,6,agent_win,1,19,,2.2409,0.8843,3,,
partial,online_astar,greedy,11,0.25,16251,True,6,pursuer_win,0,5,,1.5576,0.5868,1,,
partial,online_astar,beam,11,0.25,16251,True,6,pursuer_win,0,5,,1.5502,0.5868,1,,
partial,online_astar,astar,11,0.25,16251,True,6,pursuer_win,0,5,,1.5576,0.5868,1,,
partial,online_lrta,random,11,0.25,16251,True,6,agent_win,1,19,,0.1289,0.8843,3,,
partial,online_lrta,greedy,11,0.25,16251,True,6,pursuer_win,0,5,,0.0374,0.5868,1,,
partial,online_lrta,beam,11,0.25,16251,True,6,pursuer_win,0,5,,0.0399,0.5868,1,,
partial,online_lrta,astar,11,0.25,16251,True,6,pursuer_win,0,5,,0.0482,0.5868,1,,
partial,exploration,random,11,0.25,16251,True,6,agent_win,1,19,,0.3054,0.8843,3,15,
partial,exploration,greedy,11,0.25,16251,True,6,pursuer_win,0,5,,0.0624,0.5868,1,,
partial,exploration,beam,11,0.25,16251,True,6,pursuer_win,0,5,,0.063,0.5868,1,,
partial,exploration,astar,11,0.25,16251,True,6,pursuer_win,0,5,,0.0654,0.5868,1,,
partial,online_astar,random,11,0.25,16252,False,2,agent_win,1,21,,2.557,0.6198,0,,
partial,online_astar,greedy,11,0.25,16252,False,2,agent_win,1,21,,2.4677,0.6198,0,,
partial,online_astar,beam,11,0.25,16252,False,2,pursuer_win,0,7,,2.7612,0.2975,0,,
partial,online_astar,astar,11,0.25,16252,False,2,pursuer_win,0,7,,3.186,0.2975,0,,
partial,online_lrta,random,11,0.25,16252,False,2,agent_win,1,21,,0.1591,0.6198,0,,
partial,online_lrta,greedy,11,0.25,16252,False,2,agent_win,1,21,,0.1036,0.6198,0,,
partial,online_lrta,beam,11,0.25,16252,False,2,pursuer_win,0,7,,0.0479,0.2975,0,,
partial,online_lrta,astar,11,0.25,16252,False,2,pursuer_win,0,7,,0.0429,0.2975,0,,
partial,exploration,random,11,0.25,16252,False,2,agent_win,1,53,,0.5176,0.9339,0,53,
partial,exploration,greedy,11,0.25,16252,False,2,pursuer_win,0,43,,0.4512,0.843,0,,
partial,exploration,beam,11,0.25,16252,False,2,pursuer_win,0,9,,0.0934,0.2727,0,,
partial,exploration,astar,11,0.25,16252,False,2,pursuer_win,0,9,,0.0974,0.2727,0,,
partial,online_astar,random,11,0.25,16252,False,4,agent_win,1,21,,2.3105,0.8595,0,,
partial,online_astar,greedy,11,0.25,16252,False,4,agent_win,1,21,,2.3369,0.8595,0,,
partial,online_astar,beam,11,0.25,16252,False,4,pursuer_win,0,7,,1.9469,0.5207,0,,
partial,online_astar,astar,11,0.25,16252,False,4,pursuer_win,0,7,,1.7655,0.5207,0,,
partial,online_lrta,random,11,0.25,16252,False,4,agent_win,1,21,,0.1119,0.8595,0,,
partial,online_lrta,greedy,11,0.25,16252,False,4,agent_win,1,21,,0.1,0.8595,0,,
partial,online_lrta,beam,11,0.25,16252,False,4,pursuer_win,0,7,,0.05,0.5207,0,,
partial,online_lrta,astar,11,0.25,16252,False,4,pursuer_win,0,7,,0.0455,0.5207,0,,
partial,exploration,random,11,0.25,16252,False,4,agent_win,1,21,,0.3115,0.8595,0,19,
partial,exploration,greedy,11,0.25,16252,False,4,agent_win,1,21,,0.2675,0.8595,0,19,
partial,exploration,beam,11,0.25,16252,False,4,agent_win,1,21,,0.2704,0.8595,0,19,
partial,exploration,astar,11,0.25,16252,False,4,agent_win,1,21,,0.264,0.8595,0,19,
partial,online_astar,random,11,0.25,16252,False,6,agent_win,1,21,,2.5342,0.9587,0,,
partial,online_astar,greedy,11,0.25,16252,False,6,agent_win,1,21,,3.9494,0.9587,0,,
partial,online_astar,beam,11,0.25,16252,False,6,pursuer_win,0,7,,2.0659,0.7521,0,,
partial,online_astar,astar,11,0.25,16252,False,6,pursuer_win,0,7,,1.6607,0.7521,0,,
partial,online_lrta,random,11,0.25,16252,False,6,agent_win,1,21,,0.1164,0.9587,0,,
partial,online_lrta,greedy,11,0.25,16252,False,6,agent_win,1,21,,0.1143,0.9587,0,,
partial,online_lrta,beam,11,0.25,16252,False,6,pursuer_win,0,7,,0.048,0.7521,0,,
partial,online_lrta,astar,11,0.25,16252,False,6,pursuer_win,0,7,,0.0751,0.7521,0,,
partial,exploration,random,11,0.25,16252,False,6,agent_win,1,21,,0.5032,0.9587,0,17,
partial,exploration,greedy,11,0.25,16252,False,6,agent_win,1,21,,0.2835,0.9587,0,17,
partial,exploration,beam,11,0.25,16252,False,6,pursuer_win,0,7,,0.1291,0.7521,0,,
partial,exploration,astar,11,0.25,16252,False,6,pursuer_win,0,7,,0.1289,0.7521,0,,
partial,online_astar,random,11,0.25,16252,True,2,agent_win,1,21,,2.3917,0.6198,3,,
partial,online_astar,greedy,11,0.25,16252,True,2,agent_win,1,21,,2.2539,0.6198,3,,
partial,online_astar,beam,11,0.25,16252,True,2,pursuer_win,0,7,,1.874,0.2975,1,,
partial,online_astar,astar,11,0.25,16252,True,2,pursuer_win,0,7,,1.8301,0.2975,1,,
partial,online_lrta,random,11,0.25,16252,True,2,agent_win,1,21,,0.1509,0.6198,3,,
partial,online_lrta,greedy,11,0.25,16252,True,2,agent_win,1,21,,0.1066,0.6198,3,,
partial,online_lrta,beam,11,0.25,16252,True,2,pursuer_win,0,7,,0.0445,0.2975,1,,
partial,online_lrta,astar,11,0.25,16252,True,2,pursuer_win,0,7,,0.0438,0.2975,1,,
partial,exploration,random,11,0.25,16252,True,2,pursuer_win,0,15,,0.1565,0.4711,2,,
partial,exploration,greedy,11,0.25,16252,True,2,pursuer_win,0,17,,0.1669,0.5124,3,,
partial,exploration,beam,11,0.25,16252,True,2,pursuer_win,0,9,,0.0999,0.2727,1,,
partial,exploration,astar,11,0.25,16252,True,2,pursuer_win,0,9,,0.1004,0.2727,1,,
partial,online_astar,random,11,0.25,16252,True,4,agent_win,1,21,,2.1615,0.8595,3,,
partial,online_astar,greedy,11,0.25,16252,True,4,agent_win,1,21,,2.3497,0.8595,3,,
partial,online_astar,beam,11,0.25,16252,True,4,pursuer_win,0,7,,1.929,0.5207,1,,
partial,online_astar,astar,11,0.25,16252,True,4,pursuer_win,0,7,,1.8894,0.5207,1,,
partial,online_lrta,random,11,0.25,16252,True,4,agent_win,1,21,,0.1199,0.8595,3,,
partial,online_lrta,greedy,11,0.25,16252,True,4,agent_win,1,21,,0.112,0.8595,3,,
partial,online_lrta,beam,11,0.25,16252,True,4,pursuer_win,0,7,,0.0461,0.5207,1,,
partial,online_lrta,astar,11,0.25,16252,True,4,pursuer_win,0,7,,0.0456,0.5207,1,,
partial,exploration,random,11,0.25,16252,True,4,pursuer_win,0,18,,0.2577,0.7851,3,,
partial,exploration,greedy,11,0.25,16252,True,4,agent_win,1,21,,0.2867,0.8595,3,19,
partial,exploration,beam,11,0.25,16252,True,4,agent_win,1,21,,0.2752,0.8595,3,19,
partial,exploration,astar,11,0.25,16252,True,4,agent_win,1,21,,0.2719,0.8595,3,19,
partial,online_astar,random,11,0.25,16252,True,6,agent_win,1,21,,2.1755,0.9587,3,,
partial,online_astar,greedy,11,0.25,16252,True,6,agent_win,1,19,,2.0251,0.9587,3,,
partial,online_astar,beam,11,0.25,16252,True,6,pursuer_win,0,7,,1.6635,0.7521,1,,
partial,online_astar,astar,11,0.25,16252,True,6,pursuer_win,0,7,,1.6545,0.7521,1,,
partial,online_lrta,random,11,0.25,16252,True,6,agent_win,1,21,,0.1249,0.9587,3,,
partial,online_lrta,greedy,11,0.25,16252,True,6,agent_win,1,21,,0.1258,0.9587,3,,
partial,online_lrta,beam,11,0.25,16252,True,6,pursuer_win,0,7,,0.0523,0.7521,1,,
partial,online_lrta,astar,11,0.25,16252,True,6,pursuer_win,0,7,,0.0496,0.7521,1,,
partial,exploration,random,11,0.25,16252,True,6,agent_win,1,21,,0.3339,0.9587,3,15,
partial,exploration,greedy,11,0.25,16252,True,6,agent_win,1,19,,0.2662,0.9587,3,15,
partial,exploration,beam,11,0.25,16252,True,6,pursuer_win,0,7,,0.132,0.7521,1,,
partial,exploration,astar,11,0.25,16252,True,6,pursuer_win,0,7,,0.1338,0.7521,1,,
partial,online_astar,random,11,0.25,16253,False,2,agent_win,1,21,,2.4871,0.5289,0,,
partial,online_astar,greedy,11,0.25,16253,False,2,agent_win,1,21,,2.4301,0.5289,0,,
partial,online_astar,beam,11,0.25,16253,False,2,agent_win,1,21,,2.4522,0.5289,0,,
partial,online_astar,astar,11,0.25,16253,False,2,agent_win,1,21,,2.4552,0.5289,0,,
partial,online_lrta,random,11,0.25,16253,False,2,agent_win,1,21,,0.1075,0.5289,0,,
partial,online_lrta,greedy,11,0.25,16253,False,2,agent_win,1,21,,0.1003,0.5289,0,,
partial,online_lrta,beam,11,0.25,16253,False,2,agent_win,1,21,,0.0971,0.5289,0,,
partial,online_lrta,astar,11,0.25,16253,False,2,agent_win,1,21,,0.0951,0.5289,0,,
partial,exploration,random,11,0.25,16253,False,2,agent_win,1,53,,0.4897,0.9587,0,53,
partial,exploration,greedy,11,0.25,16253,False,2,agent_win,1,53,,0.476,0.9587,0,53,
partial,exploration,beam,11,0.25,16253,False,2,agent_win,1,53,,0.4732,0.9587,0,53,
partial,exploration,astar,11,0.25,16253,False,2,agent_win,1,53,,0.4668,0.9587,0,53,
partial,online_astar,random,11,0.25,16253,False,4,agent_win,1,19,,1.9828,0.7273,0,,
partial,online_astar,greedy,11,0.25,16253,False,4,agent_win,1,19,,2.0183,0.7273,0,,
partial,online_astar,beam,11,0.25,16253,False,4,agent_win,1,19,,1.9818,0.7273,0,,
partial,online_astar,astar,11,0.25,16253,False,4,agent_win,1,19,,1.9654,0.7273,0,,
partial,online_lrta,random,11,0.25,16253,False,4,agent_win,1,21,,0.1062,0.7273,0,,
partial,online_lrta,greedy,11,0.25,16253,False,4,agent_win,1,21,,0.0995,0.7273,0,,
partial,online_lrta,beam,11,0.25,16253,False,4,agent_win,1,21,,0.0999,0.7273,0,,
partial,online_lrta,astar,11,0.25,16253,False,4,agent_win,1,21,,0.0997,0.7273,0,,
partial,exploration,random,11,0.25,16253,False,4,agent_win,1,39,,0.4892,1.0,0,37,
partial,exploration,greedy,11,0.25,16253,False,4,agent_win,1,39,,0.4797,1.0,0,37,
partial,exploration,beam,11,0.25,16253,False,4,agent_win,1,39,,0.4689,1.0,0,37,
partial,exploration,astar,11,0.25,16253,False,4,agent_win,1,39,,0.4747,1.0,0,37,
partial,online_astar,random,11,0.25,16253,False,6,agent_win,1,19,,1.65,0.876,0,,
partial,online_astar,greedy,11,0.25,16253,False,6,agent_win,1,19,,1.753,0.876,0,,
partial,online_astar,beam,11,0.25,16253,False,6,agent_win,1,19,,1.6562,0.876,0,,
partial,online_astar,astar,11,0.25,16253,False,6,agent_win,1,19,,1.6077,0.876,0,,
partial,online_lrta,random,11,0.25,16253,False,6,agent_win,1,21,,0.1119,0.876,0,,
partial,online_lrta,greedy,11,0.25,16253,False,6,agent_win,1,21,,0.1034,0.876,0,,
partial,online_lrta,beam,11,0.25,16253,False,6,agent_win,1,21,,0.1034,0.876,0,,
partial,online_lrta,astar,11,0.25,16253,False,6,agent_win,1,21,,0.1018,0.876,0,,
partial,exploration,random,11,0.25,16253,False,6,agent_win,1,23,,0.2934,0.9587,0,19,
partial,exploration,greedy,11,0.25,16253,False,6,agent_win,1,23,,0.2843,0.9587,0,19,
partial,exploration,beam,11,0.25,16253,False,6,agent_win,1,23,,0.2824,0.9587,0,19,
partial,exploration,astar,11,0.25,16253,False,6,agent_win,1,23,,0.3125,0.9587,0,19,
partial,online_astar,random,11,0.25,16253,True,2,agent_win,1,21,,2.5203,0.5289,3,,
partial,online_astar,greedy,11,0.25,16253,True,2,agent_win,1,21,,2.4349,0.5289,3,,
partial,online_astar,beam,11,0.25,16253,True,2,agent_win,1,21,,2.4848,0.5289,3,,
partial,online_astar,astar,11,0.25,16253,True,2,agent_win,1,21,,2.4362,0.5289,3,,
partial,online_lrta,random,11,0.25,16253,True,2,agent_win,1,21,,0.1203,0.5289,3,,
partial,online_lrta,greedy,11,0.25,16253,True,2,agent_win,1,21,,0.1086,0.5289,3,,
partial,online_lrta,beam,11,0.25,16253,True,2,agent_win,1,21,,0.1098,0.5289,3,,
partial,online_lrta,astar,11,0.25,16253,True,2,agent_win,1,21,,0.1073,0.5289,3,,
partial,exploration,random,11,0.25,16253,True,2,agent_win,1,45,,0.4939,0.9339,7,45,
partial,exploration,greedy,11,0.25,16253,True,2,agent_win,1,45,,0.5058,0.9339,7,45,
partial,exploration,beam,11,0.25,16253,True,2,agent_win,1,45,,0.4962,0.9339,7,45,
partial,exploration,astar,11,0.25,16253,True,2,agent_win,1,45,,0.5788,0.9339,7,45,
partial,online_astar,random,11,0.25,16253,True,4,agent_win,1,19,,2.211,0.7273,3,,
partial,online_astar,greedy,11,0.25,16253,True,4,agent_win,1,19,,1.8697,0.7273,3,,
partial,online_astar,beam,11,0.25,16253,True,4,agent_win,1,19,,2.0168,0.7273,3,,
partial,online_astar,astar,11,0.25,16253,True,4,agent_win,1,19,,1.996,0.7273,3,,
partial,online_lrta,random,11,0.25,16253,True,4,agent_win,1,21,,0.1521,0.7273,3,,
partial,online_lrta,greedy,11,0.25,16253,True,4,agent_win,1,21,,0.1128,0.7273,3,,
partial,online_lrta,beam,11,0.25,16253,True,4,agent_win,1,21,,0.1136,0.7273,3,,
partial,online_lrta,astar,11,0.25,16253,True,4,agent_win,1,21,,0.1539,0.7273,3,,
partial,exploration,random,11,0.25,16253,True,4,agent_win,1,31,,0.444,0.9752,5,29,
partial,exploration,greedy,11,0.25,16253,True,4,agent_win,1,31,,0.3739,0.9752,5,29,
partial,exploration,beam,11,0.25,16253,True,4,agent_win,1,31,,0.3695,0.9752,5,29,
partial,exploration,astar,11,0.25,16253,True,4,agent_win,1,31,,0.4405,0.9752,5,29,
partial,online_astar,random,11,0.25,16253,True,6,agent_win,1,19,,1.5959,0.876,3,,
partial,online_astar,greedy,11,0.25,16253,True,6,agent_win,1,19,,1.6208,0.876,3,,
partial,online_astar,beam,11,0.25,16253,True,6,agent_win,1,19,,1.7184,0.876,3,,
partial,online_astar,astar,11,0.25,16253,True,6,agent_win,1,19,,1.6341,0.876,3,,
partial,online_lrta,random,11,0.25,16253,True,6,agent_win,1,21,,0.1248,0.876,3,,
partial,online_lrta,greedy,11,0.25,16253,True,6,agent_win,1,21,,0.1312,0.876,3,,
partial,online_lrta,beam,11,0.25,16253,True,6,agent_win,1,21,,0.119,0.876,3,,
partial,online_lrta,astar,11,0.25,16253,True,6,agent_win,1,21,,0.1151,0.876,3,,
partial,exploration,random,11,0.25,16253,True,6,agent_win,1,23,,0.3008,0.9504,4,19,
partial,exploration,greedy,11,0.25,16253,True,6,agent_win,1,23,,0.2874,0.9504,4,19,
partial,exploration,beam,11,0.25,16253,True,6,agent_win,1,23,,0.2979,0.9504,4,19,
partial,exploration,astar,11,0.25,16253,True,6,agent_win,1,23,,0.2937,0.9504,4,19,
partial,online_astar,random,11,0.25,16254,False,2,agent_win,1,27,,3.0174,0.6777,0,,
partial,online_astar,greedy,11,0.25,16254,False,2,agent_win,1,27,,2.9323,0.6777,0,,
partial,online_astar,beam,11,0.25,16254,False,2,pursuer_win,0,10,,2.298,0.3636,0,,
partial,online_astar,astar,11,0.25,16254,False,2,pursuer_win,0,9,,2.2144,0.3388,0,,
partial,online_lrta,random,11,0.25,16254,False,2,pursuer_win,0,55,,0.2533,0.7107,0,,
partial,online_lrta,greedy,11,0.25,16254,False,2,agent_win,1,65,,0.2999,0.8843,0,,
partial,online_lrta,beam,11,0.25,16254,False,2,pursuer_win,0,11,,0.0694,0.3636,0,,
partial,online_lrta,astar,11,0.25,16254,False,2,pursuer_win,0,10,,0.0632,0.3388,0,,
partial,exploration,random,11,0.25,16254,False,2,pursuer_win,0,35,,0.3486,0.8017,0,,
partial,exploration,greedy,11,0.25,16254,False,2,pursuer_win,0,39,,0.3817,0.876,0,,
partial,exploration,beam,11,0.25,16254,False,2,pursuer_win,0,42,,0.6016,0.8843,0,,
partial,exploration,astar,11,0.25,16254,False,2,pursuer_win,0,14,,0.1538,0.314,0,,
partial,online_astar,random,11,0.25,16254,False,4,agent_win,1,23,,2.3493,0.8595,0,,
partial,online_astar,greedy,11,0.25,16254,False,4,agent_win,1,23,,2.278,0.8595,0,,
partial,online_astar,beam,11,0.25,16254,False,4,pursuer_win,0,10,,2.104,0.6198,0,,
partial,online_astar,astar,11,0.25,16254,False,4,pursuer_win,0,9,,1.93,0.5785,0,,
partial,online_lrta,random,11,0.25,16254,False,4,pursuer_win,0,55,,0.2528,0.9091,0,,
partial,online_lrta,greedy,11,0.25,16254,False,4,agent_win,1,65,,0.2883,1.0,0,,
partial,online_lrta,beam,11,0.25,16254,False,4,pursuer_win,0,11,,0.07,0.6033,0,,
partial,online_lrta,astar,11,0.25,16254,False,4,pursuer_win,0,10,,0.0676,0.562,0,,
partial,exploration,random,11,0.25,16254,False,4,agent_win,1,31,,0.3584,0.9339,0,29,
partial,exploration,greedy,11,0.25,16254,False,4,agent_win,1,31,,0.3313,0.9339,0,29,
partial,exploration,beam,11,0.25,16254,False,4,pursuer_win,0,17,,0.2344,0.6364,0,,
partial,exploration,astar,11,0.25,16254,False,4,pursuer_win,0,12,,0.1532,0.5041,0,,
partial,online_astar,random,11,0.25,16254,False,6,agent_win,1,21,,1.8253,0.9587,0,,
partial,online_astar,greedy,11,0.25,16254,False,6,agent_win,1,21,,1.8056,0.9587,0,,
partial,online_astar,beam,11,0.25,16254,False,6,pursuer_win,0,10,,1.6034,0.8595,0,,
partial,online_astar,astar,11,0.25,16254,False,6,pursuer_win,0,9,,1.5394,0.8264,0,,
partial,online_lrta,random,11,0.25,16254,False,6,pursuer_win,0,55,,0.2584,0.9752,0,,
partial,online_lrta,greedy,11,0.25,16254,False,6,agent_win,1,65,,0.292,1.0,0,,
partial,online_lrta,beam,11,0.25,16254,False,6,pursuer_win,0,11,,0.0731,0.8512,0,,
partial,online_lrta,astar,11,0.25,16254,False,6,pursuer_win,0,10,,0.065,0.8099,0,,
partial,exploration,random,11,0.25,16254,False,6,agent_win,1,23,,0.2636,0.9587,0,19,
partial,exploration,greedy,11,0.25,16254,False,6,agent_win,1,23,,0.2562,0.9587,0,19,
partial,exploration,beam,11,0.25,16254,False,6,pursuer_win,0,11,,0.1537,0.8512,0,,
partial,exploration,astar,11,0.25,16254,False,6,pursuer_win,0,10,,0.1532,0.8099,0,,
partial,online_astar,random,11,0.25,16254,True,2,pursuer_win,0,13,,2.5736,0.4711,2,,
partial,online_astar,greedy,11,0.25,16254,True,2,agent_win,1,19,,2.5848,0.5785,3,,
partial,online_astar,beam,11,0.25,16254,True,2,pursuer_win,0,10,,2.477,0.3636,1,,
partial,online_astar,astar,11,0.25,16254,True,2,pursuer_win,0,9,,2.2675,0.3388,1,,
partial,online_lrta,random,11,0.25,16254,True,2,agent_win,1,105,,0.5252,0.876,13,,
partial,online_lrta,greedy,11,0.25,16254,True,2,agent_win,1,23,,0.1228,0.6281,4,,
partial,online_lrta,beam,11,0.25,16254,True,2,pursuer_win,0,11,,0.0734,0.3636,2,,
partial,online_lrta,astar,11,0.25,16254,True,2,pursuer_win,0,10,,0.0671,0.3388,1,,
partial,exploration,random,11,0.25,16254,True,2,pursuer_win,0,43,,0.438,0.8843,4,,
partial,exploration,greedy,11,0.25,16254,True,2,pursuer_win,0,35,,0.3645,0.6777,6,,
partial,exploration,beam,11,0.25,16254,True,2,pursuer_win,0,26,,0.3007,0.4711,4,,
partial,exploration,astar,11,0.25,16254,True,2,pursuer_win,0,14,,0.1524,0.314,2,,
partial,online_astar,random,11,0.25,16254,True,4,pursuer_win,0,17,,2.2622,0.8017,3,,
partial,online_astar,greedy,11,0.25,16254,True,4,agent_win,1,19,,2.1498,0.7934,3,,
partial,online_astar,beam,11,0.25,16254,True,4,pursuer_win,0,10,,2.0678,0.6198,1,,
partial,online_astar,astar,11,0.25,16254,True,4,pursuer_win,0,9,,1.9223,0.5785,1,,
partial,online_lrta,random,11,0.25,16254,True,4,agent_win,1,105,,0.5219,0.9669,13,,
partial,online_lrta,greedy,11,0.25,16254,True,4,agent_win,1,23,,0.1391,0.8264,4,,
partial,online_lrta,beam,11,0.25,16254,True,4,pursuer_win,0,11,,0.0766,0.6033,2,,
partial,online_lrta,astar,11,0.25,16254,True,4,pursuer_win,0,10,,0.0662,0.562,1,,
partial,exploration,random,11,0.25,16254,True,4,pursuer_win,0,31,,0.3751,0.9752,4,,
partial,exploration,greedy,11,0.25,16254,True,4,agent_win,1,33,,0.4304,0.9421,5,31,
partial,exploration,beam,11,0.25,16254,True,4,pursuer_win,0,16,,0.2644,0.6612,2,,
partial,exploration,astar,11,0.25,16254,True,4,pursuer_win,0,12,,0.2353,0.4959,2,,
partial,online_astar,random,11,0.25,16254,True,6,pursuer_win,0,13,,1.8236,0.9504,2,,
partial,online_astar,greedy,11,0.25,16254,True,6,agent_win,1,19,,1.7694,0.9339,3,,
partial,online_astar,beam,11,0.25,16254,True,6,pursuer_win,0,10,,1.9436,0.8595,1,,
partial,online_astar,astar,11,0.25,16254,True,6,pursuer_win,0,9,,1.5952,0.8264,1,,
partial,online_lrta,random,11,0.25,16254,True,6,agent_win,1,105,,0.5446,1.0,13,,
partial,online_lrta,greedy,11,0.25,16254,True,6,agent_win,1,23,,0.1452,0.9504,4,,
partial,online_lrta,beam,11,0.25,16254,True,6,pursuer_win,0,11,,0.1053,0.8512,2,,
partial,online_lrta,astar,11,0.25,16254,True,6,pursuer_win,0,10,,0.1088,0.8099,1,,
partial,exploration,random,11,0.25,16254,True,6,pursuer_win,0,17,,0.2414,0.9587,2,,
partial,exploration,greedy,11,0.25,16254,True,6,agent_win,1,23,,0.2595,0.9587,4,19,
partial,exploration,beam,11,0.25,16254,True,6,pursuer_win,0,11,,0.1322,0.8512,2,,
partial,exploration,astar,11,0.25,16254,True,6,pursuer_win,0,10,,0.1321,0.8099,1,,
partial,online_astar,random,11,0.35,16350,False,2,agent_win,1,33,,3.978,0.8182,0,,
partial,online_astar,greedy,11,0.35,16350,False,2,pursuer_win,0,11,,2.2477,0.3884,0,,
partial,online_astar,beam,11,0.35,16350,False,2,pursuer_win,0,11,,2.5573,0.3884,0,,
partial,online_astar,astar,11,0.35,16350,False,2,pursuer_win,0,11,,2.2179,0.3884,0,,
partial,online_lrta,random,11,0.35,16350,False,2,agent_win,1,31,,0.1966,0.7686,0,,
partial,online_lrta,greedy,11,0.35,16350,False,2,pursuer_win,0,11,,0.0659,0.3388,0,,
partial,online_lrta,beam,11,0.35,16350,False,2,pursuer_win,0,6,,0.0414,0.2066,0,,
partial,online_lrta,astar,11,0.35,16350,False,2,pursuer_win,0,6,,0.0389,0.2066,0,,
partial,exploration,random,11,0.35,16350,False,2,pursuer_win,0,29,,0.2825,0.5207,0,,
partial,exploration,greedy,11,0.35,16350,False,2,pursuer_win,0,16,,0.1798,0.3967,0,,
partial,exploration,beam,11,0.35,16350,False,2,pursuer_win,0,7,,0.0744,0.1818,0,,
partial,exploration,astar,11,0.35,16350,False,2,pursuer_win,0,7,,0.0698,0.1818,0,,
partial,online_astar,random,11,0.35,16350,False,4,agent_win,1,27,,3.3434,0.9421,0,,
partial,online_astar,greedy,11,0.35,16350,False,4,pursuer_win,0,9,,2.1988,0.5702,0,,
partial,online_astar,beam,11,0.35,16350,False,4,pursuer_win,0,9,,1.9862,0.5702,0,,
partial,online_astar,astar,11,0.35,16350,False,4,pursuer_win,0,9,,2.0278,0.5702,0,,
partial,online_lrta,random,11,0.35,16350,False,4,agent_win,1,31,,0.1522,0.9421,0,,
partial,online_lrta,greedy,11,0.35,16350,False,4,pursuer_win,0,11,,0.0798,0.5702,0,,
partial,online_lrta,beam,11,0.35,16350,False,4,pursuer_win,0,6,,0.079,0.3636,0,,
partial,online_lrta,astar,11,0.35,16350,False,4,pursuer_win,0,6,,0.0458,0.3636,0,,
partial,exploration,random,11,0.35,16350,False,4,agent_win,1,23,,0.2975,0.8926,0,21,
partial,exploration,greedy,11,0.35,16350,False,4,pursuer_win,0,7,,0.0758,0.4215,0,,
partial,exploration,beam,11,0.35,16350,False,4,pursuer_win,0,6,,0.079,0.3636,0,,
partial,exploration,astar,11,0.35,16350,False,4,pursuer_win,0,6,,0.0757,0.3636,0,,
partial,online_astar,random,11,0.35,16350,False,6,agent_win,1,19,,2.0935,0.9752,0,,
partial,online_astar,greedy,11,0.35,16350,False,6,pursuer_win,0,5,,1.0836,0.6198,0,,
partial,online_astar,beam,11,0.35,16350,False,6,pursuer_win,0,5,,1.0688,0.6198,0,,
partial,online_astar,astar,11,0.35,16350,False,6,pursuer_win,0,5,,1.158,0.6198,0,,
partial,online_lrta,random,11,0.35,16350,False,6,agent_win,1,31,,0.1553,0.9917,0,,
partial,online_lrta,greedy,11,0.35,16350,False,6,pursuer_win,0,11,,0.0564,0.7934,0,,
partial,online_lrta,beam,11,0.35,16350,False,6,pursuer_win,0,6,,0.0417,0.5537,0,,
partial,online_lrta,astar,11,0.35,16350,False,6,pursuer_win,0,6,,0.0413,0.5537,0,,
partial,exploration,random,11,0.35,16350,False,6,pursuer_win,0,11,,0.1446,0.7438,0,,
partial,exploration,greedy,11,0.35,16350,False,6,pursuer_win,0,6,,0.1339,0.6033,0,,
partial,exploration,beam,11,0.35,16350,False,6,pursuer_win,0,6,,0.1588,0.6033,0,,
partial,exploration,astar,11,0.35,16350,False,6,pursuer_win,0,6,,0.1363,0.6033,0,,
partial,online_astar,random,11,0.35,16350,True,2,agent_win,1,39,,4.742,0.8017,3,,
partial,online_astar,greedy,11,0.35,16350,True,2,pursuer_win,0,11,,2.3275,0.3884,2,,
partial,online_astar,beam,11,0.35,16350,True,2,pursuer_win,0,11,,2.3332,0.3884,2,,
partial,online_astar,astar,11,0.35,16350,True,2,pursuer_win,0,11,,2.3436,0.3884,2,,
partial,online_lrta,random,11,0.35,16350,True,2,agent_win,1,31,,0.174,0.7686,2,,
partial,online_lrta,greedy,11,0.35,16350,True,2,pursuer_win,0,11,,0.0641,0.314,2,,
partial,online_lrta,beam,11,0.35,16350,True,2,pursuer_win,0,7,,0.0476,0.2149,1,,
partial,online_lrta,astar,11,0.35,16350,True,2,pursuer_win,0,7,,0.0469,0.2149,1,,
partial,exploration,random,11,0.35,16350,True,2,pursuer_win,0,24,,0.2388,0.4628,1,,
partial,exploration,greedy,11,0.35,16350,True,2,pursuer_win,0,10,,0.1055,0.2397,1,,
partial,exploration,beam,11,0.35,16350,True,2,pursuer_win,0,7,,0.0841,0.1818,1,,
partial,exploration,astar,11,0.35,16350,True,2,pursuer_win,0,7,,0.0823,0.1818,1,,
partial,online_astar,random,11,0.35,16350,True,4,agent_win,1,27,,3.5854,0.9421,1,,
partial,online_astar,greedy,11,0.35,16350,True,4,pursuer_win,0,9,,1.9791,0.5702,1,,
partial,online_astar,beam,11,0.35,16350,True,4,pursuer_win,0,9,,1.9714,0.5702,1,,
partial,online_astar,astar,11,0.35,16350,True,4,pursuer_win,0,9,,1.9591,0.5702,1,,
partial,online_lrta,random,11,0.35,16350,True,4,agent_win,1,31,,0.1757,0.9421,2,,
partial,online_lrta,greedy,11,0.35,16350,True,4,pursuer_win,0,11,,0.0663,0.5455,2,,
partial,online_lrta,beam,11,0.35,16350,True,4,pursuer_win,0,7,,0.0495,0.3884,1,,
partial,online_lrta,astar,11,0.35,16350,True,4,pursuer_win,0,7,,0.0581,0.3884,1,,
partial,exploration,random,11,0.35,16350,True,4,agent_win,1,23,,0.3018,0.8926,1,21,
partial,exploration,greedy,11,0.35,16350,True,4,pursuer_win,0,7,,0.0759,0.4215,1,,
partial,exploration,beam,11,0.35,16350,True,4,pursuer_win,0,6,,0.0759,0.3636,1,,
partial,exploration,astar,11,0.35,16350,True,4,pursuer_win,0,6,,0.0719,0.3636,1,,
partial,online_astar,random,11,0.35,16350,True,6,agent_win,1,19,,1.8035,0.9752,2,,
partial,online_astar,greedy,11,0.35,16350,True,6,pursuer_win,0,5,,1.0742,0.6198,1,,
partial,online_astar,beam,11,0.35,16350,True,6,pursuer_win,0,5,,1.1054,0.6198,1,,
partial,online_astar,astar,11,0.35,16350,True,6,pursuer_win,0,5,,1.105,0.6198,1,,
partial,online_lrta,random,11,0.35,16350,True,6,agent_win,1,31,,0.1696,0.9917,2,,
partial,online_lrta,greedy,11,0.35,16350,True,6,pursuer_win,0,11,,0.064,0.7686,2,,
partial,online_lrta,beam,11,0.35,16350,True,6,pursuer_win,0,7,,0.0477,0.595,1,,
partial,online_lrta,astar,11,0.35,16350,True,6,pursuer_win,0,7,,0.0452,0.595,1,,
partial,exploration,random,11,0.35,16350,True,6,pursuer_win,0,12,,0.1381,0.7686,1,,
partial,exploration,greedy,11,0.35,16350,True,6,pursuer_win,0,12,,0.2306,0.8264,2,,
partial,exploration,beam,11,0.35,16350,True,6,pursuer_win,0,12,,0.2232,0.8264,2,,
partial,exploration,astar,11,0.35,16350,True,6,pursuer_win,0,12,,0.2217,0.8264,2,,
partial,online_astar,random,11,0.35,16351,False,2,agent_win,1,27,,2.5447,0.6281,0,,
partial,online_astar,greedy,11,0.35,16351,False,2,agent_win,1,27,,2.5605,0.6281,0,,
partial,online_astar,beam,11,0.35,16351,False,2,agent_win,1,27,,2.6188,0.6281,0,,
partial,online_astar,astar,11,0.35,16351,False,2,agent_win,1,27,,2.5698,0.6281,0,,
partial,online_lrta,random,11,0.35,16351,False,2,agent_win,1,29,,0.1347,0.6281,0,,
partial,online_lrta,greedy,11,0.35,16351,False,2,agent_win,1,29,,0.1312,0.6281,0,,
partial,online_lrta,beam,11,0.35,16351,False,2,agent_win,1,29,,0.1529,0.6281,0,,
partial,online_lrta,astar,11,0.35,16351,False,2,agent_win,1,29,,0.1489,0.6281,0,,
partial,exploration,random,11,0.35,16351,False,2,agent_win,1,63,,0.5731,0.9752,0,63,
partial,exploration,greedy,11,0.35,16351,False,2,agent_win,1,63,,0.5563,0.9752,0,63,
partial,exploration,beam,11,0.35,16351,False,2,agent_win,1,63,,0.6012,0.9752,0,63,
partial,exploration,astar,11,0.35,16351,False,2,agent_win,1,63,,0.5978,0.9752,0,63,
partial,online_astar,random,11,0.35,16351,False,4,agent_win,1,25,,2.1777,0.8347,0,,
partial,online_astar,greedy,11,0.35,16351,False,4,agent_win,1,25,,2.1588,0.8347,0,,
partial,online_astar,beam,11,0.35,16351,False,4,agent_win,1,25,,2.1827,0.8347,0,,
partial,online_astar,astar,11,0.35,16351,False,4,agent_win,1,25,,2.2037,0.8347,0,,
partial,online_lrta,random,11,0.35,16351,False,4,agent_win,1,29,,0.141,0.8347,0,,
partial,online_lrta,greedy,11,0.35,16351,False,4,agent_win,1,29,,0.1337,0.8347,0,,
partial,online_lrta,beam,11,0.35,16351,False,4,agent_win,1,29,,0.1557,0.8347,0,,
partial,online_lrta,astar,11,0.35,16351,False,4,agent_win,1,29,,0.1499,0.8347,0,,
partial,exploration,random,11,0.35,16351,False,4,agent_win,1,25,,0.218,0.8347,0,17,
partial,exploration,greedy,11,0.35,16351,False,4,agent_win,1,25,,0.2343,0.8347,0,17,
partial,exploration,beam,11,0.35,16351,False,4,agent_win,1,25,,0.2272,0.8347,0,17,
partial,exploration,astar,11,0.35,16351,False,4,agent_win,1,25,,0.2174,0.8347,0,17,
partial,online_astar,random,11,0.35,16351,False,6,agent_win,1,25,,1.9777,0.9587,0,,
partial,online_astar,greedy,11,0.35,16351,False,6,agent_win,1,25,,2.0865,0.9587,0,,
partial,online_astar,beam,11,0.35,16351,False,6,agent_win,1,25,,3.6192,0.9587,0,,
partial,online_astar,astar,11,0.35,16351,False,6,agent_win,1,25,,2.0322,0.9587,0,,
partial,online_lrta,random,11,0.35,16351,False,6,agent_win,1,29,,0.1482,0.9587,0,,
partial,online_lrta,greedy,11,0.35,16351,False,6,agent_win,1,29,,0.1386,0.9587,0,,
partial,online_lrta,beam,11,0.35,16351,False,6,agent_win,1,29,,0.1588,0.9587,0,,
partial,online_lrta,astar,11,0.35,16351,False,6,agent_win,1,29,,0.161,0.9587,0,,
partial,exploration,random,11,0.35,16351,False,6,agent_win,1,25,,0.3245,0.9587,0,15,
partial,exploration,greedy,11,0.35,16351,False,6,agent_win,1,25,,0.3173,0.9587,0,15,
partial,exploration,beam,11,0.35,16351,False,6,agent_win,1,25,,0.3224,0.9587,0,15,
partial,exploration,astar,11,0.35,16351,False,6,agent_win,1,25,,0.3322,0.9587,0,15,
partial,online_astar,random,11,0.35,16351,True,2,agent_win,1,55,,7.0214,0.8099,6,,
partial,online_astar,greedy,11,0.35,16351,True,2,agent_win,1,27,,2.5437,0.6281,1,,
partial,online_astar,beam,11,0.35,16351,True,2,agent_win,1,27,,2.4638,0.6281,1,,
partial,online_astar,astar,11,0.35,16351,True,2,agent_win,1,27,,2.6606,0.6281,1,,
partial,online_lrta,random,11,0.35,16351,True,2,agent_win,1,49,,0.2321,0.6942,5,,
partial,online_lrta,greedy,11,0.35,16351,True,2,agent_win,1,29,,0.1365,0.6281,2,,
partial,online_lrta,beam,11,0.35,16351,True,2,agent_win,1,29,,0.1588,0.6281,2,,
partial,online_lrta,astar,11,0.35,16351,True,2,agent_win,1,29,,0.1585,0.6281,2,,
partial,exploration,random,11,0.35,16351,True,2,agent_win,1,67,,0.6581,0.8595,8,65,
partial,exploration,greedy,11,0.35,16351,True,2,agent_win,1,47,,0.4225,0.9835,4,45,
partial,exploration,beam,11,0.35,16351,True,2,agent_win,1,47,,0.4471,0.9835,4,45,
partial,exploration,astar,11,0.35,16351,True,2,agent_win,1,47,,0.461,0.9835,4,45,
partial,online_astar,random,11,0.35,16351,True,4,agent_win,1,49,,6.7853,0.9339,5,,
partial,online_astar,greedy,11,0.35,16351,True,4,agent_win,1,25,,2.2193,0.8347,1,,
partial,online_astar,beam,11,0.35,16351,True,4,agent_win,1,25,,2.2395,0.8347,1,,
partial,online_astar,astar,11,0.35,16351,True,4,agent_win,1,25,,2.2716,0.8347,1,,
partial,online_lrta,random,11,0.35,16351,True,4,agent_win,1,49,,0.2676,0.8595,5,,
partial,online_lrta,greedy,11,0.35,16351,True,4,agent_win,1,29,,0.147,0.8347,2,,
partial,online_lrta,beam,11,0.35,16351,True,4,agent_win,1,29,,0.1665,0.8347,2,,
partial,online_lrta,astar,11,0.35,16351,True,4,agent_win,1,29,,0.175,0.8347,2,,
partial,exploration,random,11,0.35,16351,True,4,agent_win,1,53,,0.7569,0.9421,6,17,
partial,exploration,greedy,11,0.35,16351,True,4,agent_win,1,25,,0.2183,0.8347,1,17,
partial,exploration,beam,11,0.35,16351,True,4,agent_win,1,25,,0.239,0.8347,1,17,
partial,exploration,astar,11,0.35,16351,True,4,agent_win,1,25,,0.242,0.8347,1,17,
partial,online_astar,random,11,0.35,16351,True,6,agent_win,1,43,,4.3799,1.0,6,,
partial,online_astar,greedy,11,0.35,16351,True,6,agent_win,1,25,,1.9727,0.9587,1,,
partial,online_astar,beam,11,0.35,16351,True,6,agent_win,1,25,,1.9983,0.9587,1,,
partial,online_astar,astar,11,0.35,16351,True,6,agent_win,1,25,,1.9795,0.9587,1,,
partial,online_lrta,random,11,0.35,16351,True,6,agent_win,1,49,,0.2772,0.9504,5,,
partial,online_lrta,greedy,11,0.35,16351,True,6,agent_win,1,29,,0.1523,0.9587,2,,
partial,online_lrta,beam,11,0.35,16351,True,6,agent_win,1,29,,0.1678,0.9587,2,,
partial,online_lrta,astar,11,0.35,16351,True,6,agent_win,1,29,,0.1733,0.9587,2,,
partial,exploration,random,11,0.35,16351,True,6,agent_win,1,47,,0.5625,1.0,5,43,
partial,exploration,greedy,11,0.35,16351,True,6,agent_win,1,25,,0.3269,0.9587,1,15,
partial,exploration,beam,11,0.35,16351,True,6,agent_win,1,25,,0.3202,0.9587,1,15,
partial,exploration,astar,11,0.35,16351,True,6,agent_win,1,25,,0.3155,0.9587,1,15,
partial,online_astar,random,11,0.35,16352,False,2,agent_win,1,21,,2.5129,0.5289,0,,
partial,online_astar,greedy,11,0.35,16352,False,2,pursuer_win,0,13,,2.3781,0.4132,0,,
partial,online_astar,beam,11,0.35,16352,False,2,pursuer_win,0,13,,2.4499,0.4132,0,,
partial,online_astar,astar,11,0.35,16352,False,2,pursuer_win,0,12,,2.3566,0.3884,0,,
partial,online_lrta,random,11,0.35,16352,False,2,agent_win,1,21,,0.1089,0.5289,0,,
partial,online_lrta,greedy,11,0.35,16352,False,2,pursuer_win,0,13,,0.0671,0.4132,0,,
partial,online_lrta,beam,11,0.35,16352,False,2,pursuer_win,0,13,,0.0828,0.4132,0,,
partial,online_lrta,astar,11,0.35,16352,False,2,pursuer_win,0,12,,0.0748,0.3884,0,,
partial,exploration,random,11,0.35,16352,False,2,pursuer_win,0,33,,0.3284,0.7934,0,,
partial,exploration,greedy,11,0.35,16352,False,2,pursuer_win,0,18,,0.1709,0.4215,0,,
partial,exploration,beam,11,0.35,16352,False,2,pursuer_win,0,15,,0.1652,0.3884,0,,
partial,exploration,astar,11,0.35,16352,False,2,pursuer_win,0,14,,0.1549,0.3719,0,,
partial,online_astar,random,11,0.35,16352,False,4,agent_win,1,21,,2.2134,0.7521,0,,
partial,online_astar,greedy,11,0.35,16352,False,4,pursuer_win,0,13,,2.0681,0.6281,0,,
partial,online_astar,beam,11,0.35,16352,False,4,pursuer_win,0,13,,2.0893,0.6281,0,,
partial,online_astar,astar,11,0.35,16352,False,4,pursuer_win,0,12,,2.0461,0.6033,0,,
partial,online_lrta,random,11,0.35,16352,False,4,agent_win,1,21,,0.1143,0.7521,0,,
partial,online_lrta,greedy,11,0.35,16352,False,4,pursuer_win,0,13,,0.0667,0.6281,0,,
partial,online_lrta,beam,11,0.35,16352,False,4,pursuer_win,0,13,,0.0872,0.6281,0,,
partial,online_lrta,astar,11,0.35,16352,False,4,pursuer_win,0,12,,0.084,0.6033,0,,
partial,exploration,random,11,0.35,16352,False,4,pursuer_win,0,25,,0.3221,0.9835,0,,
partial,exploration,greedy,11,0.35,16352,False,4,pursuer_win,0,14,,0.1667,0.595,0,,
partial,exploration,beam,11,0.35,16352,False,4,pursuer_win,0,14,,0.1821,0.595,0,,
partial,exploration,astar,11,0.35,16352,False,4,pursuer_win,0,13,,0.1679,0.5702,0,,
partial,online_astar,random,11,0.35,16352,False,6,agent_win,1,19,,1.9288,0.9008,0,,
partial,online_astar,greedy,11,0.35,16352,False,6,pursuer_win,0,13,,1.7952,0.8017,0,,
partial,online_astar,beam,11,0.35,16352,False,6,pursuer_win,0,13,,1.8447,0.8017,0,,
partial,online_astar,astar,11,0.35,16352,False,6,pursuer_win,0,12,,1.7956,0.7851,0,,
partial,online_lrta,random,11,0.35,16352,False,6,agent_win,1,21,,0.1162,0.8926,0,,
partial,online_lrta,greedy,11,0.35,16352,False,6,pursuer_win,0,13,,0.0712,0.8017,0,,
partial,online_lrta,beam,11,0.35,16352,False,6,pursuer_win,0,13,,0.0841,0.8017,0,,
partial,online_lrta,astar,11,0.35,16352,False,6,pursuer_win,0,12,,0.0782,0.7851,0,,
partial,exploration,random,11,0.35,16352,False,6,agent_win,1,19,,0.3184,0.9008,0,15,
partial,exploration,greedy,11,0.35,16352,False,6,pursuer_win,0,13,,0.256,0.8017,0,,
partial,exploration,beam,11,0.35,16352,False,6,pursuer_win,0,13,,0.2642,0.8017,0,,
partial,exploration,astar,11,0.35,16352,False,6,pursuer_win,0,12,,0.2608,0.7851,0,,
partial,online_astar,random,11,0.35,16352,True,2,agent_win,1,21,,2.73,0.5289,3,,
partial,online_astar,greedy,11,0.35,16352,True,2,agent_win,1,21,,2.5631,0.5289,3,,
partial,online_astar,beam,11,0.35,16352,True,2,agent_win,1,21,,2.5848,0.5289,3,,
partial,online_astar,astar,11,0.35,16352,True,2,agent_win,1,21,,2.5882,0.5289,3,,
partial,online_lrta,random,11,0.35,16352,True,2,agent_win,1,21,,0.1279,0.5289,3,,
partial,online_lrta,greedy,11,0.35,16352,True,2,agent_win,1,21,,0.1223,0.5289,3,,
partial,online_lrta,beam,11,0.35,16352,True,2,agent_win,1,21,,0.1361,0.5289,3,,
partial,online_lrta,astar,11,0.35,16352,True,2,agent_win,1,21,,0.1384,0.5289,3,,
partial,exploration,random,11,0.35,16352,True,2,agent_win,1,29,,0.3145,0.6033,5,29,
partial,exploration,greedy,11,0.35,16352,True,2,pursuer_win,0,27,,0.2726,0.595,4,,
partial,exploration,beam,11,0.35,16352,True,2,pursuer_win,0,37,,0.4258,0.8843,6,,
partial,exploration,astar,11,0.35,16352,True,2,pursuer_win,0,37,,0.4291,0.8843,6,,
partial,online_astar,random,11,0.35,16352,True,4,agent_win,1,21,,2.3114,0.7521,3,,
partial,online_astar,greedy,11,0.35,16352,True,4,agent_win,1,21,,2.2529,0.7521,3,,
partial,online_astar,beam,11,0.35,16352,True,4,agent_win,1,21,,2.3251,0.7521,3,,
partial,online_astar,astar,11,0.35,16352,True,4,agent_win,1,21,,2.311,0.7521,3,,
partial,online_lrta,random,11,0.35,16352,True,4,agent_win,1,21,,0.1285,0.7521,3,,
partial,online_lrta,greedy,11,0.35,16352,True,4,agent_win,1,21,,0.126,0.7521,3,,
partial,online_lrta,beam,11,0.35,16352,True,4,agent_win,1,21,,0.1375,0.7521,3,,
partial,online_lrta,astar,11,0.35,16352,True,4,agent_win,1,21,,0.1375,0.7521,3,,
partial,exploration,random,11,0.35,16352,True,4,agent_win,1,23,,0.2896,0.7521,4,19,
partial,exploration,greedy,11,0.35,16352,True,4,agent_win,1,23,,0.263,0.7521,4,19,
partial,exploration,beam,11,0.35,16352,True,4,agent_win,1,23,,0.2735,0.7521,4,19,
partial,exploration,astar,11,0.35,16352,True,4,agent_win,1,23,,0.279,0.7521,4,19,
partial,online_astar,random,11,0.35,16352,True,6,agent_win,1,19,,1.8485,0.9008,3,,
partial,online_astar,greedy,11,0.35,16352,True,6,agent_win,1,19,,1.7259,0.9008,3,,
partial,online_astar,beam,11,0.35,16352,True,6,agent_win,1,19,,1.8812,0.9008,3,,
partial,online_astar,astar,11,0.35,16352,True,6,agent_win,1,19,,1.7213,0.9008,3,,
partial,online_lrta,random,11,0.35,16352,True,6,agent_win,1,21,,0.1201,0.8926,3,,
partial,online_lrta,greedy,11,0.35,16352,True,6,agent_win,1,21,,0.1291,0.8926,3,,
partial,online_lrta,beam,11,0.35,16352,True,6,agent_win,1,21,,0.2189,0.8926,3,,
partial,online_lrta,astar,11,0.35,16352,True,6,agent_win,1,21,,0.1383,0.8926,3,,
partial,exploration,random,11,0.35,16352,True,6,agent_win,1,19,,0.2942,0.9008,3,15,
partial,exploration,greedy,11,0.35,16352,True,6,agent_win,1,19,,0.2789,0.9008,3,15,
partial,exploration,beam,11,0.35,16352,True,6,agent_win,1,19,,0.287,0.9008,3,15,
partial,exploration,astar,11,0.35,16352,True,6,agent_win,1,19,,0.2967,0.9008,3,15,
partial,online_astar,random,11,0.35,16353,False,2,agent_win,1,19,,2.3843,0.4959,0,,
partial,online_astar,greedy,11,0.35,16353,False,2,agent_win,1,19,,2.3717,0.4959,0,,
partial,online_astar,beam,11,0.35,16353,False,2,agent_win,1,19,,2.4071,0.4959,0,,
partial,online_astar,astar,11,0.35,16353,False,2,agent_win,1,19,,2.4624,0.4959,0,,
partial,online_lrta,random,11,0.35,16353,False,2,agent_win,1,21,,0.1051,0.5041,0,,
partial,online_lrta,greedy,11,0.35,16353,False,2,agent_win,1,21,,0.0984,0.5041,0,,
partial,online_lrta,beam,11,0.35,16353,False,2,agent_win,1,21,,0.1116,0.5041,0,,
partial,online_lrta,astar,11,0.35,16353,False,2,agent_win,1,21,,0.1118,0.5041,0,,
partial,exploration,random,11,0.35,16353,False,2,agent_win,1,37,,0.4014,0.6694,0,37,
partial,exploration,greedy,11,0.35,16353,False,2,agent_win,1,37,,0.3917,0.6694,0,37,
partial,exploration,beam,11,0.35,16353,False,2,agent_win,1,37,,0.4054,0.6694,0,37,
partial,exploration,astar,11,0.35,16353,False,2,agent_win,1,37,,0.4018,0.6694,0,37,
partial,online_astar,random,11,0.35,16353,False,4,agent_win,1,19,,2.1158,0.7107,0,,
partial,online_astar,greedy,11,0.35,16353,False,4,agent_win,1,19,,2.1039,0.7107,0,,
partial,online_astar,beam,11,0.35,16353,False,4,agent_win,1,19,,2.1348,0.7107,0,,
partial,online_astar,astar,11,0.35,16353,False,4,agent_win,1,19,,2.0995,0.7107,0,,
partial,online_lrta,random,11,0.35,16353,False,4,agent_win,1,21,,0.1057,0.7107,0,,
partial,online_lrta,greedy,11,0.35,16353,False,4,agent_win,1,21,,0.099,0.7107,0,,
partial,online_lrta,beam,11,0.35,16353,False,4,agent_win,1,21,,0.1115,0.7107,0,,
partial,online_lrta,astar,11,0.35,16353,False,4,agent_win,1,21,,0.1082,0.7107,0,,
partial,exploration,random,11,0.35,16353,False,4,agent_win,1,25,,0.3199,0.8264,0,23,
partial,exploration,greedy,11,0.35,16353,False,4,agent_win,1,25,,0.3183,0.8264,0,23,
partial,exploration,beam,11,0.35,16353,False,4,agent_win,1,25,,0.3241,0.8264,0,23,
partial,exploration,astar,11,0.35,16353,False,4,agent_win,1,25,,0.3177,0.8264,0,23,
partial,online_astar,random,11,0.35,16353,False,6,agent_win,1,19,,2.3843,0.8678,0,,
partial,online_astar,greedy,11,0.35,16353,False,6,agent_win,1,19,,2.5821,0.8678,0,,
partial,online_astar,beam,11,0.35,16353,False,6,agent_win,1,19,,1.8831,0.8678,0,,
partial,online_astar,astar,11,0.35,16353,False,6,agent_win,1,19,,1.8717,0.8678,0,,
partial,online_lrta,random,11,0.35,16353,False,6,agent_win,1,21,,0.1098,0.8678,0,,
partial,online_lrta,greedy,11,0.35,16353,False,6,agent_win,1,21,,0.1026,0.8678,0,,
partial,online_lrta,beam,11,0.35,16353,False,6,agent_win,1,21,,0.1554,0.8678,0,,
partial,online_lrta,astar,11,0.35,16353,False,6,agent_win,1,21,,0.1137,0.8678,0,,
partial,exploration,random,11,0.35,16353,False,6,agent_win,1,19,,0.233,0.8678,0,15,
partial,exploration,greedy,11,0.35,16353,False,6,agent_win,1,19,,0.2195,0.8678,0,15,
partial,exploration,beam,11,0.35,16353,False,6,agent_win,1,19,,0.2249,0.8678,0,15,
partial,exploration,astar,11,0.35,16353,False,6,agent_win,1,19,,0.212,0.8678,0,15,
partial,online_astar,random,11,0.35,16353,True,2,agent_win,1,19,,2.1612,0.5041,3,,
partial,online_astar,greedy,11,0.35,16353,True,2,agent_win,1,19,,2.3007,0.4959,3,,
partial,online_astar,beam,11,0.35,16353,True,2,agent_win,1,19,,2.25,0.4959,3,,
partial,online_astar,astar,11,0.35,16353,True,2,agent_win,1,19,,2.2525,0.4959,3,,
partial,online_lrta,random,11,0.35,16353,True,2,agent_win,1,21,,0.1141,0.5124,3,,
partial,online_lrta,greedy,11,0.35,16353,True,2,agent_win,1,21,,0.108,0.5041,3,,
partial,online_lrta,beam,11,0.35,16353,True,2,agent_win,1,21,,0.1233,0.5041,3,,
partial,online_lrta,astar,11,0.35,16353,True,2,agent_win,1,21,,0.1233,0.5041,3,,
partial,exploration,random,11,0.35,16353,True,2,agent_win,1,59,,0.5633,0.9504,10,59,
partial,exploration,greedy,11,0.35,16353,True,2,agent_win,1,31,,0.3019,0.6529,5,31,
partial,exploration,beam,11,0.35,16353,True,2,agent_win,1,31,,0.3138,0.6529,5,31,
partial,exploration,astar,11,0.35,16353,True,2,agent_win,1,31,,0.3251,0.6529,5,31,
partial,online_astar,random,11,0.35,16353,True,4,agent_win,1,19,,2.0863,0.7107,3,,
partial,online_astar,greedy,11,0.35,16353,True,4,agent_win,1,19,,2.0371,0.7107,3,,
partial,online_astar,beam,11,0.35,16353,True,4,agent_win,1,19,,2.1105,0.7107,3,,
partial,online_astar,astar,11,0.35,16353,True,4,agent_win,1,19,,2.037,0.7107,3,,
partial,online_lrta,random,11,0.35,16353,True,4,agent_win,1,21,,0.1212,0.7107,3,,
partial,online_lrta,greedy,11,0.35,16353,True,4,agent_win,1,21,,0.1153,0.7107,3,,
partial,online_lrta,beam,11,0.35,16353,True,4,agent_win,1,21,,0.1216,0.7107,3,,
partial,online_lrta,astar,11,0.35,16353,True,4,agent_win,1,21,,0.1188,0.7107,3,,
partial,exploration,random,11,0.35,16353,True,4,agent_win,1,41,,0.8039,1.0,7,39,
partial,exploration,greedy,11,0.35,16353,True,4,agent_win,1,21,,0.2679,0.8182,3,19,
partial,exploration,beam,11,0.35,16353,True,4,agent_win,1,21,,0.2605,0.8182,3,19,
partial,exploration,astar,11,0.35,16353,True,4,agent_win,1,21,,0.2622,0.8182,3,19,
partial,online_astar,random,11,0.35,16353,True,6,agent_win,1,19,,2.0043,0.8678,3,,
partial,online_astar,greedy,11,0.35,16353,True,6,agent_win,1,19,,1.7712,0.8678,3,,
partial,online_astar,beam,11,0.35,16353,True,6,agent_win,1,19,,1.8063,0.8678,3,,
partial,online_astar,astar,11,0.35,16353,True,6,agent_win,1,19,,2.2946,0.8678,3,,
partial,online_lrta,random,11,0.35,16353,True,6,agent_win,1,21,,0.1253,0.8678,3,,
partial,online_lrta,greedy,11,0.35,16353,True,6,agent_win,1,21,,0.1274,0.8678,3,,
partial,online_lrta,beam,11,0.35,16353,True,6,agent_win,1,21,,0.1147,0.8678,3,,
partial,online_lrta,astar,11,0.35,16353,True,6,agent_win,1,21,,0.1128,0.8678,3,,
partial,exploration,random,11,0.35,16353,True,6,agent_win,1,19,,0.2564,0.8678,3,15,
partial,exploration,greedy,11,0.35,16353,True,6,agent_win,1,19,,0.2153,0.8678,3,15,
partial,exploration,beam,11,0.35,16353,True,6,agent_win,1,19,,0.2412,0.8678,3,15,
partial,exploration,astar,11,0.35,16353,True,6,agent_win,1,19,,0.2318,0.8678,3,15,
partial,online_astar,random,11,0.35,16354,False,2,agent_win,1,23,,3.0295,0.6364,0,,
partial,online_astar,greedy,11,0.35,16354,False,2,agent_win,1,23,,3.0021,0.6364,0,,
partial,online_astar,beam,11,0.35,16354,False,2,error,0,,,,,,,AssertionError: Start is a wall
partial,online_astar,astar,11,0.35,16354,False,2,error,0,,,,,,,AssertionError: Start is a wall
partial,online_lrta,random,11,0.35,16354,False,2,agent_win,1,25,,0.1239,0.6446,0,,
partial,online_lrta,greedy,11,0.35,16354,False,2,agent_win,1,25,,0.1129,0.6446,0,,
partial,online_lrta,beam,11,0.35,16354,False,2,error,0,,,,,,,AssertionError: Start is a wall
partial,online_lrta,astar,11,0.35,16354,False,2,error,0,,,,,,,AssertionError: Start is a wall
partial,exploration,random,11,0.35,16354,False,2,agent_win,1,29,,0.3379,0.6694,0,29,
partial,exploration,greedy,11,0.35,16354,False,2,agent_win,1,29,,0.2791,0.6694,0,29,
partial,exploration,beam,11,0.35,16354,False,2,error,0,,,,,,,AssertionError: Start is a wall
partial,exploration,astar,11,0.35,16354,False,2,error,0,,,,,,,AssertionError: Start is a wall
partial,online_astar,random,11,0.35,16354,False,4,agent_win,1,19,,2.0905,0.8926,0,,
partial,online_astar,greedy,11,0.35,16354,False,4,agent_win,1,19,,2.0683,0.8926,0,,
partial,online_astar,beam,11,0.35,16354,False,4,error,0,,,,,,,AssertionError: Start is a wall
partial,online_astar,astar,11,0.35,16354,False,4,error,0,,,,,,,AssertionError: Start is a wall
partial,online_lrta,random,11,0.35,16354,False,4,agent_win,1,25,,0.1523,0.9174,0,,
partial,online_lrta,greedy,11,0.35,16354,False,4,agent_win,1,25,,0.1216,0.9174,0,,
partial,online_lrta,beam,11,0.35,16354,False,4,error,0,,,,,,,AssertionError: Start is a wall
partial,online_lrta,astar,11,0.35,16354,False,4,error,0,,,,,,,AssertionError: Start is a wall
partial,exploration,random,11,0.35,16354,False,4,agent_win,1,23,,0.2714,0.9174,0,21,
partial,exploration,greedy,11,0.35,16354,False,4,agent_win,1,23,,0.2555,0.9174,0,21,
partial,exploration,beam,11,0.35,16354,False,4,error,0,,,,,,,AssertionError: Start is a wall
partial,exploration,astar,11,0.35,16354,False,4,error,0,,,,,,,AssertionError: Start is a wall
partial,online_astar,random,11,0.35,16354,False,6,agent_win,1,19,,1.8982,1.0,0,,
partial,online_astar,greedy,11,0.35,16354,False,6,agent_win,1,19,,1.6502,1.0,0,,
partial,online_astar,beam,11,0.35,16354,False,6,error,0,,,,,,,AssertionError: Start is a wall
partial,online_astar,astar,11,0.35,16354,False,6,error,0,,,,,,,AssertionError: Start is a wall
partial,online_lrta,random,11,0.35,16354,False,6,agent_win,1,25,,0.1298,1.0,0,,
partial,online_lrta,greedy,11,0.35,16354,False,6,agent_win,1,25,,0.1281,1.0,0,,
partial,online_lrta,beam,11,0.35,16354,False,6,error,0,,,,,,,AssertionError: Start is a wall
partial,online_lrta,astar,11,0.35,16354,False,6,error,0,,,,,,,AssertionError: Start is a wall
partial,exploration,random,11,0.35,16354,False,6,agent_win,1,19,,0.2621,1.0,0,15,
partial,exploration,greedy,11,0.35,16354,False,6,agent_win,1,19,,0.2477,1.0,0,15,
partial,exploration,beam,11,0.35,16354,False,6,error,0,,,,,,,AssertionError: Start is a wall
partial,exploration,astar,11,0.35,16354,False,6,error,0,,,,,,,AssertionError: Start is a wall
partial,online_astar,random,11,0.35,16354,True,2,agent_win,1,39,,4.0467,0.7273,6,,
partial,online_astar,greedy,11,0.35,16354,True,2,agent_win,1,23,,2.7553,0.6364,2,,
partial,online_astar,beam,11,0.35,16354,True,2,error,0,,,,,,,AssertionError: Start is a wall
partial,online_astar,astar,11,0.35,16354,True,2,error,0,,,,,,,AssertionError: Start is a wall
partial,online_lrta,random,11,0.35,16354,True,2,agent_win,1,57,,0.2705,0.6694,9,,
partial,online_lrta,greedy,11,0.35,16354,True,2,agent_win,1,25,,0.128,0.6446,2,,
partial,online_lrta,beam,11,0.35,16354,True,2,error,0,,,,,,,AssertionError: Start is a wall
partial,online_lrta,astar,11,0.35,16354,True,2,error,0,,,,,,,AssertionError: Start is a wall
partial,exploration,random,11,0.35,16354,True,2,agent_win,1,31,,0.2935,0.686,5,31,
partial,exploration,greedy,11,0.35,16354,True,2,agent_win,1,29,,0.2686,0.6694,3,29,
partial,exploration,beam,11,0.35,16354,True,2,error,0,,,,,,,AssertionError: Start is a wall
partial,exploration,astar,11,0.35,16354,True,2,error,0,,,,,,,AssertionError: Start is a wall
partial,online_astar,random,11,0.35,16354,True,4,agent_win,1,29,,2.4853,0.9339,5,,
partial,online_astar,greedy,11,0.35,16354,True,4,agent_win,1,19,,1.9248,0.8926,1,,
partial,online_astar,beam,11,0.35,16354,True,4,error,0,,,,,,,AssertionError: Start is a wall
partial,online_astar,astar,11,0.35,16354,True,4,error,0,,,,,,,AssertionError: Start is a wall
partial,online_lrta,random,11,0.35,16354,True,4,agent_win,1,57,,0.2782,0.8347,9,,
partial,online_lrta,greedy,11,0.35,16354,True,4,agent_win,1,25,,0.1311,0.9174,2,,
partial,online_lrta,beam,11,0.35,16354,True,4,error,0,,,,,,,AssertionError: Start is a wall
partial,online_lrta,astar,11,0.35,16354,True,4,error,0,,,,,,,AssertionError: Start is a wall
partial,exploration,random,11,0.35,16354,True,4,agent_win,1,25,,0.2933,0.9421,2,23,
partial,exploration,greedy,11,0.35,16354,True,4,agent_win,1,23,,0.2646,0.9174,2,21,
partial,exploration,beam,11,0.35,16354,True,4,error,0,,,,,,,AssertionError: Start is a wall
partial,exploration,astar,11,0.35,16354,True,4,error,0,,,,,,,AssertionError: Start is a wall
partial,online_astar,random,11,0.35,16354,True,6,agent_win,1,25,,1.9933,1.0,4,,
partial,online_astar,greedy,11,0.35,16354,True,6,agent_win,1,19,,1.7536,1.0,1,,
partial,online_astar,beam,11,0.35,16354,True,6,error,0,,,,,,,AssertionError: Start is a wall
partial,online_astar,astar,11,0.35,16354,True,6,error,0,,,,,,,AssertionError: Start is a wall
partial,online_lrta,random,11,0.35,16354,True,6,agent_win,1,57,,0.294,0.9504,9,,
partial,online_lrta,greedy,11,0.35,16354,True,6,agent_win,1,25,,0.1358,1.0,2,,
partial,online_lrta,beam,11,0.35,16354,True,6,error,0,,,,,,,AssertionError: Start is a wall
partial,online_lrta,astar,11,0.35,16354,True,6,error,0,,,,,,,AssertionError: Start is a wall
partial,exploration,random,11,0.35,16354,True,6,agent_win,1,25,,0.2813,1.0,4,21,
partial,exploration,greedy,11,0.35,16354,True,6,agent_win,1,19,,0.2502,1.0,1,15,
partial,exploration,beam,11,0.35,16354,True,6,error,0,,,,,,,AssertionError: Start is a wall
partial,exploration,astar,11,0.35,16354,True,6,error,0,,,,,,,AssertionError: Start is a wall
partial,online_astar,random,13,0.15,18150,False,2,agent_win,1,23,,4.3711,0.503,0,,
partial,online_astar,greedy,13,0.15,18150,False,2,pursuer_win,0,8,,3.3794,0.2249,0,,
partial,online_astar,beam,13,0.15,18150,False,2,pursuer_win,0,8,,3.3911,0.2249,0,,
partial,online_astar,astar,13,0.15,18150,False,2,pursuer_win,0,8,,3.3683,0.2249,0,,
partial,online_lrta,random,13,0.15,18150,False,2,agent_win,1,25,,0.1352,0.5089,0,,
partial,online_lrta,greedy,13,0.15,18150,False,2,pursuer_win,0,9,,0.0504,0.2071,0,,
partial,online_lrta,beam,13,0.15,18150,False,2,pursuer_win,0,9,,0.0596,0.2071,0,,
partial,online_lrta,astar,13,0.15,18150,False,2,pursuer_win,0,9,,0.0591,0.2071,0,,
partial,exploration,random,13,0.15,18150,False,2,pursuer_win,0,26,,0.3005,0.432,0,,
partial,exploration,greedy,13,0.15,18150,False,2,pursuer_win,0,15,,0.1897,0.2308,0,,
partial,exploration,beam,13,0.15,18150,False,2,pursuer_win,0,12,,0.1721,0.1716,0,,
partial,exploration,astar,13,0.15,18150,False,2,pursuer_win,0,12,,0.1718,0.1716,0,,
partial,online_astar,random,13,0.15,18150,False,4,agent_win,1,23,,4.0187,0.7278,0,,
partial,online_astar,greedy,13,0.15,18150,False,4,pursuer_win,0,8,,3.2435,0.3905,0,,
partial,online_astar,beam,13,0.15,18150,False,4,pursuer_win,0,8,,3.1907,0.3905,0,,
partial,online_astar,astar,13,0.15,18150,False,4,pursuer_win,0,8,,3.2644,0.3905,0,,
partial,online_lrta,random,13,0.15,18150,False,4,agent_win,1,25,,0.1415,0.7278,0,,
partial,online_lrta,greedy,13,0.15,18150,False,4,pursuer_win,0,9,,0.0511,0.355,0,,
partial,online_lrta,beam,13,0.15,18150,False,4,pursuer_win,0,9,,0.0652,0.355,0,,
partial,online_lrta,astar,13,0.15,18150,False,4,pursuer_win,0,9,,0.0594,0.355,0,,
partial,exploration,random,13,0.15,18150,False,4,pursuer_win,0,15,,0.2373,0.5799,0,,
partial,exploration,greedy,13,0.15,18150,False,4,pursuer_win,0,8,,0.1557,0.3905,0,,
partial,exploration,beam,13,0.15,18150,False,4,pursuer_win,0,8,,0.1693,0.3905,0,,
partial,exploration,astar,13,0.15,18150,False,4,pursuer_win,0,8,,0.1567,0.3905,0,,
partial,online_astar,random,13,0.15,18150,False,6,agent_win,1,23,,4.1731,0.858,0,,
partial,online_astar,greedy,13,0.15,18150,False,6,pursuer_win,0,8,,3.3226,0.574,0,,
partial,online_astar,beam,13,0.15,18150,False,6,pursuer_win,0,8,,3.4941,0.574,0,,
partial,online_astar,astar,13,0.15,18150,False,6,pursuer_win,0,8,,2.9941,0.574,0,,
partial,online_lrta,random,13,0.15,18150,False,6,agent_win,1,25,,0.1337,0.858,0,,
partial,online_lrta,greedy,13,0.15,18150,False,6,pursuer_win,0,9,,0.0492,0.5266,0,,
partial,online_lrta,beam,13,0.15,18150,False,6,pursuer_win,0,9,,0.0661,0.5266,0,,
partial,online_lrta,astar,13,0.15,18150,False,6,pursuer_win,0,9,,0.0686,0.5266,0,,
partial,exploration,random,13,0.15,18150,False,6,agent_win,1,31,,0.6024,0.9941,0,27,
partial,exploration,greedy,13,0.15,18150,False,6,agent_win,1,31,,0.6333,0.9941,0,27,
partial,exploration,beam,13,0.15,18150,False,6,agent_win,1,31,,0.6521,0.9941,0,27,
partial,exploration,astar,13,0.15,18150,False,6,agent_win,1,31,,0.5888,0.9941,0,27,
partial,online_astar,random,13,0.15,18150,True,2,agent_win,1,23,,4.593,0.4911,4,,
partial,online_astar,greedy,13,0.15,18150,True,2,pursuer_win,0,7,,3.3988,0.2071,1,,
partial,online_astar,beam,13,0.15,18150,True,2,pursuer_win,0,7,,3.3176,0.2071,1,,
partial,online_astar,astar,13,0.15,18150,True,2,pursuer_win,0,7,,3.402,0.2071,1,,
partial,online_lrta,random,13,0.15,18150,True,2,agent_win,1,23,,0.1681,0.4852,4,,
partial,online_lrta,greedy,13,0.15,18150,True,2,pursuer_win,0,7,,0.0465,0.2012,1,,
partial,online_lrta,beam,13,0.15,18150,True,2,pursuer_win,0,7,,0.0498,0.2012,1,,
partial,online_lrta,astar,13,0.15,18150,True,2,pursuer_win,0,7,,0.0714,0.2012,1,,
partial,exploration,random,13,0.15,18150,True,2,pursuer_win,0,12,,0.174,0.284,2,,
partial,exploration,greedy,13,0.15,18150,True,2,pursuer_win,0,8,,0.1109,0.2012,1,,
partial,exploration,beam,13,0.15,18150,True,2,pursuer_win,0,8,,0.1112,0.2012,1,,
partial,exploration,astar,13,0.15,18150,True,2,pursuer_win,0,8,,0.1086,0.2012,1,,
partial,online_astar,random,13,0.15,18150,True,4,agent_win,1,23,,4.2897,0.6982,4,,
partial,online_astar,greedy,13,0.15,18150,True,4,pursuer_win,0,7,,2.8793,0.355,1,,
partial,online_astar,beam,13,0.15,18150,True,4,pursuer_win,0,7,,3.3097,0.355,1,,
partial,online_astar,astar,13,0.15,18150,True,4,pursuer_win,0,7,,3.3775,0.355,1,,
partial,online_lrta,random,13,0.15,18150,True,4,agent_win,1,23,,0.1665,0.6923,4,,
partial,online_lrta,greedy,13,0.15,18150,True,4,pursuer_win,0,7,,0.0428,0.3491,1,,
partial,online_lrta,beam,13,0.15,18150,True,4,pursuer_win,0,7,,0.0476,0.3491,1,,
partial,online_lrta,astar,13,0.15,18150,True,4,pursuer_win,0,7,,0.0485,0.3491,1,,
partial,exploration,random,13,0.15,18150,True,4,agent_win,1,25,,0.3958,0.7278,4,23,
partial,exploration,greedy,13,0.15,18150,True,4,pursuer_win,0,8,,0.1604,0.3905,1,,
partial,exploration,beam,13,0.15,18150,True,4,pursuer_win,0,8,,0.1632,0.3905,1,,
partial,exploration,astar,13,0.15,18150,True,4,pursuer_win,0,8,,0.1572,0.3905,1,,
partial,online_astar,random,13,0.15,18150,True,6,agent_win,1,23,,3.8238,0.8343,4,,
partial,online_astar,greedy,13,0.15,18150,True,6,pursuer_win,0,7,,2.7518,0.5266,1,,
partial,online_astar,beam,13,0.15,18150,True,6,pursuer_win,0,7,,3.4184,0.5266,1,,
partial,online_astar,astar,13,0.15,18150,True,6,pursuer_win,0,7,,2.7903,0.5266,1,,
partial,online_lrta,random,13,0.15,18150,True,6,agent_win,1,23,,0.1437,0.8284,4,,
partial,online_lrta,greedy,13,0.15,18150,True,6,pursuer_win,0,7,,0.0449,0.5207,1,,
partial,online_lrta,beam,13,0.15,18150,True,6,pursuer_win,0,7,,0.0506,0.5207,1,,
partial,online_lrta,astar,13,0.15,18150,True,6,pursuer_win,0,7,,0.0504,0.5207,1,,
partial,exploration,random,13,0.15,18150,True,6,agent_win,1,33,,0.6178,1.0,5,29,
partial,exploration,greedy,13,0.15,18150,True,6,pursuer_win,0,21,,0.4538,0.8876,3,,
partial,exploration,beam,13,0.15,18150,True,6,pursuer_win,0,21,,0.5208,0.8876,3,,
partial,exploration,astar,13,0.15,18150,True,6,pursuer_win,0,21,,0.4566,0.8876,3,,
partial,online_astar,random,13,0.15,18151,False,2,agent_win,1,23,,4.0307,0.4615,0,,
partial,online_astar,greedy,13,0.15,18151,False,2,pursuer_win,0,6,,2.7683,0.1834,0,,
partial,online_astar,beam,13,0.15,18151,False,2,pursuer_win,0,6,,2.8855,0.1834,0,,
partial,online_astar,astar,13,0.15,18151,False,2,pursuer_win,0,6,,2.8037,0.1834,0,,
partial,online_lrta,random,13,0.15,18151,False,2,agent_win,1,23,,0.1318,0.4615,0,,
partial,online_lrta,greedy,13,0.15,18151,False,2,pursuer_win,0,6,,0.036,0.1834,0,,
partial,online_lrta,beam,13,0.15,18151,False,2,pursuer_win,0,6,,0.0414,0.1834,0,,
partial,online_lrta,astar,13,0.15,18151,False,2,pursuer_win,0,6,,0.046,0.1834,0,,
partial,exploration,random,13,0.15,18151,False,2,pursuer_win,0,17,,0.195,0.3432,0,,
partial,exploration,greedy,13,0.15,18151,False,2,pursuer_win,0,9,,0.0958,0.1657,0,,
partial,exploration,beam,13,0.15,18151,False,2,pursuer_win,0,9,,0.1012,0.1657,0,,
partial,exploration,astar,13,0.15,18151,False,2,pursuer_win,0,9,,0.0987,0.1657,0,,
partial,online_astar,random,13,0.15,18151,False,4,agent_win,1,23,,3.7624,0.6627,0,,
partial,online_astar,greedy,13,0.15,18151,False,4,pursuer_win,0,6,,2.6877,0.3195,0,,
partial,online_astar,beam,13,0.15,18151,False,4,pursuer_win,0,6,,2.6869,0.3195,0,,
partial,online_astar,astar,13,0.15,18151,False,4,pursuer_win,0,6,,2.7965,0.3195,0,,
partial,online_lrta,random,13,0.15,18151,False,4,agent_win,1,23,,0.1278,0.6627,0,,
partial,online_lrta,greedy,13,0.15,18151,False,4,pursuer_win,0,6,,0.0375,0.3195,0,,
partial,online_lrta,beam,13,0.15,18151,False,4,pursuer_win,0,6,,0.0421,0.3195,0,,
partial,online_lrta,astar,13,0.15,18151,False,4,pursuer_win,0,6,,0.0548,0.3195,0,,
partial,exploration,random,13,0.15,18151,False,4,agent_win,1,47,,0.6629,1.0,0,45,
partial,exploration,greedy,13,0.15,18151,False,4,pursuer_win,0,6,,0.0856,0.3195,0,,
partial,exploration,beam,13,0.15,18151,False,4,pursuer_win,0,6,,0.0866,0.3195,0,,
partial,exploration,astar,13,0.15,18151,False,4,pursuer_win,0,6,,0.087,0.3195,0,,
partial,online_astar,random,13,0.15,18151,False,6,agent_win,1,23,,3.6089,0.8166,0,,
partial,online_astar,greedy,13,0.15,18151,False,6,pursuer_win,0,6,,2.6343,0.4793,0,,
partial,online_astar,beam,13,0.15,18151,False,6,pursuer_win,0,6,,2.5963,0.4793,0,,
partial,online_astar,astar,13,0.15,18151,False,6,pursuer_win,0,6,,2.623,0.4793,0,,
partial,online_lrta,random,13,0.15,18151,False,6,agent_win,1,23,,0.1412,0.8166,0,,
partial,online_lrta,greedy,13,0.15,18151,False,6,pursuer_win,0,6,,0.0379,0.4793,0,,
partial,online_lrta,beam,13,0.15,18151,False,6,pursuer_win,0,6,,0.042,0.4793,0,,
partial,online_lrta,astar,13,0.15,18151,False,6,pursuer_win,0,6,,0.042,0.4793,0,,
partial,exploration,random,13,0.15,18151,False,6,agent_win,1,23,,0.3004,0.8166,0,19,
partial,exploration,greedy,13,0.15,18151,False,6,pursuer_win,0,6,,0.1571,0.4793,0,,
partial,exploration,beam,13,0.15,18151,False,6,pursuer_win,0,6,,0.1567,0.4793,0,,
partial,exploration,astar,13,0.15,18151,False,6,pursuer_win,0,6,,0.1585,0.4793,0,,
partial,online_astar,random,13,0.15,18151,True,2,agent_win,1,23,,3.9529,0.4615,4,,
partial,online_astar,greedy,13,0.15,18151,True,2,pursuer_win,0,6,,2.9162,0.1834,1,,
partial,online_astar,beam,13,0.15,18151,True,2,pursuer_win,0,6,,3.027,0.1834,1,,
partial,online_astar,astar,13,0.15,18151,True,2,pursuer_win,0,6,,3.2036,0.1834,1,,
partial,online_lrta,random,13,0.15,18151,True,2,agent_win,1,23,,0.1861,0.4615,4,,
partial,online_lrta,greedy,13,0.15,18151,True,2,pursuer_win,0,6,,0.0442,0.1834,1,,
partial,online_lrta,beam,13,0.15,18151,True,2,pursuer_win,0,6,,0.0474,0.1834,1,,
partial,online_lrta,astar,13,0.15,18151,True,2,pursuer_win,0,6,,0.0556,0.1834,1,,
partial,exploration,random,13,0.15,18151,True,2,pursuer_win,0,12,,0.1647,0.2308,2,,
partial,exploration,greedy,13,0.15,18151,True,2,pursuer_win,0,9,,0.1293,0.1716,1,,
partial,exploration,beam,13,0.15,18151,True,2,pursuer_win,0,9,,0.1295,0.1716,1,,
partial,exploration,astar,13,0.15,18151,True,2,pursuer_win,0,9,,0.1151,0.1716,1,,
partial,online_astar,random,13,0.15,18151,True,4,agent_win,1,23,,3.8231,0.6627,4,,
partial,online_astar,greedy,13,0.15,18151,True,4,pursuer_win,0,6,,2.8247,0.3195,1,,
partial,online_astar,beam,13,0.15,18151,True,4,pursuer_win,0,6,,2.8634,0.3195,1,,
partial,online_astar,astar,13,0.15,18151,True,4,pursuer_win,0,6,,2.7033,0.3195,1,,
partial,online_lrta,random,13,0.15,18151,True,4,agent_win,1,23,,0.1412,0.6627,4,,
partial,online_lrta,greedy,13,0.15,18151,True,4,pursuer_win,0,6,,0.0402,0.3195,1,,
partial,online_lrta,beam,13,0.15,18151,True,4,pursuer_win,0,6,,0.0536,0.3195,1,,
partial,online_lrta,astar,13,0.15,18151,True,4,pursuer_win,0,6,,0.0637,0.3195,1,,
partial,exploration,random,13,0.15,18151,True,4,agent_win,1,49,,0.7368,1.0,8,47,
partial,exploration,greedy,13,0.15,18151,True,4,pursuer_win,0,6,,0.0789,0.3195,1,,
partial,exploration,beam,13,0.15,18151,True,4,pursuer_win,0,6,,0.0847,0.3195,1,,
partial,exploration,astar,13,0.15,18151,True,4,pursuer_win,0,6,,0.1067,0.3195,1,,
partial,online_astar,random,13,0.15,18151,True,6,agent_win,1,23,,3.8083,0.8166,4,,
partial,online_astar,greedy,13,0.15,18151,True,6,pursuer_win,0,6,,2.7517,0.4793,1,,
partial,online_astar,beam,13,0.15,18151,True,6,pursuer_win,0,6,,2.5901,0.4793,1,,
partial,online_astar,astar,13,0.15,18151,True,6,pursuer_win,0,6,,3.389,0.4793,1,,
partial,online_lrta,random,13,0.15,18151,True,6,agent_win,1,23,,0.1497,0.8166,4,,
partial,online_lrta,greedy,13,0.15,18151,True,6,pursuer_win,0,6,,0.0586,0.4793,1,,
partial,online_lrta,beam,13,0.15,18151,True,6,pursuer_win,0,6,,0.0537,0.4793,1,,
partial,online_lrta,astar,13,0.15,18151,True,6,pursuer_win,0,6,,0.0535,0.4793,1,,
partial,exploration,random,13,0.15,18151,True,6,agent_win,1,33,,0.6185,0.8994,5,29,
partial,exploration,greedy,13,0.15,18151,True,6,pursuer_win,0,6,,0.1827,0.4793,1,,
partial,exploration,beam,13,0.15,18151,True,6,pursuer_win,0,6,,0.1806,0.4793,1,,
partial,exploration,astar,13,0.15,18151,True,6,pursuer_win,0,6,,0.1984,0.4793,1,,
partial,online_astar,random,13,0.15,18152,False,2,agent_win,1,23,,4.6138,0.4083,0,,
partial,online_astar,greedy,13,0.15,18152,False,2,pursuer_win,0,16,,3.6335,0.3018,0,,
partial,online_astar,beam,13,0.15,18152,False,2,pursuer_win,0,16,,4.0143,0.3018,0,,
partial,online_astar,astar,13,0.15,18152,False,2,pursuer_win,0,16,,3.9461,0.3018,0,,
partial,online_lrta,random,13,0.15,18152,False,2,agent_win,1,23,,0.1212,0.4083,0,,
partial,online_lrta,greedy,13,0.15,18152,False,2,pursuer_win,0,16,,0.0804,0.3018,0,,
partial,online_lrta,beam,13,0.15,18152,False,2,pursuer_win,0,16,,0.1002,0.3018,0,,
partial,online_lrta,astar,13,0.15,18152,False,2,pursuer_win,0,16,,0.0929,0.3018,0,,
partial,exploration,random,13,0.15,18152,False,2,pursuer_win,0,55,,0.7358,0.7751,0,,
partial,exploration,greedy,13,0.15,18152,False,2,pursuer_win,0,22,,0.2432,0.3787,0,,
partial,exploration,beam,13,0.15,18152,False,2,pursuer_win,0,22,,0.2803,0.3787,0,,
partial,exploration,astar,13,0.15,18152,False,2,pursuer_win,0,22,,0.2519,0.3787,0,,
partial,online_astar,random,13,0.15,18152,False,4,agent_win,1,23,,4.3882,0.6213,0,,
partial,online_astar,greedy,13,0.15,18152,False,4,pursuer_win,0,16,,3.5775,0.4734,0,,
partial,online_astar,beam,13,0.15,18152,False,4,pursuer_win,0,16,,3.7557,0.4734,0,,
partial,online_astar,astar,13,0.15,18152,False,4,pursuer_win,0,16,,3.8315,0.4734,0,,
partial,online_lrta,random,13,0.15,18152,False,4,agent_win,1,23,,0.1188,0.6213,0,,
partial,online_lrta,greedy,13,0.15,18152,False,4,pursuer_win,0,16,,0.0805,0.4734,0,,
partial,online_lrta,beam,13,0.15,18152,False,4,pursuer_win,0,16,,0.0987,0.4734,0,,
partial,online_lrta,astar,13,0.15,18152,False,4,pursuer_win,0,16,,0.0964,0.4734,0,,
partial,exploration,random,13,0.15,18152,False,4,agent_win,1,41,,0.6299,0.9408,0,39,
partial,exploration,greedy,13,0.15,18152,False,4,pursuer_win,0,15,,0.2105,0.4734,0,,
partial,exploration,beam,13,0.15,18152,False,4,pursuer_win,0,15,,0.2167,0.4734,0,,
partial,exploration,astar,13,0.15,18152,False,4,pursuer_win,0,15,,0.2207,0.4734,0,,
partial,online_astar,random,13,0.15,18152,False,6,agent_win,1,23,,3.5353,0.787,0,,
partial,online_astar,greedy,13,0.15,18152,False,6,pursuer_win,0,16,,3.4386,0.6272,0,,
partial,online_astar,beam,13,0.15,18152,False,6,pursuer_win,0,16,,3.5487,0.6272,0,,
partial,online_astar,astar,13,0.15,18152,False,6,pursuer_win,0,16,,3.498,0.6272,0,,
partial,online_lrta,random,13,0.15,18152,False,6,agent_win,1,23,,0.1222,0.787,0,,
partial,online_lrta,greedy,13,0.15,18152,False,6,pursuer_win,0,16,,0.0853,0.6272,0,,
partial,online_lrta,beam,13,0.15,18152,False,6,pursuer_win,0,16,,0.1003,0.6272,0,,
partial,online_lrta,astar,13,0.15,18152,False,6,pursuer_win,0,16,,0.0993,0.6272,0,,
partial,exploration,random,13,0.15,18152,False,6,pursuer_win,0,29,,0.5621,0.9822,0,,
partial,exploration,greedy,13,0.15,18152,False,6,pursuer_win,0,15,,0.2788,0.6272,0,,
partial,exploration,beam,13,0.15,18152,False,6,pursuer_win,0,15,,0.2856,0.6272,0,,
partial,exploration,astar,13,0.15,18152,False,6,pursuer_win,0,15,,0.2843,0.6272,0,,
partial,online_astar,random,13,0.15,18152,True,2,agent_win,1,23,,3.9222,0.4083,4,,
partial,online_astar,greedy,13,0.15,18152,True,2,pursuer_win,0,16,,3.9274,0.3018,2,,
partial,online_astar,beam,13,0.15,18152,True,2,pursuer_win,0,16,,3.8661,0.3018,2,,
partial,online_astar,astar,13,0.15,18152,True,2,pursuer_win,0,16,,3.7835,0.3018,2,,
partial,online_lrta,random,13,0.15,18152,True,2,agent_win,1,23,,0.1293,0.4083,4,,
partial,online_lrta,greedy,13,0.15,18152,True,2,pursuer_win,0,16,,0.097,0.3018,2,,
partial,online_lrta,beam,13,0.15,18152,True,2,pursuer_win,0,16,,0.1213,0.3018,2,,
partial,online_lrta,astar,13,0.15,18152,True,2,pursuer_win,0,16,,0.1022,0.3018,2,,
partial,exploration,random,13,0.15,18152,True,2,pursuer_win,0,43,,0.5108,0.5503,7,,
partial,exploration,greedy,13,0.15,18152,True,2,pursuer_win,0,22,,0.2454,0.3905,3,,
partial,exploration,beam,13,0.15,18152,True,2,pursuer_win,0,22,,0.2574,0.3787,3,,
partial,exploration,astar,13,0.15,18152,True,2,pursuer_win,0,22,,0.3064,0.3787,3,,
partial,online_astar,random,13,0.15,18152,True,4,agent_win,1,23,,6.3061,0.6213,4,,
partial,online_astar,greedy,13,0.15,18152,True,4,pursuer_win,0,16,,3.7198,0.4734,2,,
partial,online_astar,beam,13,0.15,18152,True,4,pursuer_win,0,16,,3.7071,0.4734,2,,
partial,online_astar,astar,13,0.15,18152,True,4,pursuer_win,0,16,,3.6895,0.4734,2,,
partial,online_lrta,random,13,0.15,18152,True,4,agent_win,1,23,,0.1423,0.6213,4,,
partial,online_lrta,greedy,13,0.15,18152,True,4,pursuer_win,0,16,,0.0871,0.4734,2,,
partial,online_lrta,beam,13,0.15,18152,True,4,pursuer_win,0,16,,0.1077,0.4734,2,,
partial,online_lrta,astar,13,0.15,18152,True,4,pursuer_win,0,16,,0.1149,0.4734,2,,
partial,exploration,random,13,0.15,18152,True,4,pursuer_win,0,34,,0.614,0.8284,5,,
partial,exploration,greedy,13,0.15,18152,True,4,pursuer_win,0,15,,0.1973,0.4734,2,,
partial,exploration,beam,13,0.15,18152,True,4,pursuer_win,0,15,,0.2083,0.4734,2,,
partial,exploration,astar,13,0.15,18152,True,4,pursuer_win,0,15,,0.2037,0.4734,2,,
partial,online_astar,random,13,0.15,18152,True,6,agent_win,1,23,,3.6738,0.787,4,,
partial,online_astar,greedy,13,0.15,18152,True,6,pursuer_win,0,16,,3.556,0.6272,2,,
partial,online_astar,beam,13,0.15,18152,True,6,pursuer_win,0,16,,5.1944,0.6272,2,,
partial,online_astar,astar,13,0.15,18152,True,6,pursuer_win,0,16,,3.456,0.6272,2,,
partial,online_lrta,random,13,0.15,18152,True,6,agent_win,1,23,,0.1447,0.787,4,,
partial,online_lrta,greedy,13,0.15,18152,True,6,pursuer_win,0,16,,0.0936,0.6272,2,,
partial,online_lrta,beam,13,0.15,18152,True,6,pursuer_win,0,16,,0.1043,0.6272,2,,
partial,online_lrta,astar,13,0.15,18152,True,6,pursuer_win,0,16,,0.1449,0.6272,2,,
partial,exploration,random,13,0.15,18152,True,6,pursuer_win,0,26,,0.5762,0.9763,4,,
partial,exploration,greedy,13,0.15,18152,True,6,pursuer_win,0,15,,0.2746,0.6272,2,,
partial,exploration,beam,13,0.15,18152,True,6,pursuer_win,0,15,,0.2926,0.6272,2,,
partial,exploration,astar,13,0.15,18152,True,6,pursuer_win,0,15,,0.2556,0.6272,2,,
partial,online_astar,random,13,0.15,18153,False,2,pursuer_win,0,12,,4.7917,0.3077,0,,
partial,online_astar,greedy,13,0.15,18153,False,2,pursuer_win,0,6,,2.8755,0.1893,0,,
partial,online_astar,beam,13,0.15,18153,False,2,pursuer_win,0,6,,2.7972,0.1893,0,,
partial,online_astar,astar,13,0.15,18153,False,2,pursuer_win,0,6,,2.8762,0.1893,0,,
partial,online_lrta,random,13,0.15,18153,False,2,pursuer_win,0,12,,0.0708,0.3077,0,,
partial,online_lrta,greedy,13,0.15,18153,False,2,pursuer_win,0,6,,0.0358,0.1893,0,,
partial,online_lrta,beam,13,0.15,18153,False,2,pursuer_win,0,6,,0.04,0.1893,0,,
partial,online_lrta,astar,13,0.15,18153,False,2,pursuer_win,0,6,,0.0411,0.1893,0,,
partial,exploration,random,13,0.15,18153,False,2,pursuer_win,0,12,,0.1568,0.3077,0,,
partial,exploration,greedy,13,0.15,18153,False,2,pursuer_win,0,6,,0.0791,0.1893,0,,
partial,exploration,beam,13,0.15,18153,False,2,pursuer_win,0,6,,0.0861,0.1893,0,,
partial,exploration,astar,13,0.15,18153,False,2,pursuer_win,0,6,,0.1013,0.1893,0,,
partial,online_astar,random,13,0.15,18153,False,4,pursuer_win,0,12,,3.551,0.4615,0,,
partial,online_astar,greedy,13,0.15,18153,False,4,pursuer_win,0,6,,2.5046,0.3254,0,,
partial,online_astar,beam,13,0.15,18153,False,4,pursuer_win,0,6,,2.7717,0.3254,0,,
partial,online_astar,astar,13,0.15,18153,False,4,pursuer_win,0,6,,2.5833,0.3254,0,,
partial,online_lrta,random,13,0.15,18153,False,4,pursuer_win,0,12,,0.0736,0.4615,0,,
partial,online_lrta,greedy,13,0.15,18153,False,4,pursuer_win,0,6,,0.0388,0.3254,0,,
partial,online_lrta,beam,13,0.15,18153,False,4,pursuer_win,0,6,,0.0429,0.3254,0,,
partial,online_lrta,astar,13,0.15,18153,False,4,pursuer_win,0,6,,0.0573,0.3254,0,,
partial,exploration,random,13,0.15,18153,False,4,pursuer_win,0,12,,0.2161,0.4615,0,,
partial,exploration,greedy,13,0.15,18153,False,4,pursuer_win,0,6,,0.0776,0.3254,0,,
partial,exploration,beam,13,0.15,18153,False,4,pursuer_win,0,6,,0.0854,0.3254,0,,
partial,exploration,astar,13,0.15,18153,False,4,pursuer_win,0,6,,0.0839,0.3254,0,,
partial,online_astar,random,13,0.15,18153,False,6,pursuer_win,0,12,,3.3173,0.6154,0,,
partial,online_astar,greedy,13,0.15,18153,False,6,pursuer_win,0,6,,2.4736,0.4852,0,,
partial,online_astar,beam,13,0.15,18153,False,6,pursuer_win,0,6,,2.4425,0.4852,0,,
partial,online_astar,astar,13,0.15,18153,False,6,pursuer_win,0,6,,2.7155,0.4852,0,,
partial,online_lrta,random,13,0.15,18153,False,6,pursuer_win,0,12,,0.0746,0.6154,0,,
partial,online_lrta,greedy,13,0.15,18153,False,6,pursuer_win,0,6,,0.0375,0.4852,0,,
partial,online_lrta,beam,13,0.15,18153,False,6,pursuer_win,0,6,,0.0416,0.4852,0,,
partial,online_lrta,astar,13,0.15,18153,False,6,pursuer_win,0,6,,0.0409,0.4852,0,,
partial,exploration,random,13,0.15,18153,False,6,pursuer_win,0,12,,0.2546,0.6154,0,,
partial,exploration,greedy,13,0.15,18153,False,6,pursuer_win,0,6,,0.1447,0.4852,0,,
partial,exploration,beam,13,0.15,18153,False,6,pursuer_win,0,6,,0.1534,0.4852,0,,
partial,exploration,astar,13,0.15,18153,False,6,pursuer_win,0,6,,0.1614,0.4852,0,,
partial,online_astar,random,13,0.15,18153,True,2,agent_win,1,23,,4.0773,0.4675,4,,
partial,online_astar,greedy,13,0.15,18153,True,2,pursuer_win,0,7,,3.3357,0.2071,1,,
partial,online_astar,beam,13,0.15,18153,True,2,pursuer_win,0,7,,3.1056,0.2071,1,,
partial,online_astar,astar,13,0.15,18153,True,2,pursuer_win,0,7,,3.2669,0.2071,1,,
partial,online_lrta,random,13,0.15,18153,True,2,agent_win,1,23,,0.1347,0.4675,4,,
partial,online_lrta,greedy,13,0.15,18153,True,2,pursuer_win,0,7,,0.0427,0.2071,1,,
partial,online_lrta,beam,13,0.15,18153,True,2,pursuer_win,0,7,,0.0482,0.2071,1,,
partial,online_lrta,astar,13,0.15,18153,True,2,pursuer_win,0,7,,0.0489,0.2071,1,,
partial,exploration,random,13,0.15,18153,True,2,pursuer_win,0,20,,0.2784,0.3905,3,,
partial,exploration,greedy,13,0.15,18153,True,2,pursuer_win,0,7,,0.0987,0.1716,1,,
partial,exploration,beam,13,0.15,18153,True,2,pursuer_win,0,7,,0.1111,0.1716,1,,
partial,exploration,astar,13,0.15,18153,True,2,pursuer_win,0,7,,0.1377,0.1716,1,,
partial,online_astar,random,13,0.15,18153,True,4,agent_win,1,23,,3.838,0.6686,4,,
partial,online_astar,greedy,13,0.15,18153,True,4,pursuer_win,0,7,,2.8813,0.355,1,,
partial,online_astar,beam,13,0.15,18153,True,4,pursuer_win,0,7,,3.0619,0.355,1,,
partial,online_astar,astar,13,0.15,18153,True,4,pursuer_win,0,7,,2.9654,0.355,1,,
partial,online_lrta,random,13,0.15,18153,True,4,agent_win,1,23,,0.1575,0.6686,4,,
partial,online_lrta,greedy,13,0.15,18153,True,4,pursuer_win,0,7,,0.0522,0.355,1,,
partial,online_lrta,beam,13,0.15,18153,True,4,pursuer_win,0,7,,0.0538,0.355,1,,
partial,online_lrta,astar,13,0.15,18153,True,4,pursuer_win,0,7,,0.0489,0.355,1,,
partial,exploration,random,13,0.15,18153,True,4,pursuer_win,0,17,,0.2754,0.5444,3,,
partial,exploration,greedy,13,0.15,18153,True,4,pursuer_win,0,7,,0.131,0.2959,1,,
partial,exploration,beam,13,0.15,18153,True,4,pursuer_win,0,7,,0.131,0.2959,1,,
partial,exploration,astar,13,0.15,18153,True,4,pursuer_win,0,7,,0.1368,0.2959,1,,
partial,online_astar,random,13,0.15,18153,True,6,agent_win,1,23,,3.8835,0.8225,4,,
partial,online_astar,greedy,13,0.15,18153,True,6,pursuer_win,0,7,,2.6339,0.5266,1,,
partial,online_astar,beam,13,0.15,18153,True,6,pursuer_win,0,7,,2.6822,0.5266,1,,
partial,online_astar,astar,13,0.15,18153,True,6,pursuer_win,0,7,,2.6186,0.5266,1,,
partial,online_lrta,random,13,0.15,18153,True,6,agent_win,1,23,,0.2025,0.8225,4,,
partial,online_lrta,greedy,13,0.15,18153,True,6,pursuer_win,0,7,,0.0594,0.5266,1,,
partial,online_lrta,beam,13,0.15,18153,True,6,pursuer_win,0,7,,0.0573,0.5266,1,,
partial,online_lrta,astar,13,0.15,18153,True,6,pursuer_win,0,7,,0.0512,0.5266,1,,
partial,exploration,random,13,0.15,18153,True,6,agent_win,1,23,,0.2841,0.8225,4,19,
partial,exploration,greedy,13,0.15,18153,True,6,pursuer_win,0,7,,0.1717,0.4438,1,,
partial,exploration,beam,13,0.15,18153,True,6,pursuer_win,0,7,,0.1403,0.4438,1,,
partial,exploration,astar,13,0.15,18153,True,6,pursuer_win,0,7,,0.1624,0.4438,1,,
partial,online_astar,random,13,0.15,18154,False,2,agent_win,1,31,,4.2111,0.4734,0,,
partial,online_astar,greedy,13,0.15,18154,False,2,pursuer_win,0,5,,2.6712,0.142,0,,
partial,online_astar,beam,13,0.15,18154,False,2,pursuer_win,0,5,,2.7169,0.142,0,,
partial,online_astar,astar,13,0.15,18154,False,2,pursuer_win,0,5,,4.0181,0.142,0,,
partial,online_lrta,random,13,0.15,18154,False,2,agent_win,1,31,,0.328,0.4734,0,,
partial,online_lrta,greedy,13,0.15,18154,False,2,pursuer_win,0,5,,0.0523,0.142,0,,
partial,online_lrta,beam,13,0.15,18154,False,2,pursuer_win,0,5,,0.0568,0.142,0,,
partial,online_lrta,astar,13,0.15,18154,False,2,pursuer_win,0,5,,0.0535,0.142,0,,
partial,exploration,random,13,0.15,18154,False,2,pursuer_win,0,12,,0.2857,0.2308,0,,
partial,exploration,greedy,13,0.15,18154,False,2,pursuer_win,0,5,,0.0971,0.142,0,,
partial,exploration,beam,13,0.15,18154,False,2,pursuer_win,0,5,,0.0903,0.142,0,,
partial,exploration,astar,13,0.15,18154,False,2,pursuer_win,0,5,,0.0617,0.142,0,,
partial,online_astar,random,13,0.15,18154,False,4,pursuer_win,0,10,,3.8417,0.3846,0,,
partial,online_astar,greedy,13,0.15,18154,False,4,pursuer_win,0,5,,2.5221,0.2663,0,,
partial,online_astar,beam,13,0.15,18154,False,4,pursuer_win,0,5,,3.0677,0.2663,0,,
partial,online_astar,astar,13,0.15,18154,False,4,pursuer_win,0,5,,2.5872,0.2663,0,,
partial,online_lrta,random,13,0.15,18154,False,4,agent_win,1,31,,0.1581,0.6686,0,,
partial,online_lrta,greedy,13,0.15,18154,False,4,pursuer_win,0,5,,0.0333,0.2663,0,,
partial,online_lrta,beam,13,0.15,18154,False,4,pursuer_win,0,5,,0.0459,0.2663,0,,
partial,online_lrta,astar,13,0.15,18154,False,4,pursuer_win,0,5,,0.0395,0.2663,0,,
partial,exploration,random,13,0.15,18154,False,4,pursuer_win,0,12,,0.2009,0.3846,0,,
partial,exploration,greedy,13,0.15,18154,False,4,pursuer_win,0,5,,0.0798,0.2663,0,,
partial,exploration,beam,13,0.15,18154,False,4,pursuer_win,0,5,,0.0829,0.2663,0,,
partial,exploration,astar,13,0.15,18154,False,4,pursuer_win,0,5,,0.0805,0.2663,0,,
partial,online_astar,random,13,0.15,18154,False,6,pursuer_win,0,10,,3.0306,0.5385,0,,
partial,online_astar,greedy,13,0.15,18154,False,6,pursuer_win,0,5,,2.6678,0.4142,0,,
partial,online_astar,beam,13,0.15,18154,False,6,pursuer_win,0,5,,2.2044,0.4142,0,,
partial,online_astar,astar,13,0.15,18154,False,6,pursuer_win,0,5,,2.8329,0.4142,0,,
partial,online_lrta,random,13,0.15,18154,False,6,agent_win,1,31,,0.1878,0.8284,0,,
partial,online_lrta,greedy,13,0.15,18154,False,6,pursuer_win,0,5,,0.0478,0.4142,0,,
partial,online_lrta,beam,13,0.15,18154,False,6,pursuer_win,0,5,,0.0386,0.4142,0,,
partial,online_lrta,astar,13,0.15,18154,False,6,pursuer_win,0,5,,0.0366,0.4142,0,,
partial,exploration,random,13,0.15,18154,False,6,pursuer_win,0,12,,0.269,0.5385,0,,
partial,exploration,greedy,13,0.15,18154,False,6,pursuer_win,0,5,,0.0524,0.4142,0,,
partial,exploration,beam,13,0.15,18154,False,6,pursuer_win,0,5,,0.0533,0.4142,0,,
partial,exploration,astar,13,0.15,18154,False,6,pursuer_win,0,5,,0.0618,0.4142,0,,
partial,online_astar,random,13,0.15,18154,True,2,agent_win,1,31,,4.7111,0.4734,5,,
partial,online_astar,greedy,13,0.15,18154,True,2,pursuer_win,0,5,,2.8288,0.142,1,,
partial,online_astar,beam,13,0.15,18154,True,2,pursuer_win,0,5,,2.7534,0.142,1,,
partial,online_astar,astar,13,0.15,18154,True,2,pursuer_win,0,5,,2.6676,0.142,1,,
partial,online_lrta,random,13,0.15,18154,True,2,agent_win,1,31,,0.1897,0.4734,5,,
partial,online_lrta,greedy,13,0.15,18154,True,2,pursuer_win,0,5,,0.0306,0.142,1,,
partial,online_lrta,beam,13,0.15,18154,True,2,pursuer_win,0,5,,0.0352,0.142,1,,
partial,online_lrta,astar,13,0.15,18154,True,2,pursuer_win,0,5,,0.0359,0.142,1,,
partial,exploration,random,13,0.15,18154,True,2,agent_win,1,55,,0.5628,0.8757,9,55,
partial,exploration,greedy,13,0.15,18154,True,2,pursuer_win,0,5,,0.0607,0.142,1,,
partial,exploration,beam,13,0.15,18154,True,2,pursuer_win,0,5,,0.0606,0.142,1,,
partial,exploration,astar,13,0.15,18154,True,2,pursuer_win,0,5,,0.0604,0.142,1,,
partial,online_astar,random,13,0.15,18154,True,4,agent_win,1,27,,3.9315,0.6805,4,,
partial,online_astar,greedy,13,0.15,18154,True,4,pursuer_win,0,5,,2.6198,0.2663,1,,
partial,online_astar,beam,13,0.15,18154,True,4,pursuer_win,0,5,,2.504,0.2663,1,,
partial,online_astar,astar,13,0.15,18154,True,4,pursuer_win,0,5,,2.7571,0.2663,1,,
partial,online_lrta,random,13,0.15,18154,True,4,agent_win,1,31,,0.1745,0.6686,5,,
partial,online_lrta,greedy,13,0.15,18154,True,4,pursuer_win,0,5,,0.0324,0.2663,1,,
partial,online_lrta,beam,13,0.15,18154,True,4,pursuer_win,0,5,,0.0355,0.2663,1,,
partial,online_lrta,astar,13,0.15,18154,True,4,pursuer_win,0,5,,0.033,0.2663,1,,
partial,exploration,random,13,0.15,18154,True,4,agent_win,1,47,,0.6167,0.9941,8,45,
partial,exploration,greedy,13,0.15,18154,True,4,pursuer_win,0,5,,0.0917,0.2663,1,,
partial,exploration,beam,13,0.15,18154,True,4,pursuer_win,0,5,,0.0707,0.2663,1,,
partial,exploration,astar,13,0.15,18154,True,4,pursuer_win,0,5,,0.0779,0.2663,1,,
partial,online_astar,random,13,0.15,18154,True,6,agent_win,1,27,,3.5432,0.8402,4,,
partial,online_astar,greedy,13,0.15,18154,True,6,pursuer_win,0,5,,2.3788,0.4142,1,,
partial,online_astar,beam,13,0.15,18154,True,6,pursuer_win,0,5,,2.3206,0.4142,1,,
partial,online_astar,astar,13,0.15,18154,True,6,pursuer_win,0,5,,2.3641,0.4142,1,,
partial,online_lrta,random,13,0.15,18154,True,6,agent_win,1,31,,0.175,0.8284,5,,
partial,online_lrta,greedy,13,0.15,18154,True,6,pursuer_win,0,5,,0.036,0.4142,1,,
partial,online_lrta,beam,13,0.15,18154,True,6,pursuer_win,0,5,,0.0409,0.4142,1,,
partial,online_lrta,astar,13,0.15,18154,True,6,pursuer_win,0,5,,0.0448,0.4142,1,,
partial,exploration,random,13,0.15,18154,True,6,agent_win,1,31,,0.3744,0.8284,5,23,
partial,exploration,greedy,13,0.15,18154,True,6,pursuer_win,0,5,,0.0565,0.4142,1,,
partial,exploration,beam,13,0.15,18154,True,6,pursuer_win,0,5,,0.0567,0.4142,1,,
partial,exploration,astar,13,0.15,18154,True,6,pursuer_win,0,5,,0.0761,0.4142,1,,
partial,online_astar,random,13,0.25,18250,False,2,agent_win,1,29,,4.9584,0.5325,0,,
partial,online_astar,greedy,13,0.25,18250,False,2,pursuer_win,0,19,,4.9256,0.3964,0,,
partial,online_astar,beam,13,0.25,18250,False,2,agent_win,1,29,,5.2264,0.5325,0,,
partial,online_astar,astar,13,0.25,18250,False,2,agent_win,1,29,,5.1562,0.5325,0,,
partial,online_lrta,random,13,0.25,18250,False,2,agent_win,1,41,,0.2105,0.6036,0,,
partial,online_lrta,greedy,13,0.25,18250,False,2,pursuer_win,0,26,,0.1235,0.3787,0,,
partial,online_lrta,beam,13,0.25,18250,False,2,pursuer_win,0,10,,0.0658,0.1834,0,,
partial,online_lrta,astar,13,0.25,18250,False,2,pursuer_win,0,10,,0.0601,0.1834,0,,
partial,exploration,random,13,0.25,18250,False,2,agent_win,1,71,,0.8303,1.0,0,71,
partial,exploration,greedy,13,0.25,18250,False,2,pursuer_win,0,26,,0.328,0.4142,0,,
partial,exploration,beam,13,0.25,18250,False,2,pursuer_win,0,15,,0.1891,0.3314,0,,
partial,exploration,astar,13,0.25,18250,False,2,pursuer_win,0,15,,0.1744,0.3314,0,,
partial,online_astar,random,13,0.25,18250,False,4,agent_win,1,27,,4.2114,0.7101,0,,
partial,online_astar,greedy,13,0.25,18250,False,4,pursuer_win,0,17,,4.1622,0.5621,0,,
partial,online_astar,beam,13,0.25,18250,False,4,agent_win,1,27,,5.0259,0.7101,0,,
partial,online_astar,astar,13,0.25,18250,False,4,agent_win,1,27,,4.0009,0.7101,0,,
partial,online_lrta,random,13,0.25,18250,False,4,agent_win,1,41,,0.2391,0.8284,0,,
partial,online_lrta,greedy,13,0.25,18250,False,4,pursuer_win,0,26,,0.1429,0.5976,0,,
partial,online_lrta,beam,13,0.25,18250,False,4,pursuer_win,0,10,,0.0589,0.3195,0,,
partial,online_lrta,astar,13,0.25,18250,False,4,pursuer_win,0,10,,0.0629,0.3195,0,,
partial,exploration,random,13,0.25,18250,False,4,pursuer_win,0,40,,0.5111,0.929,0,,
partial,exploration,greedy,13,0.25,18250,False,4,pursuer_win,0,19,,0.2431,0.5503,0,,
partial,exploration,beam,13,0.25,18250,False,4,pursuer_win,0,18,,0.4196,0.5444,0,,
partial,exploration,astar,13,0.25,18250,False,4,pursuer_win,0,18,,0.309,0.5444,0,,
partial,online_astar,random,13,0.25,18250,False,6,agent_win,1,25,,3.7168,0.8402,0,,
partial,online_astar,greedy,13,0.25,18250,False,6,pursuer_win,0,16,,3.5284,0.7219,0,,
partial,online_astar,beam,13,0.25,18250,False,6,agent_win,1,25,,3.656,0.8402,0,,
partial,online_astar,astar,13,0.25,18250,False,6,agent_win,1,25,,3.7297,0.8402,0,,
partial,online_lrta,random,13,0.25,18250,False,6,agent_win,1,41,,0.2349,0.9408,0,,
partial,online_lrta,greedy,13,0.25,18250,False,6,pursuer_win,0,26,,0.1684,0.7692,0,,
partial,online_lrta,beam,13,0.25,18250,False,6,pursuer_win,0,10,,0.081,0.4793,0,,
partial,online_lrta,astar,13,0.25,18250,False,6,pursuer_win,0,10,,0.0649,0.4793,0,,
partial,exploration,random,13,0.25,18250,False,6,agent_win,1,25,,0.3181,0.8402,0,21,
partial,exploration,greedy,13,0.25,18250,False,6,pursuer_win,0,16,,0.2717,0.7219,0,,
partial,exploration,beam,13,0.25,18250,False,6,agent_win,1,25,,0.3341,0.8402,0,21,
partial,exploration,astar,13,0.25,18250,False,6,agent_win,1,25,,0.3489,0.8402,0,21,
partial,online_astar,random,13,0.25,18250,True,2,agent_win,1,37,,6.8588,0.6568,6,,
partial,online_astar,greedy,13,0.25,18250,True,2,pursuer_win,0,16,,5.1622,0.3432,2,,
partial,online_astar,beam,13,0.25,18250,True,2,agent_win,1,27,,5.4459,0.5089,4,,
partial,online_astar,astar,13,0.25,18250,True,2,pursuer_win,0,15,,4.9772,0.3314,2,,
partial,online_lrta,random,13,0.25,18250,True,2,agent_win,1,43,,0.2435,0.6686,7,,
partial,online_lrta,greedy,13,0.25,18250,True,2,pursuer_win,0,18,,0.1038,0.3491,3,,
partial,online_lrta,beam,13,0.25,18250,True,2,pursuer_win,0,10,,0.0629,0.1834,1,,
partial,online_lrta,astar,13,0.25,18250,True,2,pursuer_win,0,10,,0.0663,0.1834,1,,
partial,exploration,random,13,0.25,18250,True,2,pursuer_win,0,59,,0.7083,0.8107,10,,
partial,exploration,greedy,13,0.25,18250,True,2,pursuer_win,0,20,,0.2456,0.355,3,,
partial,exploration,beam,13,0.25,18250,True,2,pursuer_win,0,19,,0.2679,0.355,3,,
partial,exploration,astar,13,0.25,18250,True,2,pursuer_win,0,15,,0.2169,0.3314,2,,
partial,online_astar,random,13,0.25,18250,True,4,agent_win,1,23,,3.65,0.6923,4,,
partial,online_astar,greedy,13,0.25,18250,True,4,pursuer_win,0,12,,3.4247,0.5325,2,,
partial,online_astar,beam,13,0.25,18250,True,4,agent_win,1,23,,3.8573,0.6923,4,,
partial,online_astar,astar,13,0.25,18250,True,4,agent_win,1,23,,3.8522,0.6923,4,,
partial,online_lrta,random,13,0.25,18250,True,4,agent_win,1,43,,0.2311,0.858,7,,
partial,online_lrta,greedy,13,0.25,18250,True,4,pursuer_win,0,18,,0.0998,0.5503,3,,
partial,online_lrta,beam,13,0.25,18250,True,4,pursuer_win,0,10,,0.0638,0.3195,1,,
partial,online_lrta,astar,13,0.25,18250,True,4,pursuer_win,0,10,,0.062,0.3195,1,,
partial,exploration,random,13,0.25,18250,True,4,pursuer_win,0,46,,0.5904,0.9408,7,,
partial,exploration,greedy,13,0.25,18250,True,4,pursuer_win,0,19,,0.3294,0.5503,3,,
partial,exploration,beam,13,0.25,18250,True,4,agent_win,1,29,,0.379,0.7101,5,27,
partial,exploration,astar,13,0.25,18250,True,4,pursuer_win,0,18,,0.2747,0.5444,3,,
partial,online_astar,random,13,0.25,18250,True,6,agent_win,1,23,,3.3084,0.8402,4,,
partial,online_astar,greedy,13,0.25,18250,True,6,pursuer_win,0,12,,3.0097,0.716,2,,
partial,online_astar,beam,13,0.25,18250,True,6,agent_win,1,23,,2.9462,0.8343,4,,
partial,online_astar,astar,13,0.25,18250,True,6,agent_win,1,23,,3.1378,0.8343,4,,
partial,online_lrta,random,13,0.25,18250,True,6,agent_win,1,43,,0.2586,0.9645,7,,
partial,online_lrta,greedy,13,0.25,18250,True,6,pursuer_win,0,18,,0.0997,0.7219,3,,
partial,online_lrta,beam,13,0.25,18250,True,6,pursuer_win,0,10,,0.0671,0.4793,1,,
partial,online_lrta,astar,13,0.25,18250,True,6,pursuer_win,0,10,,0.0737,0.4793,1,,
partial,exploration,random,13,0.25,18250,True,6,agent_win,1,23,,0.3129,0.8402,4,19,
partial,exploration,greedy,13,0.25,18250,True,6,pursuer_win,0,14,,0.3443,0.7219,2,,
partial,exploration,beam,13,0.25,18250,True,6,agent_win,1,25,,0.4028,0.8402,4,21,
partial,exploration,astar,13,0.25,18250,True,6,agent_win,1,25,,0.3574,0.8402,4,21,
partial,online_astar,random,13,0.25,18251,False,2,agent_win,1,27,,4.604,0.5976,0,,
partial,online_astar,greedy,13,0.25,18251,False,2,agent_win,1,27,,4.6122,0.5976,0,,
partial,online_astar,beam,13,0.25,18251,False,2,agent_win,1,27,,4.6348,0.5976,0,,
partial,online_astar,astar,13,0.25,18251,False,2,agent_win,1,27,,5.5279,0.5976,0,,
partial,online_lrta,random,13,0.25,18251,False,2,pursuer_win,0,71,,0.3226,0.5799,0,,
partial,online_lrta,greedy,13,0.25,18251,False,2,pursuer_win,0,15,,0.0754,0.284,0,,
partial,online_lrta,beam,13,0.25,18251,False,2,pursuer_win,0,11,,0.0695,0.2426,0,,
partial,online_lrta,astar,13,0.25,18251,False,2,pursuer_win,0,11,,0.0754,0.2426,0,,
partial,exploration,random,13,0.25,18251,False,2,pursuer_win,0,26,,0.2966,0.3669,0,,
partial,exploration,greedy,13,0.25,18251,False,2,pursuer_win,0,21,,0.2277,0.3136,0,,
partial,exploration,beam,13,0.25,18251,False,2,pursuer_win,0,15,,0.1932,0.2485,0,,
partial,exploration,astar,13,0.25,18251,False,2,pursuer_win,0,15,,0.193,0.2485,0,,
partial,online_astar,random,13,0.25,18251,False,4,agent_win,1,25,,4.1614,0.7751,0,,
partial,online_astar,greedy,13,0.25,18251,False,4,agent_win,1,25,,4.0818,0.7751,0,,
partial,online_astar,beam,13,0.25,18251,False,4,agent_win,1,25,,4.1986,0.7751,0,,
partial,online_astar,astar,13,0.25,18251,False,4,agent_win,1,25,,4.8863,0.7751,0,,
partial,online_lrta,random,13,0.25,18251,False,4,pursuer_win,0,71,,0.353,0.7574,0,,
partial,online_lrta,greedy,13,0.25,18251,False,4,pursuer_win,0,15,,0.0934,0.4734,0,,
partial,online_lrta,beam,13,0.25,18251,False,4,pursuer_win,0,11,,0.0789,0.4201,0,,
partial,online_lrta,astar,13,0.25,18251,False,4,pursuer_win,0,11,,0.0656,0.4201,0,,
partial,exploration,random,13,0.25,18251,False,4,agent_win,1,35,,0.4168,0.8284,0,33,
partial,exploration,greedy,13,0.25,18251,False,4,agent_win,1,35,,0.411,0.8284,0,33,
partial,exploration,beam,13,0.25,18251,False,4,pursuer_win,0,20,,0.3329,0.6272,0,,
partial,exploration,astar,13,0.25,18251,False,4,pursuer_win,0,20,,0.353,0.6272,0,,
partial,online_astar,random,13,0.25,18251,False,6,agent_win,1,33,,5.5124,0.9586,0,,
partial,online_astar,greedy,13,0.25,18251,False,6,pursuer_win,0,7,,2.296,0.5444,0,,
partial,online_astar,beam,13,0.25,18251,False,6,pursuer_win,0,7,,2.763,0.5444,0,,
partial,online_astar,astar,13,0.25,18251,False,6,pursuer_win,0,7,,2.4274,0.5444,0,,
partial,online_lrta,random,13,0.25,18251,False,6,pursuer_win,0,71,,0.3674,0.9112,0,,
partial,online_lrta,greedy,13,0.25,18251,False,6,pursuer_win,0,15,,0.0866,0.6686,0,,
partial,online_lrta,beam,13,0.25,18251,False,6,pursuer_win,0,11,,0.0699,0.6154,0,,
partial,online_lrta,astar,13,0.25,18251,False,6,pursuer_win,0,11,,0.063,0.6154,0,,
partial,exploration,random,13,0.25,18251,False,6,agent_win,1,47,,0.7858,1.0,0,43,
partial,exploration,greedy,13,0.25,18251,False,6,pursuer_win,0,10,,0.205,0.4793,0,,
partial,exploration,beam,13,0.25,18251,False,6,pursuer_win,0,10,,0.2068,0.4793,0,,
partial,exploration,astar,13,0.25,18251,False,6,pursuer_win,0,10,,0.2082,0.4793,0,,
partial,online_astar,random,13,0.25,18251,True,2,agent_win,1,25,,4.7838,0.568,4,,
partial,online_astar,greedy,13,0.25,18251,True,2,agent_win,1,27,,4.7345,0.5858,4,,
partial,online_astar,beam,13,0.25,18251,True,2,agent_win,1,27,,5.9333,0.5858,4,,
partial,online_astar,astar,13,0.25,18251,True,2,agent_win,1,27,,4.6155,0.5858,4,,
partial,online_lrta,random,13,0.25,18251,True,2,agent_win,1,31,,0.1611,0.5444,5,,
partial,online_lrta,greedy,13,0.25,18251,True,2,agent_win,1,27,,0.1443,0.5858,4,,
partial,online_lrta,beam,13,0.25,18251,True,2,agent_win,1,27,,0.178,0.5858,4,,
partial,online_lrta,astar,13,0.25,18251,True,2,agent_win,1,27,,0.1709,0.5858,4,,
partial,exploration,random,13,0.25,18251,True,2,agent_win,1,43,,0.4705,0.6923,7,43,
partial,exploration,greedy,13,0.25,18251,True,2,agent_win,1,37,,0.3881,0.6686,6,37,
partial,exploration,beam,13,0.25,18251,True,2,pursuer_win,0,20,,0.2679,0.3669,3,,
partial,exploration,astar,13,0.25,18251,True,2,pursuer_win,0,20,,0.2635,0.3669,3,,
partial,online_astar,random,13,0.25,18251,True,4,agent_win,1,23,,3.9605,0.7515,4,,
partial,online_astar,greedy,13,0.25,18251,True,4,agent_win,1,25,,3.8495,0.7692,4,,
partial,online_astar,beam,13,0.25,18251,True,4,agent_win,1,25,,3.9335,0.7692,4,,
partial,online_astar,astar,13,0.25,18251,True,4,agent_win,1,25,,3.997,0.7692,4,,
partial,online_lrta,random,13,0.25,18251,True,4,agent_win,1,31,,0.1936,0.7633,5,,
partial,online_lrta,greedy,13,0.25,18251,True,4,agent_win,1,27,,0.1555,0.7751,4,,
partial,online_lrta,beam,13,0.25,18251,True,4,agent_win,1,27,,0.1777,0.7751,4,,
partial,online_lrta,astar,13,0.25,18251,True,4,agent_win,1,27,,0.173,0.7751,4,,
partial,exploration,random,13,0.25,18251,True,4,pursuer_win,0,25,,0.3715,0.7751,4,,
partial,exploration,greedy,13,0.25,18251,True,4,pursuer_win,0,38,,0.518,0.9527,6,,
partial,exploration,beam,13,0.25,18251,True,4,pursuer_win,0,23,,0.3598,0.6923,4,,
partial,exploration,astar,13,0.25,18251,True,4,pursuer_win,0,23,,0.36,0.6923,4,,
partial,online_astar,random,13,0.25,18251,True,6,agent_win,1,23,,3.5988,0.9053,4,,
partial,online_astar,greedy,13,0.25,18251,True,6,agent_win,1,25,,3.5235,0.8757,4,,
partial,online_astar,beam,13,0.25,18251,True,6,agent_win,1,25,,3.5914,0.8757,4,,
partial,online_astar,astar,13,0.25,18251,True,6,agent_win,1,25,,3.5252,0.8757,4,,
partial,online_lrta,random,13,0.25,18251,True,6,agent_win,1,31,,0.2097,0.9053,5,,
partial,online_lrta,greedy,13,0.25,18251,True,6,agent_win,1,27,,0.1606,0.8757,4,,
partial,online_lrta,beam,13,0.25,18251,True,6,agent_win,1,27,,0.1889,0.8757,4,,
partial,online_lrta,astar,13,0.25,18251,True,6,agent_win,1,27,,0.2078,0.8757,4,,
partial,exploration,random,13,0.25,18251,True,6,agent_win,1,33,,0.6109,0.9941,5,29,
partial,exploration,greedy,13,0.25,18251,True,6,pursuer_win,0,10,,0.2024,0.4793,1,,
partial,exploration,beam,13,0.25,18251,True,6,pursuer_win,0,10,,0.2097,0.4793,1,,
partial,exploration,astar,13,0.25,18251,True,6,pursuer_win,0,10,,0.232,0.4793,1,,
partial,online_astar,random,13,0.25,18252,False,2,pursuer_win,0,9,,3.4504,0.213,0,,
partial,online_astar,greedy,13,0.25,18252,False,2,pursuer_win,0,5,,2.6126,0.142,0,,
partial,online_astar,beam,13,0.25,18252,False,2,pursuer_win,0,5,,2.9624,0.142,0,,
partial,online_astar,astar,13,0.25,18252,False,2,pursuer_win,0,5,,2.6515,0.142,0,,
partial,online_lrta,random,13,0.25,18252,False,2,pursuer_win,0,9,,0.0553,0.213,0,,
partial,online_lrta,greedy,13,0.25,18252,False,2,pursuer_win,0,5,,0.0313,0.142,0,,
partial,online_lrta,beam,13,0.25,18252,False,2,pursuer_win,0,5,,0.0458,0.142,0,,
partial,online_lrta,astar,13,0.25,18252,False,2,pursuer_win,0,5,,0.0471,0.142,0,,
partial,exploration,random,13,0.25,18252,False,2,pursuer_win,0,9,,0.1136,0.213,0,,
partial,exploration,greedy,13,0.25,18252,False,2,pursuer_win,0,5,,0.055,0.142,0,,
partial,exploration,beam,13,0.25,18252,False,2,pursuer_win,0,5,,0.0572,0.142,0,,
partial,exploration,astar,13,0.25,18252,False,2,pursuer_win,0,5,,0.0579,0.142,0,,
partial,online_astar,random,13,0.25,18252,False,4,pursuer_win,0,9,,2.8403,0.3669,0,,
partial,online_astar,greedy,13,0.25,18252,False,4,pursuer_win,0,5,,2.2862,0.2663,0,,
partial,online_astar,beam,13,0.25,18252,False,4,pursuer_win,0,5,,2.3688,0.2663,0,,
partial,online_astar,astar,13,0.25,18252,False,4,pursuer_win,0,5,,2.181,0.2663,0,,
partial,online_lrta,random,13,0.25,18252,False,4,pursuer_win,0,9,,0.0545,0.3669,0,,
partial,online_lrta,greedy,13,0.25,18252,False,4,pursuer_win,0,5,,0.0302,0.2663,0,,
partial,online_lrta,beam,13,0.25,18252,False,4,pursuer_win,0,5,,0.0319,0.2663,0,,
partial,online_lrta,astar,13,0.25,18252,False,4,pursuer_win,0,5,,0.0341,0.2663,0,,
partial,exploration,random,13,0.25,18252,False,4,pursuer_win,0,9,,0.1215,0.3669,0,,
partial,exploration,greedy,13,0.25,18252,False,4,pursuer_win,0,5,,0.0712,0.2663,0,,
partial,exploration,beam,13,0.25,18252,False,4,pursuer_win,0,5,,0.0734,0.2663,0,,
partial,exploration,astar,13,0.25,18252,False,4,pursuer_win,0,5,,0.0798,0.2663,0,,
partial,online_astar,random,13,0.25,18252,False,6,pursuer_win,0,9,,2.8068,0.5207,0,,
partial,online_astar,greedy,13,0.25,18252,False,6,pursuer_win,0,5,,2.1042,0.4142,0,,
partial,online_astar,beam,13,0.25,18252,False,6,pursuer_win,0,5,,2.6558,0.4142,0,,
partial,online_astar,astar,13,0.25,18252,False,6,pursuer_win,0,5,,2.1782,0.4142,0,,
partial,online_lrta,random,13,0.25,18252,False,6,pursuer_win,0,9,,0.0586,0.5207,0,,
partial,online_lrta,greedy,13,0.25,18252,False,6,pursuer_win,0,5,,0.0325,0.4142,0,,
partial,online_lrta,beam,13,0.25,18252,False,6,pursuer_win,0,5,,0.0367,0.4142,0,,
partial,online_lrta,astar,13,0.25,18252,False,6,pursuer_win,0,5,,0.0365,0.4142,0,,
partial,exploration,random,13,0.25,18252,False,6,pursuer_win,0,9,,0.1388,0.5207,0,,
partial,exploration,greedy,13,0.25,18252,False,6,pursuer_win,0,5,,0.0451,0.4142,0,,
partial,exploration,beam,13,0.25,18252,False,6,pursuer_win,0,5,,0.0468,0.4142,0,,
partial,exploration,astar,13,0.25,18252,False,6,pursuer_win,0,5,,0.0463,0.4142,0,,
partial,online_astar,random,13,0.25,18252,True,2,pursuer_win,0,9,,3.4824,0.213,0,,
partial,online_astar,greedy,13,0.25,18252,True,2,pursuer_win,0,5,,2.5861,0.142,1,,
partial,online_astar,beam,13,0.25,18252,True,2,pursuer_win,0,5,,3.372,0.142,1,,
partial,online_astar,astar,13,0.25,18252,True,2,pursuer_win,0,5,,2.5627,0.142,1,,
partial,online_lrta,random,13,0.25,18252,True,2,pursuer_win,0,9,,0.0606,0.213,0,,
partial,online_lrta,greedy,13,0.25,18252,True,2,pursuer_win,0,5,,0.0363,0.142,1,,
partial,online_lrta,beam,13,0.25,18252,True,2,pursuer_win,0,5,,0.0387,0.142,1,,
partial,online_lrta,astar,13,0.25,18252,True,2,pursuer_win,0,5,,0.0501,0.142,1,,
partial,exploration,random,13,0.25,18252,True,2,pursuer_win,0,9,,0.1094,0.213,0,,
partial,exploration,greedy,13,0.25,18252,True,2,pursuer_win,0,5,,0.056,0.142,1,,
partial,exploration,beam,13,0.25,18252,True,2,pursuer_win,0,5,,0.064,0.142,1,,
partial,exploration,astar,13,0.25,18252,True,2,pursuer_win,0,5,,0.059,0.142,1,,
partial,online_astar,random,13,0.25,18252,True,4,pursuer_win,0,9,,2.9556,0.3669,0,,
partial,online_astar,greedy,13,0.25,18252,True,4,pursuer_win,0,5,,2.219,0.2663,1,,
partial,online_astar,beam,13,0.25,18252,True,4,pursuer_win,0,5,,2.1729,0.2663,1,,
partial,online_astar,astar,13,0.25,18252,True,4,pursuer_win,0,5,,2.1472,0.2663,1,,
partial,online_lrta,random,13,0.25,18252,True,4,pursuer_win,0,9,,0.058,0.3669,0,,
partial,online_lrta,greedy,13,0.25,18252,True,4,pursuer_win,0,5,,0.0314,0.2663,1,,
partial,online_lrta,beam,13,0.25,18252,True,4,pursuer_win,0,5,,0.0363,0.2663,1,,
partial,online_lrta,astar,13,0.25,18252,True,4,pursuer_win,0,5,,0.0377,0.2663,1,,
partial,exploration,random,13,0.25,18252,True,4,pursuer_win,0,9,,0.1277,0.3669,0,,
partial,exploration,greedy,13,0.25,18252,True,4,pursuer_win,0,5,,0.0761,0.2663,1,,
partial,exploration,beam,13,0.25,18252,True,4,pursuer_win,0,5,,0.0825,0.2663,1,,
partial,exploration,astar,13,0.25,18252,True,4,pursuer_win,0,5,,0.0833,0.2663,1,,
partial,online_astar,random,13,0.25,18252,True,6,pursuer_win,0,9,,2.7846,0.5207,0,,
partial,online_astar,greedy,13,0.25,18252,True,6,pursuer_win,0,5,,2.0999,0.4142,1,,
partial,online_astar,beam,13,0.25,18252,True,6,pursuer_win,0,5,,2.1064,0.4142,1,,
partial,online_astar,astar,13,0.25,18252,True,6,pursuer_win,0,5,,2.1056,0.4142,1,,
partial,online_lrta,random,13,0.25,18252,True,6,pursuer_win,0,9,,0.0603,0.5207,0,,
partial,online_lrta,greedy,13,0.25,18252,True,6,pursuer_win,0,5,,0.0344,0.4142,1,,
partial,online_lrta,beam,13,0.25,18252,True,6,pursuer_win,0,5,,0.0379,0.4142,1,,
partial,online_lrta,astar,13,0.25,18252,True,6,pursuer_win,0,5,,0.0369,0.4142,1,,
partial,exploration,random,13,0.25,18252,True,6,pursuer_win,0,9,,0.1377,0.5207,0,,
partial,exploration,greedy,13,0.25,18252,True,6,pursuer_win,0,5,,0.0454,0.4142,1,,
partial,exploration,beam,13,0.25,18252,True,6,pursuer_win,0,5,,0.0463,0.4142,1,,
partial,exploration,astar,13,0.25,18252,True,6,pursuer_win,0,5,,0.0462,0.4142,1,,
partial,online_astar,random,13,0.25,18253,False,2,agent_win,1,25,,3.986,0.4734,0,,
partial,online_astar,greedy,13,0.25,18253,False,2,pursuer_win,0,20,,3.9152,0.4142,0,,
partial,online_astar,beam,13,0.25,18253,False,2,agent_win,1,25,,3.9729,0.4734,0,,
partial,online_astar,astar,13,0.25,18253,False,2,agent_win,1,25,,4.0262,0.4734,0,,
partial,online_lrta,random,13,0.25,18253,False,2,agent_win,1,27,,0.1382,0.4734,0,,
partial,online_lrta,greedy,13,0.25,18253,False,2,pursuer_win,0,20,,0.0951,0.4142,0,,
partial,online_lrta,beam,13,0.25,18253,False,2,agent_win,1,27,,0.1586,0.4734,0,,
partial,online_lrta,astar,13,0.25,18253,False,2,agent_win,1,27,,0.1541,0.4734,0,,
partial,exploration,random,13,0.25,18253,False,2,agent_win,1,77,,0.7487,0.9763,0,77,
partial,exploration,greedy,13,0.25,18253,False,2,pursuer_win,0,47,,0.478,0.6686,0,,
partial,exploration,beam,13,0.25,18253,False,2,pursuer_win,0,14,,0.1512,0.2959,0,,
partial,exploration,astar,13,0.25,18253,False,2,pursuer_win,0,14,,0.1486,0.2959,0,,
partial,online_astar,random,13,0.25,18253,False,4,agent_win,1,25,,3.4704,0.6627,0,,
partial,online_astar,greedy,13,0.25,18253,False,4,pursuer_win,0,20,,3.4134,0.6095,0,,
partial,online_astar,beam,13,0.25,18253,False,4,agent_win,1,25,,3.5023,0.6627,0,,
partial,online_astar,astar,13,0.25,18253,False,4,agent_win,1,25,,3.487,0.6627,0,,
partial,online_lrta,random,13,0.25,18253,False,4,agent_win,1,27,,0.1433,0.6627,0,,
partial,online_lrta,greedy,13,0.25,18253,False,4,pursuer_win,0,20,,0.1003,0.6095,0,,
partial,online_lrta,beam,13,0.25,18253,False,4,agent_win,1,27,,0.1626,0.6627,0,,
partial,online_lrta,astar,13,0.25,18253,False,4,agent_win,1,27,,0.161,0.6627,0,,
partial,exploration,random,13,0.25,18253,False,4,pursuer_win,0,34,,0.4505,0.9704,0,,
partial,exploration,greedy,13,0.25,18253,False,4,pursuer_win,0,20,,0.2879,0.6095,0,,
partial,exploration,beam,13,0.25,18253,False,4,pursuer_win,0,28,,0.3802,0.8462,0,,
partial,exploration,astar,13,0.25,18253,False,4,pursuer_win,0,28,,0.3722,0.8462,0,,
partial,online_astar,random,13,0.25,18253,False,6,agent_win,1,25,,3.2502,0.8107,0,,
partial,online_astar,greedy,13,0.25,18253,False,6,pursuer_win,0,20,,3.435,0.7633,0,,
partial,online_astar,beam,13,0.25,18253,False,6,agent_win,1,25,,3.3784,0.8107,0,,
partial,online_astar,astar,13,0.25,18253,False,6,agent_win,1,25,,3.2997,0.8107,0,,
partial,online_lrta,random,13,0.25,18253,False,6,agent_win,1,27,,0.1657,0.8107,0,,
partial,online_lrta,greedy,13,0.25,18253,False,6,pursuer_win,0,20,,0.1035,0.7633,0,,
partial,online_lrta,beam,13,0.25,18253,False,6,agent_win,1,27,,0.1686,0.8107,0,,
partial,online_lrta,astar,13,0.25,18253,False,6,agent_win,1,27,,0.1618,0.8107,0,,
partial,exploration,random,13,0.25,18253,False,6,agent_win,1,25,,0.2543,0.8107,0,19,
partial,exploration,greedy,13,0.25,18253,False,6,pursuer_win,0,20,,0.2413,0.7633,0,19,
partial,exploration,beam,13,0.25,18253,False,6,agent_win,1,25,,0.257,0.8107,0,19,
partial,exploration,astar,13,0.25,18253,False,6,agent_win,1,25,,0.2651,0.8107,0,19,
partial,online_astar,random,13,0.25,18253,True,2,agent_win,1,29,,4.8343,0.5385,5,,
partial,online_astar,greedy,13,0.25,18253,True,2,pursuer_win,0,19,,4.1203,0.3905,2,,
partial,online_astar,beam,13,0.25,18253,True,2,agent_win,1,25,,4.0531,0.4734,3,,
partial,online_astar,astar,13,0.25,18253,True,2,agent_win,1,25,,4.2168,0.4734,3,,
partial,online_lrta,random,13,0.25,18253,True,2,agent_win,1,33,,0.1993,0.5444,5,,
partial,online_lrta,greedy,13,0.25,18253,True,2,pursuer_win,0,19,,0.109,0.3905,2,,
partial,online_lrta,beam,13,0.25,18253,True,2,agent_win,1,27,,0.1991,0.4734,3,,
partial,online_lrta,astar,13,0.25,18253,True,2,agent_win,1,27,,0.1698,0.4734,3,,
partial,exploration,random,13,0.25,18253,True,2,pursuer_win,0,70,,0.9726,0.7692,10,,
partial,exploration,greedy,13,0.25,18253,True,2,pursuer_win,0,32,,0.3634,0.4497,4,,
partial,exploration,beam,13,0.25,18253,True,2,pursuer_win,0,14,,0.1586,0.2959,1,,
partial,exploration,astar,13,0.25,18253,True,2,pursuer_win,0,27,,0.3289,0.4024,3,,
partial,online_astar,random,13,0.25,18253,True,4,agent_win,1,27,,3.881,0.7515,3,,
partial,online_astar,greedy,13,0.25,18253,True,4,pursuer_win,0,19,,3.7114,0.574,2,,
partial,online_astar,beam,13,0.25,18253,True,4,agent_win,1,25,,3.5018,0.6627,3,,
partial,online_astar,astar,13,0.25,18253,True,4,agent_win,1,25,,3.7805,0.6627,3,,
partial,online_lrta,random,13,0.25,18253,True,4,agent_win,1,33,,0.181,0.7515,5,,
partial,online_lrta,greedy,13,0.25,18253,True,4,pursuer_win,0,19,,0.1041,0.574,2,,
partial,online_lrta,beam,13,0.25,18253,True,4,agent_win,1,27,,0.1691,0.6627,3,,
partial,online_lrta,astar,13,0.25,18253,True,4,agent_win,1,27,,0.1675,0.6627,3,,
partial,exploration,random,13,0.25,18253,True,4,pursuer_win,0,34,,0.4905,0.858,5,,
partial,exploration,greedy,13,0.25,18253,True,4,pursuer_win,0,19,,0.2122,0.574,2,,
partial,exploration,beam,13,0.25,18253,True,4,agent_win,1,53,,0.9285,1.0,8,51,
partial,exploration,astar,13,0.25,18253,True,4,pursuer_win,0,36,,0.7327,0.9763,5,,
partial,online_astar,random,13,0.25,18253,True,6,agent_win,1,23,,3.9256,0.8757,4,,
partial,online_astar,greedy,13,0.25,18253,True,6,pursuer_win,0,19,,3.0865,0.7337,2,,
partial,online_astar,beam,13,0.25,18253,True,6,agent_win,1,25,,3.1824,0.8107,3,,
partial,online_astar,astar,13,0.25,18253,True,6,agent_win,1,25,,3.2598,0.8107,3,,
partial,online_lrta,random,13,0.25,18253,True,6,agent_win,1,33,,0.1976,0.8757,5,,
partial,online_lrta,greedy,13,0.25,18253,True,6,pursuer_win,0,19,,0.1097,0.7337,2,,
partial,online_lrta,beam,13,0.25,18253,True,6,agent_win,1,27,,0.17,0.8107,3,,
partial,online_lrta,astar,13,0.25,18253,True,6,agent_win,1,27,,0.1716,0.8107,3,,
partial,exploration,random,13,0.25,18253,True,6,agent_win,1,45,,0.7293,1.0,7,39,
partial,exploration,greedy,13,0.25,18253,True,6,pursuer_win,0,19,,0.2477,0.7337,2,19,
partial,exploration,beam,13,0.25,18253,True,6,agent_win,1,25,,0.2768,0.8107,3,19,
partial,exploration,astar,13,0.25,18253,True,6,agent_win,1,25,,0.2756,0.8107,3,19,
partial,online_astar,random,13,0.25,18254,False,2,agent_win,1,23,,4.4837,0.5325,0,,
partial,online_astar,greedy,13,0.25,18254,False,2,pursuer_win,0,8,,3.2076,0.213,0,,
partial,online_astar,beam,13,0.25,18254,False,2,pursuer_win,0,8,,3.2146,0.213,0,,
partial,online_astar,astar,13,0.25,18254,False,2,pursuer_win,0,8,,3.2713,0.213,0,,
partial,online_lrta,random,13,0.25,18254,False,2,agent_win,1,25,,0.136,0.5325,0,,
partial,online_lrta,greedy,13,0.25,18254,False,2,pursuer_win,0,8,,0.0553,0.213,0,,
partial,online_lrta,beam,13,0.25,18254,False,2,pursuer_win,0,8,,0.0534,0.213,0,,
partial,online_lrta,astar,13,0.25,18254,False,2,pursuer_win,0,8,,0.0506,0.213,0,,
partial,exploration,random,13,0.25,18254,False,2,pursuer_win,0,20,,0.2258,0.3669,0,,
partial,exploration,greedy,13,0.25,18254,False,2,pursuer_win,0,12,,0.12,0.2308,0,,
partial,exploration,beam,13,0.25,18254,False,2,pursuer_win,0,11,,0.1284,0.2012,0,,
partial,exploration,astar,13,0.25,18254,False,2,pursuer_win,0,10,,0.1228,0.1834,0,,
partial,online_astar,random,13,0.25,18254,False,4,agent_win,1,23,,3.7633,0.7751,0,,
partial,online_astar,greedy,13,0.25,18254,False,4,pursuer_win,0,8,,2.9075,0.3846,0,,
partial,online_astar,beam,13,0.25,18254,False,4,pursuer_win,0,8,,2.7853,0.3846,0,,
partial,online_astar,astar,13,0.25,18254,False,4,pursuer_win,0,8,,3.5721,0.3846,0,,
partial,online_lrta,random,13,0.25,18254,False,4,agent_win,1,25,,0.1388,0.7751,0,,
partial,online_lrta,greedy,13,0.25,18254,False,4,pursuer_win,0,8,,0.0436,0.3846,0,,
partial,online_lrta,beam,13,0.25,18254,False,4,pursuer_win,0,8,,0.0524,0.3846,0,,
partial,online_lrta,astar,13,0.25,18254,False,4,pursuer_win,0,8,,0.0642,0.3846,0,,
partial,exploration,random,13,0.25,18254,False,4,agent_win,1,35,,0.4149,0.8343,0,25,
partial,exploration,greedy,13,0.25,18254,False,4,pursuer_win,0,8,,0.1173,0.3846,0,,
partial,exploration,beam,13,0.25,18254,False,4,pursuer_win,0,8,,0.1155,0.3846,0,,
partial,exploration,astar,13,0.25,18254,False,4,pursuer_win,0,8,,0.1176,0.3846,0,,
partial,online_astar,random,13,0.25,18254,False,6,agent_win,1,23,,4.3127,0.9231,0,,
partial,online_astar,greedy,13,0.25,18254,False,6,pursuer_win,0,8,,2.7723,0.568,0,,
partial,online_astar,beam,13,0.25,18254,False,6,pursuer_win,0,8,,2.0639,0.568,0,,
partial,online_astar,astar,13,0.25,18254,False,6,pursuer_win,0,8,,2.2006,0.568,0,,
partial,online_lrta,random,13,0.25,18254,False,6,agent_win,1,25,,0.1852,0.9231,0,,
partial,online_lrta,greedy,13,0.25,18254,False,6,pursuer_win,0,8,,0.0437,0.568,0,,
partial,online_lrta,beam,13,0.25,18254,False,6,pursuer_win,0,8,,0.0492,0.568,0,,
partial,online_lrta,astar,13,0.25,18254,False,6,pursuer_win,0,8,,0.0479,0.568,0,,
partial,exploration,random,13,0.25,18254,False,6,agent_win,1,27,,0.417,0.9408,0,23,
partial,exploration,greedy,13,0.25,18254,False,6,pursuer_win,0,8,,0.1006,0.568,0,,
partial,exploration,beam,13,0.25,18254,False,6,pursuer_win,0,8,,0.1069,0.568,0,,
partial,exploration,astar,13,0.25,18254,False,6,pursuer_win,0,8,,0.1066,0.568,0,,
partial,online_astar,random,13,0.25,18254,True,2,agent_win,1,23,,4.3048,0.5089,4,,
partial,online_astar,greedy,13,0.25,18254,True,2,pursuer_win,0,8,,3.3031,0.213,1,,
partial,online_astar,beam,13,0.25,18254,True,2,pursuer_win,0,8,,3.0934,0.213,1,,
partial,online_astar,astar,13,0.25,18254,True,2,pursuer_win,0,8,,3.1082,0.213,1,,
partial,online_lrta,random,13,0.25,18254,True,2,agent_win,1,25,,0.1431,0.5266,4,,
partial,online_lrta,greedy,13,0.25,18254,True,2,pursuer_win,0,8,,0.0461,0.213,1,,
partial,online_lrta,beam,13,0.25,18254,True,2,pursuer_win,0,8,,0.0516,0.213,1,,
partial,online_lrta,astar,13,0.25,18254,True,2,pursuer_win,0,8,,0.056,0.213,1,,
partial,exploration,random,13,0.25,18254,True,2,pursuer_win,0,85,,0.9852,0.9408,13,,
partial,exploration,greedy,13,0.25,18254,True,2,pursuer_win,0,16,,0.1602,0.2426,2,,
partial,exploration,beam,13,0.25,18254,True,2,pursuer_win,0,10,,0.1127,0.1834,1,,
partial,exploration,astar,13,0.25,18254,True,2,pursuer_win,0,10,,0.1394,0.1834,1,,
partial,online_astar,random,13,0.25,18254,True,4,agent_win,1,23,,3.8199,0.7574,4,,
partial,online_astar,greedy,13,0.25,18254,True,4,pursuer_win,0,8,,2.3656,0.3846,1,,
partial,online_astar,beam,13,0.25,18254,True,4,pursuer_win,0,8,,2.4741,0.3846,1,,
partial,online_astar,astar,13,0.25,18254,True,4,pursuer_win,0,8,,2.8977,0.3846,1,,
partial,online_lrta,random,13,0.25,18254,True,4,agent_win,1,25,,0.1322,0.7751,4,,
partial,online_lrta,greedy,13,0.25,18254,True,4,pursuer_win,0,8,,0.0442,0.3846,1,,
partial,online_lrta,beam,13,0.25,18254,True,4,pursuer_win,0,8,,0.0493,0.3846,1,,
partial,online_lrta,astar,13,0.25,18254,True,4,pursuer_win,0,8,,0.0666,0.3846,1,,
partial,exploration,random,13,0.25,18254,True,4,agent_win,1,73,,1.2318,1.0,10,69,
partial,exploration,greedy,13,0.25,18254,True,4,pursuer_win,0,8,,0.0954,0.3846,1,,
partial,exploration,beam,13,0.25,18254,True,4,pursuer_win,0,8,,0.1095,0.3846,1,,
partial,exploration,astar,13,0.25,18254,True,4,pursuer_win,0,8,,0.1048,0.3846,1,,
partial,online_astar,random,13,0.25,18254,True,6,agent_win,1,23,,3.0038,0.9053,4,,
partial,online_astar,greedy,13,0.25,18254,True,6,pursuer_win,0,8,,2.2538,0.568,1,,
partial,online_astar,beam,13,0.25,18254,True,6,pursuer_win,0,8,,2.3277,0.568,1,,
partial,online_astar,astar,13,0.25,18254,True,6,pursuer_win,0,8,,2.2739,0.568,1,,
partial,online_lrta,random,13,0.25,18254,True,6,agent_win,1,25,,0.1535,0.9231,4,,
partial,online_lrta,greedy,13,0.25,18254,True,6,pursuer_win,0,8,,0.0497,0.568,1,,
partial,online_lrta,beam,13,0.25,18254,True,6,pursuer_win,0,8,,0.0615,0.568,1,,
partial,online_lrta,astar,13,0.25,18254,True,6,pursuer_win,0,8,,0.0574,0.568,1,,
partial,exploration,random,13,0.25,18254,True,6,agent_win,1,29,,0.4897,0.9408,5,25,
partial,exploration,greedy,13,0.25,18254,True,6,pursuer_win,0,8,,0.1078,0.568,1,,
partial,exploration,beam,13,0.25,18254,True,6,pursuer_win,0,8,,0.1242,0.568,1,,
partial,exploration,astar,13,0.25,18254,True,6,pursuer_win,0,8,,0.1099,0.568,1,,
partial,online_astar,random,13,0.35,18350,False,2,agent_win,1,35,,6.4076,0.6509,0,,
partial,online_astar,greedy,13,0.35,18350,False,2,agent_win,1,35,,6.6342,0.6509,0,,
partial,online_astar,beam,13,0.35,18350,False,2,pursuer_win,0,10,,4.3765,0.2485,0,,
partial,online_astar,astar,13,0.35,18350,False,2,pursuer_win,0,10,,4.3505,0.2485,0,,
partial,online_lrta,random,13,0.35,18350,False,2,agent_win,1,45,,0.2291,0.6746,0,,
partial,online_lrta,greedy,13,0.35,18350,False,2,pursuer_win,0,24,,0.1406,0.4379,0,,
partial,online_lrta,beam,13,0.35,18350,False,2,pursuer_win,0,10,,0.0708,0.2485,0,,
partial,online_lrta,astar,13,0.35,18350,False,2,pursuer_win,0,10,,0.0681,0.2485,0,,
partial,exploration,random,13,0.35,18350,False,2,agent_win,1,77,,0.7989,0.8284,0,77,
partial,exploration,greedy,13,0.35,18350,False,2,pursuer_win,0,20,,0.2181,0.3964,0,,
partial,exploration,beam,13,0.35,18350,False,2,pursuer_win,0,12,,0.149,0.2012,0,,
partial,exploration,astar,13,0.35,18350,False,2,pursuer_win,0,12,,0.1269,0.2012,0,,
partial,online_astar,random,13,0.35,18350,False,4,agent_win,1,29,,4.667,0.8757,0,,
partial,online_astar,greedy,13,0.35,18350,False,4,agent_win,1,29,,4.876,0.8757,0,,
partial,online_astar,beam,13,0.35,18350,False,4,pursuer_win,0,13,,4.5209,0.5917,0,,
partial,online_astar,astar,13,0.35,18350,False,4,pursuer_win,0,13,,3.712,0.5917,0,,
partial,online_lrta,random,13,0.35,18350,False,4,agent_win,1,45,,0.2353,0.8935,0,,
partial,online_lrta,greedy,13,0.35,18350,False,4,pursuer_win,0,24,,0.1157,0.6805,0,,
partial,online_lrta,beam,13,0.35,18350,False,4,pursuer_win,0,10,,0.0957,0.4083,0,,
partial,online_lrta,astar,13,0.35,18350,False,4,pursuer_win,0,10,,0.0718,0.4083,0,,
partial,exploration,random,13,0.35,18350,False,4,pursuer_win,0,22,,0.3307,0.7101,0,,
partial,exploration,greedy,13,0.35,18350,False,4,pursuer_win,0,18,,0.2474,0.6746,0,,
partial,exploration,beam,13,0.35,18350,False,4,pursuer_win,0,25,,0.5505,0.7101,0,,
partial,exploration,astar,13,0.35,18350,False,4,pursuer_win,0,25,,0.5537,0.7101,0,,
partial,online_astar,random,13,0.35,18350,False,6,agent_win,1,27,,3.6959,0.9645,0,,
partial,online_astar,greedy,13,0.35,18350,False,6,agent_win,1,27,,3.7309,0.9645,0,,
partial,online_astar,beam,13,0.35,18350,False,6,pursuer_win,0,12,,3.335,0.7456,0,,
partial,online_astar,astar,13,0.35,18350,False,6,pursuer_win,0,12,,3.3883,0.7456,0,,
partial,online_lrta,random,13,0.35,18350,False,6,agent_win,1,45,,0.2515,0.9822,0,,
partial,online_lrta,greedy,13,0.35,18350,False,6,pursuer_win,0,24,,0.128,0.8698,0,,
partial,online_lrta,beam,13,0.35,18350,False,6,pursuer_win,0,10,,0.0681,0.5917,0,,
partial,online_lrta,astar,13,0.35,18350,False,6,pursuer_win,0,10,,0.0696,0.5917,0,,
partial,exploration,random,13,0.35,18350,False,6,pursuer_win,0,17,,0.2593,0.7692,0,,
partial,exploration,greedy,13,0.35,18350,False,6,pursuer_win,0,14,,0.2462,0.7692,0,,
partial,exploration,beam,13,0.35,18350,False,6,pursuer_win,0,20,,0.5086,0.7692,0,,
partial,exploration,astar,13,0.35,18350,False,6,pursuer_win,0,20,,0.5297,0.7692,0,,
partial,online_astar,random,13,0.35,18350,True,2,agent_win,1,33,,5.9181,0.6213,5,,
partial,online_astar,greedy,13,0.35,18350,True,2,agent_win,1,41,,7.5866,0.716,6,,
partial,online_astar,beam,13,0.35,18350,True,2,pursuer_win,0,10,,4.1462,0.2485,1,,
partial,online_astar,astar,13,0.35,18350,True,2,pursuer_win,0,10,,4.187,0.2485,1,,
partial,online_lrta,random,13,0.35,18350,True,2,agent_win,1,45,,0.2739,0.6509,7,,
partial,online_lrta,greedy,13,0.35,18350,True,2,pursuer_win,0,24,,0.1346,0.4379,4,,
partial,online_lrta,beam,13,0.35,18350,True,2,pursuer_win,0,10,,0.0704,0.2485,1,,
partial,online_lrta,astar,13,0.35,18350,True,2,pursuer_win,0,10,,0.0734,0.2485,1,,
partial,exploration,random,13,0.35,18350,True,2,agent_win,1,65,,0.6507,0.7337,10,65,
partial,exploration,greedy,13,0.35,18350,True,2,pursuer_win,0,24,,0.2648,0.4615,4,,
partial,exploration,beam,13,0.35,18350,True,2,pursuer_win,0,13,,0.1302,0.2367,2,,
partial,exploration,astar,13,0.35,18350,True,2,pursuer_win,0,13,,0.1307,0.2367,2,,
partial,online_astar,random,13,0.35,18350,True,4,agent_win,1,29,,4.5975,0.8698,5,,
partial,online_astar,greedy,13,0.35,18350,True,4,agent_win,1,31,,5.0712,0.8876,5,,
partial,online_astar,beam,13,0.35,18350,True,4,pursuer_win,0,9,,3.2836,0.4497,1,,
partial,online_astar,astar,13,0.35,18350,True,4,pursuer_win,0,9,,3.3201,0.4497,1,,
partial,online_lrta,random,13,0.35,18350,True,4,agent_win,1,45,,0.2503,0.8757,7,,
partial,online_lrta,greedy,13,0.35,18350,True,4,pursuer_win,0,24,,0.1309,0.6805,4,,
partial,online_lrta,beam,13,0.35,18350,True,4,pursuer_win,0,10,,0.0704,0.4083,1,,
partial,online_lrta,astar,13,0.35,18350,True,4,pursuer_win,0,10,,0.0678,0.4083,1,,
partial,exploration,random,13,0.35,18350,True,4,agent_win,1,33,,0.4881,0.8462,5,31,
partial,exploration,greedy,13,0.35,18350,True,4,pursuer_win,0,18,,0.3043,0.6746,3,,
partial,exploration,beam,13,0.35,18350,True,4,pursuer_win,0,25,,0.5473,0.7101,4,,
partial,exploration,astar,13,0.35,18350,True,4,pursuer_win,0,25,,0.589,0.7101,4,,
partial,online_astar,random,13,0.35,18350,True,6,agent_win,1,27,,3.6807,0.9645,4,,
partial,online_astar,greedy,13,0.35,18350,True,6,agent_win,1,29,,4.0139,0.9645,5,,
partial,online_astar,beam,13,0.35,18350,True,6,pursuer_win,0,9,,2.8969,0.645,1,,
partial,online_astar,astar,13,0.35,18350,True,6,pursuer_win,0,9,,4.0101,0.645,1,,
partial,online_lrta,random,13,0.35,18350,True,6,agent_win,1,45,,0.2486,0.9822,7,,
partial,online_lrta,greedy,13,0.35,18350,True,6,pursuer_win,0,24,,0.2357,0.8698,4,,
partial,online_lrta,beam,13,0.35,18350,True,6,pursuer_win,0,10,,0.1247,0.5917,1,,
partial,online_lrta,astar,13,0.35,18350,True,6,pursuer_win,0,10,,0.0869,0.5917,1,,
partial,exploration,random,13,0.35,18350,True,6,pursuer_win,0,15,,0.2571,0.7692,2,,
partial,exploration,greedy,13,0.35,18350,True,6,pursuer_win,0,14,,0.2896,0.7692,2,,
partial,exploration,beam,13,0.35,18350,True,6,pursuer_win,0,9,,0.1422,0.645,1,,
partial,exploration,astar,13,0.35,18350,True,6,pursuer_win,0,9,,0.1319,0.645,1,,
partial,online_astar,random,13,0.35,18351,False,2,agent_win,1,27,,5.4701,0.5325,0,,
partial,online_astar,greedy,13,0.35,18351,False,2,agent_win,1,27,,5.4729,0.5325,0,,
partial,online_astar,beam,13,0.35,18351,False,2,agent_win,1,27,,5.7465,0.5325,0,,
partial,online_astar,astar,13,0.35,18351,False,2,agent_win,1,27,,5.4514,0.5325,0,,
partial,online_lrta,random,13,0.35,18351,False,2,agent_win,1,33,,0.1655,0.5621,0,,
partial,online_lrta,greedy,13,0.35,18351,False,2,agent_win,1,33,,0.155,0.5621,0,,
partial,online_lrta,beam,13,0.35,18351,False,2,pursuer_win,0,20,,0.1226,0.3905,0,,
partial,online_lrta,astar,13,0.35,18351,False,2,pursuer_win,0,14,,0.088,0.284,0,,
partial,exploration,random,13,0.35,18351,False,2,agent_win,1,61,,0.6531,0.7396,0,61,
partial,exploration,greedy,13,0.35,18351,False,2,pursuer_win,0,16,,0.1774,0.3254,0,,
partial,exploration,beam,13,0.35,18351,False,2,pursuer_win,0,14,,0.1604,0.3077,0,,
partial,exploration,astar,13,0.35,18351,False,2,pursuer_win,0,14,,0.1626,0.3077,0,,
partial,online_astar,random,13,0.35,18351,False,4,agent_win,1,25,,4.1647,0.7692,0,,
partial,online_astar,greedy,13,0.35,18351,False,4,agent_win,1,25,,4.1662,0.7692,0,,
partial,online_astar,beam,13,0.35,18351,False,4,pursuer_win,0,13,,4.3082,0.568,0,,
partial,online_astar,astar,13,0.35,18351,False,4,agent_win,1,25,,4.1037,0.7692,0,,
partial,online_lrta,random,13,0.35,18351,False,4,agent_win,1,33,,0.17,0.7751,0,,
partial,online_lrta,greedy,13,0.35,18351,False,4,agent_win,1,33,,0.1593,0.7751,0,,
partial,online_lrta,beam,13,0.35,18351,False,4,pursuer_win,0,20,,0.1251,0.6154,0,,
partial,online_lrta,astar,13,0.35,18351,False,4,pursuer_win,0,14,,0.0921,0.4734,0,,
partial,exploration,random,13,0.35,18351,False,4,pursuer_win,0,35,,0.4359,0.8935,0,,
partial,exploration,greedy,13,0.35,18351,False,4,pursuer_win,0,31,,0.3712,0.8462,0,,
partial,exploration,beam,13,0.35,18351,False,4,pursuer_win,0,17,,0.2396,0.5621,0,,
partial,exploration,astar,13,0.35,18351,False,4,pursuer_win,0,39,,0.6724,0.8935,0,,
partial,online_astar,random,13,0.35,18351,False,6,agent_win,1,23,,3.674,0.9112,0,,
partial,online_astar,greedy,13,0.35,18351,False,6,agent_win,1,23,,3.5835,0.9112,0,,
partial,online_astar,beam,13,0.35,18351,False,6,pursuer_win,0,13,,3.252,0.7692,0,,
partial,online_astar,astar,13,0.35,18351,False,6,agent_win,1,23,,3.5585,0.9112,0,,
partial,online_lrta,random,13,0.35,18351,False,6,agent_win,1,33,,0.1722,0.9112,0,,
partial,online_lrta,greedy,13,0.35,18351,False,6,agent_win,1,33,,0.1665,0.9112,0,,
partial,online_lrta,beam,13,0.35,18351,False,6,pursuer_win,0,20,,0.1265,0.8107,0,,
partial,online_lrta,astar,13,0.35,18351,False,6,pursuer_win,0,14,,0.0874,0.6686,0,,
partial,exploration,random,13,0.35,18351,False,6,agent_win,1,33,,0.4188,0.929,0,29,
partial,exploration,greedy,13,0.35,18351,False,6,agent_win,1,33,,0.4106,0.929,0,29,
partial,exploration,beam,13,0.35,18351,False,6,pursuer_win,0,18,,0.3206,0.6923,0,,
partial,exploration,astar,13,0.35,18351,False,6,agent_win,1,33,,0.4307,0.929,0,29,
partial,online_astar,random,13,0.35,18351,True,2,agent_win,1,27,,5.6239,0.5325,4,,
partial,online_astar,greedy,13,0.35,18351,True,2,agent_win,1,33,,5.8489,0.5799,4,,
partial,online_astar,beam,13,0.35,18351,True,2,pursuer_win,0,20,,5.3654,0.4201,2,,
partial,online_astar,astar,13,0.35,18351,True,2,pursuer_win,0,20,,5.4531,0.4201,2,,
partial,online_lrta,random,13,0.35,18351,True,2,agent_win,1,33,,0.2014,0.5621,3,,
partial,online_lrta,greedy,13,0.35,18351,True,2,agent_win,1,39,,0.2048,0.5858,4,,
partial,online_lrta,beam,13,0.35,18351,True,2,pursuer_win,0,15,,0.0991,0.2899,2,,
partial,online_lrta,astar,13,0.35,18351,True,2,pursuer_win,0,23,,0.1424,0.432,3,,
partial,exploration,random,13,0.35,18351,True,2,agent_win,1,47,,0.4786,0.6923,7,47,
partial,exploration,greedy,13,0.35,18351,True,2,pursuer_win,0,17,,0.2187,0.3669,2,,
partial,exploration,beam,13,0.35,18351,True,2,pursuer_win,0,15,,0.1991,0.3314,2,,
partial,exploration,astar,13,0.35,18351,True,2,pursuer_win,0,14,,0.1719,0.3077,2,,
partial,online_astar,random,13,0.35,18351,True,4,agent_win,1,25,,4.1551,0.7692,4,,
partial,online_astar,greedy,13,0.35,18351,True,4,agent_win,1,27,,4.3585,0.7751,3,,
partial,online_astar,beam,13,0.35,18351,True,4,pursuer_win,0,13,,3.747,0.568,2,,
partial,online_astar,astar,13,0.35,18351,True,4,pursuer_win,0,13,,3.7645,0.568,2,,
partial,online_lrta,random,13,0.35,18351,True,4,agent_win,1,33,,0.1917,0.7751,3,,
partial,online_lrta,greedy,13,0.35,18351,True,4,agent_win,1,39,,0.2029,0.7929,4,,
partial,online_lrta,beam,13,0.35,18351,True,4,pursuer_win,0,15,,0.1099,0.4911,2,,
partial,online_lrta,astar,13,0.35,18351,True,4,pursuer_win,0,23,,0.1412,0.6568,3,,
partial,exploration,random,13,0.35,18351,True,4,agent_win,1,45,,0.5598,0.8521,5,43,
partial,exploration,greedy,13,0.35,18351,True,4,pursuer_win,0,27,,0.3282,0.8166,3,,
partial,exploration,beam,13,0.35,18351,True,4,pursuer_win,0,17,,0.2527,0.5621,2,,
partial,exploration,astar,13,0.35,18351,True,4,pursuer_win,0,38,,0.6453,0.8935,5,,
partial,online_astar,random,13,0.35,18351,True,6,agent_win,1,23,,3.5971,0.9112,4,,
partial,online_astar,greedy,13,0.35,18351,True,6,agent_win,1,23,,3.6685,0.9112,3,,
partial,online_astar,beam,13,0.35,18351,True,6,pursuer_win,0,13,,3.3779,0.7692,2,,
partial,online_astar,astar,13,0.35,18351,True,6,pursuer_win,0,13,,3.9702,0.7692,2,,
partial,online_lrta,random,13,0.35,18351,True,6,agent_win,1,33,,0.1922,0.9112,3,,
partial,online_lrta,greedy,13,0.35,18351,True,6,agent_win,1,39,,0.2148,0.929,4,,
partial,online_lrta,beam,13,0.35,18351,True,6,pursuer_win,0,15,,0.0999,0.6982,2,,
partial,online_lrta,astar,13,0.35,18351,True,6,pursuer_win,0,23,,0.1518,0.8462,3,,
partial,exploration,random,13,0.35,18351,True,6,agent_win,1,33,,0.4557,0.9349,4,29,
partial,exploration,greedy,13,0.35,18351,True,6,agent_win,1,33,,0.4414,0.929,4,29,
partial,exploration,beam,13,0.35,18351,True,6,pursuer_win,0,18,,0.3122,0.6923,2,,
partial,exploration,astar,13,0.35,18351,True,6,agent_win,1,33,,0.4565,0.929,4,29,
partial,online_astar,random,13,0.35,18352,False,2,agent_win,1,43,,6.2695,0.6391,0,,
partial,online_astar,greedy,13,0.35,18352,False,2,agent_win,1,43,,6.0659,0.6391,0,,
partial,online_astar,beam,13,0.35,18352,False,2,agent_win,1,43,,6.3004,0.6391,0,,
partial,online_astar,astar,13,0.35,18352,False,2,agent_win,1,43,,6.3871,0.6391,0,,
partial,online_lrta,random,13,0.35,18352,False,2,agent_win,1,47,,0.2295,0.645,0,,
partial,online_lrta,greedy,13,0.35,18352,False,2,agent_win,1,47,,0.2148,0.645,0,,
partial,online_lrta,beam,13,0.35,18352,False,2,agent_win,1,47,,0.2148,0.645,0,,
partial,online_lrta,astar,13,0.35,18352,False,2,agent_win,1,47,,0.2128,0.645,0,,
partial,exploration,random,13,0.35,18352,False,2,agent_win,1,91,,1.0013,0.9822,0,91,
partial,exploration,greedy,13,0.35,18352,False,2,agent_win,1,91,,0.9114,0.9822,0,91,
partial,exploration,beam,13,0.35,18352,False,2,agent_win,1,91,,0.9068,0.9822,0,91,
partial,exploration,astar,13,0.35,18352,False,2,agent_win,1,91,,0.9152,0.9822,0,91,
partial,online_astar,random,13,0.35,18352,False,4,agent_win,1,33,,5.1068,0.8107,0,,
partial,online_astar,greedy,13,0.35,18352,False,4,agent_win,1,33,,5.0941,0.8107,0,,
partial,online_astar,beam,13,0.35,18352,False,4,agent_win,1,33,,5.0206,0.8107,0,,
partial,online_astar,astar,13,0.35,18352,False,4,agent_win,1,33,,5.1395,0.8107,0,,
partial,online_lrta,random,13,0.35,18352,False,4,agent_win,1,47,,0.2289,0.8284,0,,
partial,online_lrta,greedy,13,0.35,18352,False,4,agent_win,1,47,,0.217,0.8284,0,,
partial,online_lrta,beam,13,0.35,18352,False,4,agent_win,1,47,,0.2189,0.8284,0,,
partial,online_lrta,astar,13,0.35,18352,False,4,agent_win,1,47,,0.2165,0.8284,0,,
partial,exploration,random,13,0.35,18352,False,4,agent_win,1,57,,0.7462,0.9882,0,55,
partial,exploration,greedy,13,0.35,18352,False,4,agent_win,1,57,,0.7471,0.9882,0,55,
partial,exploration,beam,13,0.35,18352,False,4,agent_win,1,57,,0.7373,0.9882,0,55,
partial,exploration,astar,13,0.35,18352,False,4,agent_win,1,57,,0.7337,0.9882,0,55,
partial,online_astar,random,13,0.35,18352,False,6,agent_win,1,29,,4.6414,0.9112,0,,
partial,online_astar,greedy,13,0.35,18352,False,6,agent_win,1,29,,4.5476,0.9112,0,,
partial,online_astar,beam,13,0.35,18352,False,6,agent_win,1,29,,4.5264,0.9112,0,,
partial,online_astar,astar,13,0.35,18352,False,6,agent_win,1,29,,4.7848,0.9112,0,,
partial,online_lrta,random,13,0.35,18352,False,6,agent_win,1,47,,0.2816,0.9112,0,,
partial,online_lrta,greedy,13,0.35,18352,False,6,agent_win,1,47,,0.2265,0.9112,0,,
partial,online_lrta,beam,13,0.35,18352,False,6,agent_win,1,47,,0.2242,0.9112,0,,
partial,online_lrta,astar,13,0.35,18352,False,6,agent_win,1,47,,0.2191,0.9112,0,,
partial,exploration,random,13,0.35,18352,False,6,agent_win,1,45,,0.6618,1.0,0,41,
partial,exploration,greedy,13,0.35,18352,False,6,agent_win,1,45,,0.6854,1.0,0,41,
partial,exploration,beam,13,0.35,18352,False,6,agent_win,1,45,,0.622,1.0,0,41,
partial,exploration,astar,13,0.35,18352,False,6,agent_win,1,45,,1.2402,1.0,0,41,
partial,online_astar,random,13,0.35,18352,True,2,agent_win,1,41,,5.7672,0.6391,7,,
partial,online_astar,greedy,13,0.35,18352,True,2,agent_win,1,41,,6.2828,0.6391,7,,
partial,online_astar,beam,13,0.35,18352,True,2,agent_win,1,41,,6.0318,0.6391,7,,
partial,online_astar,astar,13,0.35,18352,True,2,agent_win,1,41,,6.1178,0.6391,7,,
partial,online_lrta,random,13,0.35,18352,True,2,agent_win,1,39,,0.2006,0.645,6,,
partial,online_lrta,greedy,13,0.35,18352,True,2,agent_win,1,39,,0.1851,0.645,6,,
partial,online_lrta,beam,13,0.35,18352,True,2,agent_win,1,39,,0.1848,0.645,6,,
partial,online_lrta,astar,13,0.35,18352,True,2,agent_win,1,39,,0.1832,0.645,6,,
partial,exploration,random,13,0.35,18352,True,2,agent_win,1,105,,1.4786,0.9527,17,105,
partial,exploration,greedy,13,0.35,18352,True,2,agent_win,1,105,,1.4537,0.9527,17,105,
partial,exploration,beam,13,0.35,18352,True,2,agent_win,1,105,,1.4343,0.9527,17,105,
partial,exploration,astar,13,0.35,18352,True,2,agent_win,1,105,,1.4337,0.9527,17,105,
partial,online_astar,random,13,0.35,18352,True,4,agent_win,1,33,,4.9994,0.8166,5,,
partial,online_astar,greedy,13,0.35,18352,True,4,agent_win,1,33,,5.0436,0.8166,5,,
partial,online_astar,beam,13,0.35,18352,True,4,agent_win,1,33,,4.9413,0.8166,5,,
partial,online_astar,astar,13,0.35,18352,True,4,agent_win,1,33,,4.9444,0.8166,5,,
partial,online_lrta,random,13,0.35,18352,True,4,agent_win,1,39,,0.2065,0.8284,6,,
partial,online_lrta,greedy,13,0.35,18352,True,4,agent_win,1,39,,0.1958,0.8284,6,,
partial,online_lrta,beam,13,0.35,18352,True,4,agent_win,1,39,,0.1975,0.8284,6,,
partial,online_lrta,astar,13,0.35,18352,True,4,agent_win,1,39,,0.1991,0.8284,6,,
partial,exploration,random,13,0.35,18352,True,4,agent_win,1,59,,0.7261,0.9704,10,57,
partial,exploration,greedy,13,0.35,18352,True,4,agent_win,1,59,,0.7226,0.9704,10,57,
partial,exploration,beam,13,0.35,18352,True,4,agent_win,1,59,,0.7163,0.9704,10,57,
partial,exploration,astar,13,0.35,18352,True,4,agent_win,1,59,,0.713,0.9704,10,57,
partial,online_astar,random,13,0.35,18352,True,6,agent_win,1,29,,4.3936,0.9112,5,,
partial,online_astar,greedy,13,0.35,18352,True,6,agent_win,1,29,,4.358,0.9112,5,,
partial,online_astar,beam,13,0.35,18352,True,6,agent_win,1,29,,4.3924,0.9112,5,,
partial,online_astar,astar,13,0.35,18352,True,6,agent_win,1,29,,4.4182,0.9112,5,,
partial,online_lrta,random,13,0.35,18352,True,6,agent_win,1,39,,0.2126,0.9172,6,,
partial,online_lrta,greedy,13,0.35,18352,True,6,agent_win,1,39,,0.2067,0.9172,6,,
partial,online_lrta,beam,13,0.35,18352,True,6,agent_win,1,39,,0.1984,0.9172,6,,
partial,online_lrta,astar,13,0.35,18352,True,6,agent_win,1,39,,0.2013,0.9172,6,,
partial,exploration,random,13,0.35,18352,True,6,agent_win,1,35,,0.4869,0.9408,6,31,
partial,exploration,greedy,13,0.35,18352,True,6,agent_win,1,35,,0.4362,0.9408,6,31,
partial,exploration,beam,13,0.35,18352,True,6,agent_win,1,35,,0.4329,0.9408,6,31,
partial,exploration,astar,13,0.35,18352,True,6,agent_win,1,35,,0.4363,0.9408,6,31,
partial,online_astar,random,13,0.35,18353,False,2,pursuer_win,0,29,,6.4413,0.4734,0,,
partial,online_astar,greedy,13,0.35,18353,False,2,pursuer_win,0,26,,5.5611,0.4734,0,,
partial,online_astar,beam,13,0.35,18353,False,2,pursuer_win,0,10,,4.321,0.2367,0,,
partial,online_astar,astar,13,0.35,18353,False,2,pursuer_win,0,10,,3.9789,0.2367,0,,
partial,online_lrta,random,13,0.35,18353,False,2,agent_win,1,33,,0.1524,0.5207,0,,
partial,online_lrta,greedy,13,0.35,18353,False,2,agent_win,1,33,,0.1474,0.5207,0,,
partial,online_lrta,beam,13,0.35,18353,False,2,pursuer_win,0,10,,0.0609,0.2367,0,,
partial,online_lrta,astar,13,0.35,18353,False,2,pursuer_win,0,10,,0.062,0.2367,0,,
partial,exploration,random,13,0.35,18353,False,2,pursuer_win,0,23,,0.2765,0.3846,0,,
partial,exploration,greedy,13,0.35,18353,False,2,pursuer_win,0,25,,0.2917,0.432,0,,
partial,exploration,beam,13,0.35,18353,False,2,pursuer_win,0,14,,0.2096,0.2367,0,,
partial,exploration,astar,13,0.35,18353,False,2,pursuer_win,0,14,,0.2032,0.2367,0,,
partial,online_astar,random,13,0.35,18353,False,4,agent_win,1,23,,3.7716,0.7041,0,,
partial,online_astar,greedy,13,0.35,18353,False,4,agent_win,1,23,,3.6124,0.7041,0,,
partial,online_astar,beam,13,0.35,18353,False,4,agent_win,1,23,,3.7186,0.7041,0,,
partial,online_astar,astar,13,0.35,18353,False,4,agent_win,1,23,,4.0329,0.7041,0,,
partial,online_lrta,random,13,0.35,18353,False,4,agent_win,1,33,,0.2153,0.7633,0,,
partial,online_lrta,greedy,13,0.35,18353,False,4,agent_win,1,33,,0.2496,0.7633,0,,
partial,online_lrta,beam,13,0.35,18353,False,4,pursuer_win,0,10,,0.104,0.4024,0,,
partial,online_lrta,astar,13,0.35,18353,False,4,pursuer_win,0,10,,0.0886,0.4024,0,,
partial,exploration,random,13,0.35,18353,False,4,agent_win,1,49,,0.57,0.8225,0,47,
partial,exploration,greedy,13,0.35,18353,False,4,agent_win,1,49,,0.5154,0.8225,0,47,
partial,exploration,beam,13,0.35,18353,False,4,pursuer_win,0,13,,0.2432,0.4142,0,,
partial,exploration,astar,13,0.35,18353,False,4,pursuer_win,0,13,,0.3321,0.4142,0,,
partial,online_astar,random,13,0.35,18353,False,6,agent_win,1,23,,3.5073,0.8698,0,,
partial,online_astar,greedy,13,0.35,18353,False,6,agent_win,1,23,,3.0534,0.8698,0,,
partial,online_astar,beam,13,0.35,18353,False,6,agent_win,1,23,,3.0694,0.8698,0,,
partial,online_astar,astar,13,0.35,18353,False,6,agent_win,1,23,,3.2094,0.8698,0,,
partial,online_lrta,random,13,0.35,18353,False,6,agent_win,1,33,,0.1736,0.9231,0,,
partial,online_lrta,greedy,13,0.35,18353,False,6,agent_win,1,33,,0.1716,0.9231,0,,
partial,online_lrta,beam,13,0.35,18353,False,6,pursuer_win,0,10,,0.068,0.5858,0,,
partial,online_lrta,astar,13,0.35,18353,False,6,pursuer_win,0,10,,0.0673,0.5858,0,,
partial,exploration,random,13,0.35,18353,False,6,agent_win,1,25,,0.2684,0.8876,0,21,
partial,exploration,greedy,13,0.35,18353,False,6,agent_win,1,25,,0.2683,0.8876,0,21,
partial,exploration,beam,13,0.35,18353,False,6,agent_win,1,25,,0.3397,0.8876,0,21,
partial,exploration,astar,13,0.35,18353,False,6,agent_win,1,25,,0.2735,0.8876,0,21,
partial,online_astar,random,13,0.35,18353,True,2,pursuer_win,0,15,,5.0292,0.3432,2,,
partial,online_astar,greedy,13,0.35,18353,True,2,agent_win,1,75,,11.6384,0.8284,10,,
partial,online_astar,beam,13,0.35,18353,True,2,pursuer_win,0,9,,3.2527,0.2426,1,,
partial,online_astar,astar,13,0.35,18353,True,2,pursuer_win,0,9,,3.2434,0.2426,1,,
partial,online_lrta,random,13,0.35,18353,True,2,agent_win,1,33,,0.1812,0.5266,5,,
partial,online_lrta,greedy,13,0.35,18353,True,2,agent_win,1,35,,0.1887,0.5503,6,,
partial,online_lrta,beam,13,0.35,18353,True,2,pursuer_win,0,10,,0.0707,0.2249,1,,
partial,online_lrta,astar,13,0.35,18353,True,2,pursuer_win,0,10,,0.0681,0.2249,1,,
partial,exploration,random,13,0.35,18353,True,2,pursuer_win,0,22,,0.2906,0.355,3,,
partial,exploration,greedy,13,0.35,18353,True,2,agent_win,1,55,,0.4823,0.6805,9,55,
partial,exploration,beam,13,0.35,18353,True,2,pursuer_win,0,14,,0.1692,0.2367,2,,
partial,exploration,astar,13,0.35,18353,True,2,pursuer_win,0,14,,0.1675,0.2367,2,,
partial,online_astar,random,13,0.35,18353,True,4,agent_win,1,23,,3.6537,0.7041,4,,
partial,online_astar,greedy,13,0.35,18353,True,4,agent_win,1,43,,5.2707,0.7633,7,,
partial,online_astar,beam,13,0.35,18353,True,4,pursuer_win,0,9,,3.0234,0.4201,1,,
partial,online_astar,astar,13,0.35,18353,True,4,pursuer_win,0,9,,3.2928,0.4201,1,,
partial,online_lrta,random,13,0.35,18353,True,4,agent_win,1,33,,0.1656,0.7692,5,,
partial,online_lrta,greedy,13,0.35,18353,True,4,agent_win,1,35,,0.1694,0.8107,6,,
partial,online_lrta,beam,13,0.35,18353,True,4,pursuer_win,0,10,,0.0617,0.3905,1,,
partial,online_lrta,astar,13,0.35,18353,True,4,pursuer_win,0,10,,0.0627,0.3905,1,,
partial,exploration,random,13,0.35,18353,True,4,agent_win,1,47,,0.5359,0.8225,7,45,
partial,exploration,greedy,13,0.35,18353,True,4,agent_win,1,31,,0.3795,0.8166,5,29,
partial,exploration,beam,13,0.35,18353,True,4,agent_win,1,31,,0.3942,0.8166,5,29,
partial,exploration,astar,13,0.35,18353,True,4,agent_win,1,31,,0.3982,0.8166,5,29,
partial,online_astar,random,13,0.35,18353,True,6,agent_win,1,23,,3.0699,0.8698,4,,
partial,online_astar,greedy,13,0.35,18353,True,6,agent_win,1,75,,8.9666,1.0,10,,
partial,online_astar,beam,13,0.35,18353,True,6,pursuer_win,0,9,,2.6579,0.6154,1,,
partial,online_astar,astar,13,0.35,18353,True,6,pursuer_win,0,9,,2.6329,0.6154,1,,
partial,online_lrta,random,13,0.35,18353,True,6,agent_win,1,33,,0.1903,0.9231,5,,
partial,online_lrta,greedy,13,0.35,18353,True,6,agent_win,1,35,,0.2066,0.9467,6,,
partial,online_lrta,beam,13,0.35,18353,True,6,pursuer_win,0,10,,0.0719,0.574,1,,
partial,online_lrta,astar,13,0.35,18353,True,6,pursuer_win,0,10,,0.0745,0.574,1,,
partial,exploration,random,13,0.35,18353,True,6,agent_win,1,25,,0.3168,0.8876,4,21,
partial,exploration,greedy,13,0.35,18353,True,6,agent_win,1,43,,1.549,0.8817,7,,
partial,exploration,beam,13,0.35,18353,True,6,pursuer_win,0,9,,0.1575,0.6154,1,,
partial,exploration,astar,13,0.35,18353,True,6,pursuer_win,0,9,,0.1472,0.6154,1,,
partial,online_astar,random,13,0.35,18354,False,2,pursuer_win,0,10,,3.9325,0.2485,0,,
partial,online_astar,greedy,13,0.35,18354,False,2,pursuer_win,0,8,,3.1397,0.2012,0,,
partial,online_astar,beam,13,0.35,18354,False,2,pursuer_win,0,6,,2.7185,0.1598,0,,
partial,online_astar,astar,13,0.35,18354,False,2,pursuer_win,0,6,,2.9383,0.1598,0,,
partial,online_lrta,random,13,0.35,18354,False,2,pursuer_win,0,10,,0.0656,0.2485,0,,
partial,online_lrta,greedy,13,0.35,18354,False,2,pursuer_win,0,8,,0.0442,0.2012,0,,
partial,online_lrta,beam,13,0.35,18354,False,2,pursuer_win,0,6,,0.0408,0.1598,0,,
partial,online_lrta,astar,13,0.35,18354,False,2,pursuer_win,0,6,,0.0386,0.1598,0,,
partial,exploration,random,13,0.35,18354,False,2,pursuer_win,0,10,,0.1475,0.2485,0,,
partial,exploration,greedy,13,0.35,18354,False,2,pursuer_win,0,8,,0.0915,0.2012,0,,
partial,exploration,beam,13,0.35,18354,False,2,pursuer_win,0,6,,0.0775,0.1598,0,,
partial,exploration,astar,13,0.35,18354,False,2,pursuer_win,0,6,,0.1151,0.1598,0,,
partial,online_astar,random,13,0.35,18354,False,4,pursuer_win,0,10,,3.6431,0.4083,0,,
partial,online_astar,greedy,13,0.35,18354,False,4,pursuer_win,0,8,,3.2078,0.3609,0,,
partial,online_astar,beam,13,0.35,18354,False,4,pursuer_win,0,6,,2.4268,0.2959,0,,
partial,online_astar,astar,13,0.35,18354,False,4,pursuer_win,0,6,,2.4817,0.2959,0,,
partial,online_lrta,random,13,0.35,18354,False,4,pursuer_win,0,10,,0.0684,0.4083,0,,
partial,online_lrta,greedy,13,0.35,18354,False,4,pursuer_win,0,8,,0.0424,0.3609,0,,
partial,online_lrta,beam,13,0.35,18354,False,4,pursuer_win,0,6,,0.0433,0.2959,0,,
partial,online_lrta,astar,13,0.35,18354,False,4,pursuer_win,0,6,,0.0437,0.2959,0,,
partial,exploration,random,13,0.35,18354,False,4,pursuer_win,0,10,,0.1583,0.4083,0,,
partial,exploration,greedy,13,0.35,18354,False,4,pursuer_win,0,8,,0.126,0.3609,0,,
partial,exploration,beam,13,0.35,18354,False,4,pursuer_win,0,6,,0.0758,0.2959,0,,
partial,exploration,astar,13,0.35,18354,False,4,pursuer_win,0,6,,0.0948,0.2959,0,,
partial,online_astar,random,13,0.35,18354,False,6,pursuer_win,0,10,,2.8514,0.5621,0,,
partial,online_astar,greedy,13,0.35,18354,False,6,pursuer_win,0,8,,2.5071,0.5207,0,,
partial,online_astar,beam,13,0.35,18354,False,6,pursuer_win,0,6,,2.0423,0.4556,0,,
partial,online_astar,astar,13,0.35,18354,False,6,pursuer_win,0,6,,2.1027,0.4556,0,,
partial,online_lrta,random,13,0.35,18354,False,6,pursuer_win,0,10,,0.0606,0.5621,0,,
partial,online_lrta,greedy,13,0.35,18354,False,6,pursuer_win,0,8,,0.0514,0.5207,0,,
partial,online_lrta,beam,13,0.35,18354,False,6,pursuer_win,0,6,,0.0427,0.4556,0,,
partial,online_lrta,astar,13,0.35,18354,False,6,pursuer_win,0,6,,0.0449,0.4556,0,,
partial,exploration,random,13,0.35,18354,False,6,pursuer_win,0,10,,0.1533,0.5621,0,,
partial,exploration,greedy,13,0.35,18354,False,6,pursuer_win,0,8,,0.1154,0.5207,0,,
partial,exploration,beam,13,0.35,18354,False,6,pursuer_win,0,6,,0.1165,0.4556,0,,
partial,exploration,astar,13,0.35,18354,False,6,pursuer_win,0,6,,0.1082,0.4556,0,,
partial,online_astar,random,13,0.35,18354,True,2,agent_win,1,41,,5.7648,0.7219,6,,
partial,online_astar,greedy,13,0.35,18354,True,2,pursuer_win,0,8,,3.2238,0.2012,0,,
partial,online_astar,beam,13,0.35,18354,True,2,pursuer_win,0,6,,2.9955,0.1598,0,,
partial,online_astar,astar,13,0.35,18354,True,2,pursuer_win,0,6,,2.7629,0.1598,0,,
partial,online_lrta,random,13,0.35,18354,True,2,agent_win,1,49,,0.2592,0.7278,6,,
partial,online_lrta,greedy,13,0.35,18354,True,2,pursuer_win,0,8,,0.0475,0.2012,0,,
partial,online_lrta,beam,13,0.35,18354,True,2,pursuer_win,0,6,,0.0422,0.1598,0,,
partial,online_lrta,astar,13,0.35,18354,True,2,pursuer_win,0,6,,0.0421,0.1598,0,,
partial,exploration,random,13,0.35,18354,True,2,pursuer_win,0,66,,1.0899,0.6568,9,,
partial,exploration,greedy,13,0.35,18354,True,2,pursuer_win,0,8,,0.0988,0.2012,0,,
partial,exploration,beam,13,0.35,18354,True,2,pursuer_win,0,6,,0.0772,0.1598,0,,
partial,exploration,astar,13,0.35,18354,True,2,pursuer_win,0,6,,0.0771,0.1598,0,,
partial,online_astar,random,13,0.35,18354,True,4,agent_win,1,37,,5.3235,0.9112,6,,
partial,online_astar,greedy,13,0.35,18354,True,4,pursuer_win,0,8,,2.8838,0.3609,0,,
partial,online_astar,beam,13,0.35,18354,True,4,pursuer_win,0,6,,2.437,0.2959,0,,
partial,online_astar,astar,13,0.35,18354,True,4,pursuer_win,0,6,,2.4456,0.2959,0,,
partial,online_lrta,random,13,0.35,18354,True,4,agent_win,1,49,,0.2658,0.9112,6,,
partial,online_lrta,greedy,13,0.35,18354,True,4,pursuer_win,0,8,,0.0493,0.3609,0,,
partial,online_lrta,beam,13,0.35,18354,True,4,pursuer_win,0,6,,0.0426,0.2959,0,,
partial,online_lrta,astar,13,0.35,18354,True,4,pursuer_win,0,6,,0.0486,0.2959,0,,
partial,exploration,random,13,0.35,18354,True,4,agent_win,1,51,,0.6278,1.0,8,49,
partial,exploration,greedy,13,0.35,18354,True,4,pursuer_win,0,8,,0.1336,0.3609,0,,
partial,exploration,beam,13,0.35,18354,True,4,pursuer_win,0,6,,0.08,0.2959,0,,
partial,exploration,astar,13,0.35,18354,True,4,pursuer_win,0,6,,0.0792,0.2959,0,,
partial,online_astar,random,13,0.35,18354,True,6,agent_win,1,35,,4.6501,0.9822,6,,
partial,online_astar,greedy,13,0.35,18354,True,6,pursuer_win,0,8,,2.4665,0.5207,0,,
partial,online_astar,beam,13,0.35,18354,True,6,pursuer_win,0,6,,2.056,0.4556,0,,
partial,online_astar,astar,13,0.35,18354,True,6,pursuer_win,0,6,,2.1194,0.4556,0,,
partial,online_lrta,random,13,0.35,18354,True,6,agent_win,1,49,,0.2745,0.9822,6,,
partial,online_lrta,greedy,13,0.35,18354,True,6,pursuer_win,0,8,,0.0506,0.5207,0,,
partial,online_lrta,beam,13,0.35,18354,True,6,pursuer_win,0,6,,0.0426,0.4556,0,,
partial,online_lrta,astar,13,0.35,18354,True,6,pursuer_win,0,6,,0.0416,0.4556,0,,
partial,exploration,random,13,0.35,18354,True,6,agent_win,1,41,,0.511,0.9822,6,19,
partial,exploration,greedy,13,0.35,18354,True,6,pursuer_win,0,8,,0.1266,0.5207,0,,
partial,exploration,beam,13,0.35,18354,True,6,pursuer_win,0,6,,0.1227,0.4556,0,,
partial,exploration,astar,13,0.35,18354,True,6,pursuer_win,0,6,,0.1205,0.4556,0,,
partial,online_astar,random,17,0.15,22150,False,2,agent_win,1,33,,9.3229,0.3529,0,,
partial,online_astar,greedy,17,0.15,22150,False,2,pursuer_win,0,10,,6.884,0.1384,0,,
partial,online_astar,beam,17,0.15,22150,False,2,pursuer_win,0,8,,6.3404,0.1142,0,,
partial,online_astar,astar,17,0.15,22150,False,2,pursuer_win,0,8,,6.5122,0.1142,0,,
partial,online_lrta,random,17,0.15,22150,False,2,agent_win,1,33,,0.1632,0.3529,0,,
partial,online_lrta,greedy,17,0.15,22150,False,2,pursuer_win,0,10,,0.0525,0.1384,0,,
partial,online_lrta,beam,17,0.15,22150,False,2,pursuer_win,0,8,,0.0647,0.1142,0,,
partial,online_lrta,astar,17,0.15,22150,False,2,pursuer_win,0,8,,0.0503,0.1142,0,,
partial,exploration,random,17,0.15,22150,False,2,pursuer_win,0,58,,0.621,0.5986,0,,
partial,exploration,greedy,17,0.15,22150,False,2,pursuer_win,0,10,,0.1074,0.1384,0,,
partial,exploration,beam,17,0.15,22150,False,2,pursuer_win,0,8,,0.0972,0.1142,0,,
partial,exploration,astar,17,0.15,22150,False,2,pursuer_win,0,8,,0.0942,0.1142,0,,
partial,online_astar,random,17,0.15,22150,False,4,agent_win,1,33,,8.621,0.526,0,,
partial,online_astar,greedy,17,0.15,22150,False,4,pursuer_win,0,10,,7.6491,0.2457,0,,
partial,online_astar,beam,17,0.15,22150,False,4,pursuer_win,0,8,,6.9179,0.2076,0,,
partial,online_astar,astar,17,0.15,22150,False,4,pursuer_win,0,8,,9.6162,0.2076,0,,
partial,online_lrta,random,17,0.15,22150,False,4,agent_win,1,33,,0.1677,0.526,0,,
partial,online_lrta,greedy,17,0.15,22150,False,4,pursuer_win,0,10,,0.0548,0.2457,0,,
partial,online_lrta,beam,17,0.15,22150,False,4,pursuer_win,0,8,,0.0638,0.2076,0,,
partial,online_lrta,astar,17,0.15,22150,False,4,pursuer_win,0,8,,0.0614,0.2076,0,,
partial,exploration,random,17,0.15,22150,False,4,pursuer_win,0,24,,0.4006,0.4048,0,,
partial,exploration,greedy,17,0.15,22150,False,4,pursuer_win,0,10,,0.1967,0.2457,0,,
partial,exploration,beam,17,0.15,22150,False,4,pursuer_win,0,8,,0.1371,0.2076,0,,
partial,exploration,astar,17,0.15,22150,False,4,pursuer_win,0,8,,0.1538,0.2076,0,,
partial,online_astar,random,17,0.15,22150,False,6,agent_win,1,33,,9.405,0.6713,0,,
partial,online_astar,greedy,17,0.15,22150,False,6,pursuer_win,0,10,,7.7287,0.3668,0,,
partial,online_astar,beam,17,0.15,22150,False,6,pursuer_win,0,8,,6.847,0.3149,0,,
partial,online_astar,astar,17,0.15,22150,False,6,pursuer_win,0,8,,6.5818,0.3149,0,,
partial,online_lrta,random,17,0.15,22150,False,6,agent_win,1,33,,0.1823,0.6713,0,,
partial,online_lrta,greedy,17,0.15,22150,False,6,pursuer_win,0,10,,0.0839,0.3668,0,,
partial,online_lrta,beam,17,0.15,22150,False,6,pursuer_win,0,8,,0.1135,0.3149,0,,
partial,online_lrta,astar,17,0.15,22150,False,6,pursuer_win,0,8,,0.0611,0.3149,0,,
partial,exploration,random,17,0.15,22150,False,6,agent_win,1,35,,0.5316,0.6713,0,29,
partial,exploration,greedy,17,0.15,22150,False,6,pursuer_win,0,10,,0.1615,0.3668,0,,
partial,exploration,beam,17,0.15,22150,False,6,pursuer_win,0,8,,0.1618,0.3149,0,,
partial,exploration,astar,17,0.15,22150,False,6,pursuer_win,0,8,,0.1576,0.3149,0,,
partial,online_astar,random,17,0.15,22150,True,2,pursuer_win,0,20,,8.9051,0.2388,2,,
partial,online_astar,greedy,17,0.15,22150,True,2,pursuer_win,0,10,,7.5009,0.1384,1,,
partial,online_astar,beam,17,0.15,22150,True,2,pursuer_win,0,8,,6.4025,0.1142,1,,
partial,online_astar,astar,17,0.15,22150,True,2,pursuer_win,0,8,,6.3931,0.1142,1,,
partial,online_lrta,random,17,0.15,22150,True,2,pursuer_win,0,20,,0.1172,0.2388,2,,
partial,online_lrta,greedy,17,0.15,22150,True,2,pursuer_win,0,10,,0.0555,0.1384,1,,
partial,online_lrta,beam,17,0.15,22150,True,2,pursuer_win,0,8,,0.0539,0.1142,1,,
partial,online_lrta,astar,17,0.15,22150,True,2,pursuer_win,0,8,,0.0525,0.1142,1,,
partial,exploration,random,17,0.15,22150,True,2,agent_win,1,125,,1.474,1.0,19,125,
partial,exploration,greedy,17,0.15,22150,True,2,pursuer_win,0,10,,0.1154,0.1384,1,,
partial,exploration,beam,17,0.15,22150,True,2,pursuer_win,0,8,,0.0977,0.1142,1,,
partial,exploration,astar,17,0.15,22150,True,2,pursuer_win,0,8,,0.0979,0.1142,1,,
partial,online_astar,random,17,0.15,22150,True,4,pursuer_win,0,20,,8.7372,0.3599,2,,
partial,online_astar,greedy,17,0.15,22150,True,4,pursuer_win,0,10,,7.2638,0.2457,1,,
partial,online_astar,beam,17,0.15,22150,True,4,pursuer_win,0,8,,6.4556,0.2076,1,,
partial,online_astar,astar,17,0.15,22150,True,4,pursuer_win,0,8,,6.4694,0.2076,1,,
partial,online_lrta,random,17,0.15,22150,True,4,pursuer_win,0,20,,0.1269,0.3599,2,,
partial,online_lrta,greedy,17,0.15,22150,True,4,pursuer_win,0,10,,0.0581,0.2457,1,,
partial,online_lrta,beam,17,0.15,22150,True,4,pursuer_win,0,8,,0.0527,0.2076,1,,
partial,online_lrta,astar,17,0.15,22150,True,4,pursuer_win,0,8,,0.0518,0.2076,1,,
partial,exploration,random,17,0.15,22150,True,4,agent_win,1,79,,1.2356,1.0,12,77,
partial,exploration,greedy,17,0.15,22150,True,4,pursuer_win,0,10,,0.1393,0.2457,1,,
partial,exploration,beam,17,0.15,22150,True,4,pursuer_win,0,8,,0.1385,0.2076,1,,
partial,exploration,astar,17,0.15,22150,True,4,pursuer_win,0,8,,0.1368,0.2076,1,,
partial,online_astar,random,17,0.15,22150,True,6,pursuer_win,0,20,,8.465,0.4775,2,,
partial,online_astar,greedy,17,0.15,22150,True,6,pursuer_win,0,10,,7.2346,0.3668,1,,
partial,online_astar,beam,17,0.15,22150,True,6,pursuer_win,0,8,,6.5549,0.3149,1,,
partial,online_astar,astar,17,0.15,22150,True,6,pursuer_win,0,8,,6.5042,0.3149,1,,
partial,online_lrta,random,17,0.15,22150,True,6,pursuer_win,0,20,,0.1264,0.4775,2,,
partial,online_lrta,greedy,17,0.15,22150,True,6,pursuer_win,0,10,,0.0628,0.3668,1,,
partial,online_lrta,beam,17,0.15,22150,True,6,pursuer_win,0,8,,0.0585,0.3149,1,,
partial,online_lrta,astar,17,0.15,22150,True,6,pursuer_win,0,8,,0.0545,0.3149,1,,
partial,exploration,random,17,0.15,22150,True,6,pursuer_win,0,20,,0.3924,0.4775,2,,
partial,exploration,greedy,17,0.15,22150,True,6,pursuer_win,0,10,,0.1595,0.3668,1,,
partial,exploration,beam,17,0.15,22150,True,6,pursuer_win,0,8,,0.1603,0.3149,1,,
partial,exploration,astar,17,0.15,22150,True,6,pursuer_win,0,8,,0.1598,0.3149,1,,
partial,online_astar,random,17,0.15,22151,False,2,agent_win,1,33,,9.6691,0.3599,0,,
partial,online_astar,greedy,17,0.15,22151,False,2,pursuer_win,0,11,,8.2862,0.1522,0,,
partial,online_astar,beam,17,0.15,22151,False,2,pursuer_win,0,9,,7.1035,0.128,0,,
partial,online_astar,astar,17,0.15,22151,False,2,pursuer_win,0,9,,7.1772,0.128,0,,
partial,online_lrta,random,17,0.15,22151,False,2,agent_win,1,37,,0.1719,0.3633,0,,
partial,online_lrta,greedy,17,0.15,22151,False,2,pursuer_win,0,13,,0.0634,0.1557,0,,
partial,online_lrta,beam,17,0.15,22151,False,2,pursuer_win,0,10,,0.0633,0.1176,0,,
partial,online_lrta,astar,17,0.15,22151,False,2,pursuer_win,0,10,,0.1054,0.1176,0,,
partial,exploration,random,17,0.15,22151,False,2,pursuer_win,0,28,,0.4258,0.2734,0,,
partial,exploration,greedy,17,0.15,22151,False,2,pursuer_win,0,11,,0.098,0.1522,0,,
partial,exploration,beam,17,0.15,22151,False,2,pursuer_win,0,9,,0.1037,0.128,0,,
partial,exploration,astar,17,0.15,22151,False,2,pursuer_win,0,9,,0.0914,0.128,0,,
partial,online_astar,random,17,0.15,22151,False,4,agent_win,1,33,,9.8237,0.5398,0,,
partial,online_astar,greedy,17,0.15,22151,False,4,pursuer_win,0,11,,7.7232,0.2664,0,,
partial,online_astar,beam,17,0.15,22151,False,4,pursuer_win,0,9,,7.0676,0.2284,0,,
partial,online_astar,astar,17,0.15,22151,False,4,pursuer_win,0,9,,7.0984,0.2284,0,,
partial,online_lrta,random,17,0.15,22151,False,4,agent_win,1,37,,0.1939,0.5433,0,,
partial,online_lrta,greedy,17,0.15,22151,False,4,pursuer_win,0,13,,0.07,0.2699,0,,
partial,online_lrta,beam,17,0.15,22151,False,4,pursuer_win,0,10,,0.0626,0.2111,0,,
partial,online_lrta,astar,17,0.15,22151,False,4,pursuer_win,0,10,,0.0621,0.2111,0,,
partial,exploration,random,17,0.15,22151,False,4,agent_win,1,85,,1.4392,1.0,0,83,
partial,exploration,greedy,17,0.15,22151,False,4,pursuer_win,0,11,,0.1235,0.2664,0,,
partial,exploration,beam,17,0.15,22151,False,4,pursuer_win,0,9,,0.126,0.2284,0,,
partial,exploration,astar,17,0.15,22151,False,4,pursuer_win,0,9,,0.1743,0.2284,0,,
partial,online_astar,random,17,0.15,22151,False,6,agent_win,1,33,,8.9713,0.6817,0,,
partial,online_astar,greedy,17,0.15,22151,False,6,pursuer_win,0,11,,7.3365,0.3945,0,,
partial,online_astar,beam,17,0.15,22151,False,6,pursuer_win,0,9,,6.4705,0.3426,0,,
partial,online_astar,astar,17,0.15,22151,False,6,pursuer_win,0,9,,6.5991,0.3426,0,,
partial,online_lrta,random,17,0.15,22151,False,6,agent_win,1,37,,0.1876,0.6817,0,,
partial,online_lrta,greedy,17,0.15,22151,False,6,pursuer_win,0,13,,0.0696,0.3979,0,,
partial,online_lrta,beam,17,0.15,22151,False,6,pursuer_win,0,10,,0.0619,0.3183,0,,
partial,online_lrta,astar,17,0.15,22151,False,6,pursuer_win,0,10,,0.0619,0.3183,0,,
partial,exploration,random,17,0.15,22151,False,6,agent_win,1,61,,1.4039,1.0,0,57,
partial,exploration,greedy,17,0.15,22151,False,6,pursuer_win,0,11,,0.1514,0.3945,0,,
partial,exploration,beam,17,0.15,22151,False,6,pursuer_win,0,9,,0.1517,0.3426,0,,
partial,exploration,astar,17,0.15,22151,False,6,pursuer_win,0,9,,0.1531,0.3426,0,,
partial,online_astar,random,17,0.15,22151,True,2,pursuer_win,0,18,,9.0937,0.2422,3,,
partial,online_astar,greedy,17,0.15,22151,True,2,pursuer_win,0,11,,7.6712,0.1522,2,,
partial,online_astar,beam,17,0.15,22151,True,2,pursuer_win,0,9,,6.8305,0.128,1,,
partial,online_astar,astar,17,0.15,22151,True,2,pursuer_win,0,9,,7.119,0.128,1,,
partial,online_lrta,random,17,0.15,22151,True,2,pursuer_win,0,20,,0.1221,0.2422,3,,
partial,online_lrta,greedy,17,0.15,22151,True,2,pursuer_win,0,13,,0.0721,0.1557,2,,
partial,online_lrta,beam,17,0.15,22151,True,2,pursuer_win,0,10,,0.0679,0.1176,1,,
partial,online_lrta,astar,17,0.15,22151,True,2,pursuer_win,0,10,,0.0663,0.1176,1,,
partial,exploration,random,17,0.15,22151,True,2,pursuer_win,0,18,,0.2118,0.2422,3,,
partial,exploration,greedy,17,0.15,22151,True,2,pursuer_win,0,11,,0.1139,0.1522,2,,
partial,exploration,beam,17,0.15,22151,True,2,pursuer_win,0,9,,0.1009,0.128,1,,
partial,exploration,astar,17,0.15,22151,True,2,pursuer_win,0,9,,0.2169,0.128,1,,
partial,online_astar,random,17,0.15,22151,True,4,agent_win,1,35,,9.998,0.5675,6,,
partial,online_astar,greedy,17,0.15,22151,True,4,pursuer_win,0,11,,8.4534,0.2664,2,,
partial,online_astar,beam,17,0.15,22151,True,4,pursuer_win,0,9,,7.0994,0.2284,1,,
partial,online_astar,astar,17,0.15,22151,True,4,pursuer_win,0,9,,7.1874,0.2284,1,,
partial,online_lrta,random,17,0.15,22151,True,4,pursuer_win,0,20,,0.1231,0.3841,3,,
partial,online_lrta,greedy,17,0.15,22151,True,4,pursuer_win,0,13,,0.0752,0.2699,2,,
partial,online_lrta,beam,17,0.15,22151,True,4,pursuer_win,0,10,,0.0685,0.2111,1,,
partial,online_lrta,astar,17,0.15,22151,True,4,pursuer_win,0,10,,0.0781,0.2111,1,,
partial,exploration,random,17,0.15,22151,True,4,pursuer_win,0,18,,0.3148,0.3841,3,,
partial,exploration,greedy,17,0.15,22151,True,4,pursuer_win,0,11,,0.1324,0.2664,2,,
partial,exploration,beam,17,0.15,22151,True,4,pursuer_win,0,9,,0.134,0.2284,1,,
partial,exploration,astar,17,0.15,22151,True,4,pursuer_win,0,9,,0.1293,0.2284,1,,
partial,online_astar,random,17,0.15,22151,True,6,agent_win,1,35,,8.9068,0.7024,6,,
partial,online_astar,greedy,17,0.15,22151,True,6,pursuer_win,0,11,,7.1308,0.3945,2,,
partial,online_astar,beam,17,0.15,22151,True,6,pursuer_win,0,9,,6.5269,0.3426,1,,
partial,online_astar,astar,17,0.15,22151,True,6,pursuer_win,0,9,,6.5513,0.3426,1,,
partial,online_lrta,random,17,0.15,22151,True,6,pursuer_win,0,20,,0.1677,0.5052,3,,
partial,online_lrta,greedy,17,0.15,22151,True,6,pursuer_win,0,13,,0.0733,0.3979,2,,
partial,online_lrta,beam,17,0.15,22151,True,6,pursuer_win,0,10,,0.0651,0.3183,1,,
partial,online_lrta,astar,17,0.15,22151,True,6,pursuer_win,0,10,,0.0657,0.3183,1,,
partial,exploration,random,17,0.15,22151,True,6,agent_win,1,63,,1.468,1.0,10,59,
partial,exploration,greedy,17,0.15,22151,True,6,pursuer_win,0,11,,0.1652,0.3945,2,,
partial,exploration,beam,17,0.15,22151,True,6,pursuer_win,0,9,,0.1597,0.3426,1,,
partial,exploration,astar,17,0.15,22151,True,6,pursuer_win,0,9,,0.1418,0.3426,1,,
partial,online_astar,random,17,0.15,22152,False,2,agent_win,1,31,,8.9856,0.4014,0,,
partial,online_astar,greedy,17,0.15,22152,False,2,pursuer_win,0,9,,6.5901,0.1557,0,,
partial,online_astar,beam,17,0.15,22152,False,2,pursuer_win,0,9,,7.0439,0.1557,0,,
partial,online_astar,astar,17,0.15,22152,False,2,pursuer_win,0,9,,7.116,0.1557,0,,
partial,online_lrta,random,17,0.15,22152,False,2,agent_win,1,35,,0.1761,0.4152,0,,
partial,online_lrta,greedy,17,0.15,22152,False,2,pursuer_win,0,9,,0.0491,0.1557,0,,
partial,online_lrta,beam,17,0.15,22152,False,2,pursuer_win,0,9,,0.0585,0.1557,0,,
partial,online_lrta,astar,17,0.15,22152,False,2,pursuer_win,0,9,,0.0578,0.1557,0,,
partial,exploration,random,17,0.15,22152,False,2,pursuer_win,0,22,,0.253,0.2561,0,,
partial,exploration,greedy,17,0.15,22152,False,2,pursuer_win,0,13,,0.1342,0.1626,0,,
partial,exploration,beam,17,0.15,22152,False,2,pursuer_win,0,13,,0.1642,0.1626,0,,
partial,exploration,astar,17,0.15,22152,False,2,pursuer_win,0,10,,0.1101,0.1315,0,,
partial,online_astar,random,17,0.15,22152,False,4,agent_win,1,31,,8.6148,0.5709,0,,
partial,online_astar,greedy,17,0.15,22152,False,4,pursuer_win,0,9,,6.5901,0.2561,0,,
partial,online_astar,beam,17,0.15,22152,False,4,pursuer_win,0,9,,6.6851,0.2561,0,,
partial,online_astar,astar,17,0.15,22152,False,4,pursuer_win,0,9,,6.9378,0.2561,0,,
partial,online_lrta,random,17,0.15,22152,False,4,agent_win,1,35,,0.1775,0.5744,0,,
partial,online_lrta,greedy,17,0.15,22152,False,4,pursuer_win,0,9,,0.0505,0.2561,0,,
partial,online_lrta,beam,17,0.15,22152,False,4,pursuer_win,0,9,,0.0602,0.2561,0,,
partial,online_lrta,astar,17,0.15,22152,False,4,pursuer_win,0,9,,0.0624,0.2561,0,,
partial,exploration,random,17,0.15,22152,False,4,pursuer_win,0,22,,0.4161,0.3737,0,,
partial,exploration,greedy,17,0.15,22152,False,4,pursuer_win,0,13,,0.3013,0.2768,0,,
partial,exploration,beam,17,0.15,22152,False,4,pursuer_win,0,13,,0.336,0.2768,0,,
partial,exploration,astar,17,0.15,22152,False,4,pursuer_win,0,10,,0.2063,0.2249,0,,
partial,online_astar,random,17,0.15,22152,False,6,agent_win,1,31,,9.5709,0.7093,0,,
partial,online_astar,greedy,17,0.15,22152,False,6,pursuer_win,0,9,,6.5958,0.3702,0,,
partial,online_astar,beam,17,0.15,22152,False,6,pursuer_win,0,9,,6.393,0.3702,0,,
partial,online_astar,astar,17,0.15,22152,False,6,pursuer_win,0,9,,7.2846,0.3702,0,,
partial,online_lrta,random,17,0.15,22152,False,6,agent_win,1,35,,0.1942,0.7093,0,,
partial,online_lrta,greedy,17,0.15,22152,False,6,pursuer_win,0,9,,0.0528,0.3702,0,,
partial,online_lrta,beam,17,0.15,22152,False,6,pursuer_win,0,9,,0.0559,0.3702,0,,
partial,online_lrta,astar,17,0.15,22152,False,6,pursuer_win,0,9,,0.0567,0.3702,0,,
partial,exploration,random,17,0.15,22152,False,6,pursuer_win,0,18,,0.4126,0.5087,0,,
partial,exploration,greedy,17,0.15,22152,False,6,pursuer_win,0,9,,0.1506,0.3702,0,,
partial,exploration,beam,17,0.15,22152,False,6,pursuer_win,0,9,,0.1525,0.3702,0,,
partial,exploration,astar,17,0.15,22152,False,6,pursuer_win,0,9,,0.1538,0.3702,0,,
partial,online_astar,random,17,0.15,22152,True,2,pursuer_win,0,10,,8.6905,0.1626,1,,
partial,online_astar,greedy,17,0.15,22152,True,2,pursuer_win,0,9,,6.9694,0.1557,1,,
partial,online_astar,beam,17,0.15,22152,True,2,pursuer_win,0,9,,7.165,0.1557,1,,
partial,online_astar,astar,17,0.15,22152,True,2,pursuer_win,0,9,,7.3722,0.1557,1,,
partial,online_lrta,random,17,0.15,22152,True,2,pursuer_win,0,10,,0.0753,0.1626,1,,
partial,online_lrta,greedy,17,0.15,22152,True,2,pursuer_win,0,9,,0.0542,0.1557,1,,
partial,online_lrta,beam,17,0.15,22152,True,2,pursuer_win,0,9,,0.0612,0.1557,1,,
partial,online_lrta,astar,17,0.15,22152,True,2,pursuer_win,0,9,,0.0616,0.1557,1,,
partial,exploration,random,17,0.15,22152,True,2,pursuer_win,0,12,,0.1637,0.1522,2,,
partial,exploration,greedy,17,0.15,22152,True,2,pursuer_win,0,13,,0.1382,0.1626,2,,
partial,exploration,beam,17,0.15,22152,True,2,pursuer_win,0,13,,0.1437,0.1626,2,,
partial,exploration,astar,17,0.15,22152,True,2,pursuer_win,0,10,,0.1233,0.1315,1,,
partial,online_astar,random,17,0.15,22152,True,4,pursuer_win,0,10,,8.077,0.2699,1,,
partial,online_astar,greedy,17,0.15,22152,True,4,pursuer_win,0,9,,7.185,0.2561,1,,
partial,online_astar,beam,17,0.15,22152,True,4,pursuer_win,0,9,,7.0981,0.2561,1,,
partial,online_astar,astar,17,0.15,22152,True,4,pursuer_win,0,9,,7.0814,0.2561,1,,
partial,online_lrta,random,17,0.15,22152,True,4,pursuer_win,0,10,,0.0695,0.2699,1,,
partial,online_lrta,greedy,17,0.15,22152,True,4,pursuer_win,0,9,,0.055,0.2561,1,,
partial,online_lrta,beam,17,0.15,22152,True,4,pursuer_win,0,9,,0.0607,0.2561,1,,
partial,online_lrta,astar,17,0.15,22152,True,4,pursuer_win,0,9,,0.062,0.2561,1,,
partial,exploration,random,17,0.15,22152,True,4,pursuer_win,0,12,,0.201,0.2595,2,,
partial,exploration,greedy,17,0.15,22152,True,4,pursuer_win,0,13,,0.1916,0.2768,2,,
partial,exploration,beam,17,0.15,22152,True,4,pursuer_win,0,13,,0.2052,0.2768,2,,
partial,exploration,astar,17,0.15,22152,True,4,pursuer_win,0,10,,0.1512,0.2249,1,,
partial,online_astar,random,17,0.15,22152,True,6,pursuer_win,0,10,,7.1127,0.391,1,,
partial,online_astar,greedy,17,0.15,22152,True,6,pursuer_win,0,9,,6.9529,0.3702,1,,
partial,online_astar,beam,17,0.15,22152,True,6,pursuer_win,0,9,,6.845,0.3702,1,,
partial,online_astar,astar,17,0.15,22152,True,6,pursuer_win,0,9,,6.9913,0.3702,1,,
partial,online_lrta,random,17,0.15,22152,True,6,pursuer_win,0,10,,0.0723,0.391,1,,
partial,online_lrta,greedy,17,0.15,22152,True,6,pursuer_win,0,9,,0.0583,0.3702,1,,
partial,online_lrta,beam,17,0.15,22152,True,6,pursuer_win,0,9,,0.065,0.3702,1,,
partial,online_lrta,astar,17,0.15,22152,True,6,pursuer_win,0,9,,0.0653,0.3702,1,,
partial,exploration,random,17,0.15,22152,True,6,pursuer_win,0,10,,0.1809,0.4014,1,,
partial,exploration,greedy,17,0.15,22152,True,6,pursuer_win,0,9,,0.1743,0.3702,1,,
partial,exploration,beam,17,0.15,22152,True,6,pursuer_win,0,9,,0.1745,0.3702,1,,
partial,exploration,astar,17,0.15,22152,True,6,pursuer_win,0,9,,0.1664,0.3702,1,,
partial,online_astar,random,17,0.15,22153,False,2,agent_win,1,35,,9.4645,0.346,0,,
partial,online_astar,greedy,17,0.15,22153,False,2,pursuer_win,0,8,,7.036,0.1142,0,,
partial,online_astar,beam,17,0.15,22153,False,2,pursuer_win,0,8,,7.0141,0.1142,0,,
partial,online_astar,astar,17,0.15,22153,False,2,pursuer_win,0,8,,7.4816,0.1142,0,,
partial,online_lrta,random,17,0.15,22153,False,2,agent_win,1,35,,0.185,0.346,0,,
partial,online_lrta,greedy,17,0.15,22153,False,2,pursuer_win,0,8,,0.0538,0.1142,0,,
partial,online_lrta,beam,17,0.15,22153,False,2,pursuer_win,0,8,,0.0612,0.1142,0,,
partial,online_lrta,astar,17,0.15,22153,False,2,pursuer_win,0,8,,0.0545,0.1142,0,,
partial,exploration,random,17,0.15,22153,False,2,pursuer_win,0,21,,0.232,0.2318,0,,
partial,exploration,greedy,17,0.15,22153,False,2,pursuer_win,0,8,,0.0972,0.1142,0,,
partial,exploration,beam,17,0.15,22153,False,2,pursuer_win,0,8,,0.1262,0.1142,0,,
partial,exploration,astar,17,0.15,22153,False,2,pursuer_win,0,8,,0.102,0.1142,0,,
partial,online_astar,random,17,0.15,22153,False,4,agent_win,1,35,,9.1034,0.526,0,,
partial,online_astar,greedy,17,0.15,22153,False,4,pursuer_win,0,8,,7.098,0.2076,0,,
partial,online_astar,beam,17,0.15,22153,False,4,pursuer_win,0,8,,6.8794,0.2076,0,,
partial,online_astar,astar,17,0.15,22153,False,4,pursuer_win,0,8,,6.7036,0.2076,0,,
partial,online_lrta,random,17,0.15,22153,False,4,agent_win,1,35,,0.1783,0.526,0,,
partial,online_lrta,greedy,17,0.15,22153,False,4,pursuer_win,0,8,,0.0457,0.2076,0,,
partial,online_lrta,beam,17,0.15,22153,False,4,pursuer_win,0,8,,0.0548,0.2076,0,,
partial,online_lrta,astar,17,0.15,22153,False,4,pursuer_win,0,8,,0.0529,0.2076,0,,
partial,exploration,random,17,0.15,22153,False,4,pursuer_win,0,21,,0.2953,0.3564,0,,
partial,exploration,greedy,17,0.15,22153,False,4,pursuer_win,0,8,,0.1302,0.2076,0,,
partial,exploration,beam,17,0.15,22153,False,4,pursuer_win,0,8,,0.1335,0.2076,0,,
partial,exploration,astar,17,0.15,22153,False,4,pursuer_win,0,8,,0.1323,0.2076,0,,
partial,online_astar,random,17,0.15,22153,False,6,agent_win,1,35,,9.2808,0.6782,0,,
partial,online_astar,greedy,17,0.15,22153,False,6,pursuer_win,0,8,,6.3608,0.3149,0,,
partial,online_astar,beam,17,0.15,22153,False,6,pursuer_win,0,8,,6.2103,0.3149,0,,
partial,online_astar,astar,17,0.15,22153,False,6,pursuer_win,0,8,,6.0735,0.3149,0,,
partial,online_lrta,random,17,0.15,22153,False,6,agent_win,1,35,,0.1821,0.6782,0,,
partial,online_lrta,greedy,17,0.15,22153,False,6,pursuer_win,0,8,,0.0462,0.3149,0,,
partial,online_lrta,beam,17,0.15,22153,False,6,pursuer_win,0,8,,0.0562,0.3149,0,,
partial,online_lrta,astar,17,0.15,22153,False,6,pursuer_win,0,8,,0.0588,0.3149,0,,
partial,exploration,random,17,0.15,22153,False,6,agent_win,1,71,,1.4397,1.0,0,67,
partial,exploration,greedy,17,0.15,22153,False,6,pursuer_win,0,8,,0.1565,0.3149,0,,
partial,exploration,beam,17,0.15,22153,False,6,pursuer_win,0,8,,0.1594,0.3149,0,,
partial,exploration,astar,17,0.15,22153,False,6,pursuer_win,0,8,,0.1583,0.3149,0,,
partial,online_astar,random,17,0.15,22153,True,2,agent_win,1,37,,9.0039,0.3702,6,,
partial,online_astar,greedy,17,0.15,22153,True,2,pursuer_win,0,8,,6.6531,0.1142,1,,
partial,online_astar,beam,17,0.15,22153,True,2,pursuer_win,0,8,,6.6893,0.1142,1,,
partial,online_astar,astar,17,0.15,22153,True,2,pursuer_win,0,8,,6.6189,0.1142,1,,
partial,online_lrta,random,17,0.15,22153,True,2,agent_win,1,39,,0.2095,0.3702,6,,
partial,online_lrta,greedy,17,0.15,22153,True,2,pursuer_win,0,8,,0.0472,0.1142,1,,
partial,online_lrta,beam,17,0.15,22153,True,2,pursuer_win,0,8,,0.0548,0.1142,1,,
partial,online_lrta,astar,17,0.15,22153,True,2,pursuer_win,0,8,,0.053,0.1142,1,,
partial,exploration,random,17,0.15,22153,True,2,pursuer_win,0,20,,0.2289,0.218,3,,
partial,exploration,greedy,17,0.15,22153,True,2,pursuer_win,0,8,,0.0971,0.1142,1,,
partial,exploration,beam,17,0.15,22153,True,2,pursuer_win,0,8,,0.102,0.1142,1,,
partial,exploration,astar,17,0.15,22153,True,2,pursuer_win,0,8,,0.1005,0.1142,1,,
partial,online_astar,random,17,0.15,22153,True,4,agent_win,1,37,,8.9943,0.5502,6,,
partial,online_astar,greedy,17,0.15,22153,True,4,pursuer_win,0,8,,6.6382,0.2076,1,,
partial,online_astar,beam,17,0.15,22153,True,4,pursuer_win,0,8,,6.854,0.2076,1,,
partial,online_astar,astar,17,0.15,22153,True,4,pursuer_win,0,8,,9.1541,0.2076,1,,
partial,online_lrta,random,17,0.15,22153,True,4,agent_win,1,39,,0.2277,0.5502,6,,
partial,online_lrta,greedy,17,0.15,22153,True,4,pursuer_win,0,8,,0.0476,0.2076,1,,
partial,online_lrta,beam,17,0.15,22153,True,4,pursuer_win,0,8,,0.0624,0.2076,1,,
partial,online_lrta,astar,17,0.15,22153,True,4,pursuer_win,0,8,,0.0651,0.2076,1,,
partial,exploration,random,17,0.15,22153,True,4,pursuer_win,0,20,,0.3032,0.3426,3,,
partial,exploration,greedy,17,0.15,22153,True,4,pursuer_win,0,8,,0.1332,0.2076,1,,
partial,exploration,beam,17,0.15,22153,True,4,pursuer_win,0,8,,0.1425,0.2076,1,,
partial,exploration,astar,17,0.15,22153,True,4,pursuer_win,0,8,,0.1326,0.2076,1,,
partial,online_astar,random,17,0.15,22153,True,6,agent_win,1,37,,9.2348,0.7024,6,,
partial,online_astar,greedy,17,0.15,22153,True,6,pursuer_win,0,8,,6.6867,0.3149,1,,
partial,online_astar,beam,17,0.15,22153,True,6,pursuer_win,0,8,,6.5831,0.3149,1,,
partial,online_astar,astar,17,0.15,22153,True,6,pursuer_win,0,8,,6.618,0.3149,1,,
partial,online_lrta,random,17,0.15,22153,True,6,agent_win,1,39,,0.2844,0.7024,6,,
partial,online_lrta,greedy,17,0.15,22153,True,6,pursuer_win,0,8,,0.0572,0.3149,1,,
partial,online_lrta,beam,17,0.15,22153,True,6,pursuer_win,0,8,,0.0582,0.3149,1,,
partial,online_lrta,astar,17,0.15,22153,True,6,pursuer_win,0,8,,0.0589,0.3149,1,,
partial,exploration,random,17,0.15,22153,True,6,agent_win,1,71,,1.5084,1.0,12,67,
partial,exploration,greedy,17,0.15,22153,True,6,pursuer_win,0,8,,0.165,0.3149,1,,
partial,exploration,beam,17,0.15,22153,True,6,pursuer_win,0,8,,0.1662,0.3149,1,,
partial,exploration,astar,17,0.15,22153,True,6,pursuer_win,0,8,,0.1672,0.3149,1,,
partial,online_astar,random,17,0.15,22154,False,2,agent_win,1,39,,10.6025,0.4291,0,,
partial,online_astar,greedy,17,0.15,22154,False,2,agent_win,1,39,,10.3121,0.4291,0,,
partial,online_astar,beam,17,0.15,22154,False,2,pursuer_win,0,13,,8.9342,0.1938,0,,
partial,online_astar,astar,17,0.15,22154,False,2,pursuer_win,0,10,,7.7665,0.1453,0,,
partial,online_lrta,random,17,0.15,22154,False,2,agent_win,1,41,,0.2151,0.4291,0,,
partial,online_lrta,greedy,17,0.15,22154,False,2,agent_win,1,41,,0.2038,0.4291,0,,
partial,online_lrta,beam,17,0.15,22154,False,2,pursuer_win,0,14,,0.0916,0.1765,0,,
partial,online_lrta,astar,17,0.15,22154,False,2,pursuer_win,0,11,,0.072,0.1384,0,,
partial,exploration,random,17,0.15,22154,False,2,pursuer_win,0,92,,1.0662,0.7543,0,,
partial,exploration,greedy,17,0.15,22154,False,2,pursuer_win,0,71,,0.8262,0.6609,0,,
partial,exploration,beam,17,0.15,22154,False,2,pursuer_win,0,38,,0.4665,0.3633,0,,
partial,exploration,astar,17,0.15,22154,False,2,pursuer_win,0,25,,0.3038,0.2215,0,,
partial,online_astar,random,17,0.15,22154,False,4,agent_win,1,35,,9.6971,0.6125,0,,
partial,online_astar,greedy,17,0.15,22154,False,4,agent_win,1,35,,9.6569,0.6125,0,,
partial,online_astar,beam,17,0.15,22154,False,4,pursuer_win,0,13,,8.3145,0.3253,0,,
partial,online_astar,astar,17,0.15,22154,False,4,pursuer_win,0,10,,7.2482,0.2526,0,,
partial,online_lrta,random,17,0.15,22154,False,4,agent_win,1,41,,0.2214,0.6125,0,,
partial,online_lrta,greedy,17,0.15,22154,False,4,agent_win,1,41,,0.2239,0.6125,0,,
partial,online_lrta,beam,17,0.15,22154,False,4,pursuer_win,0,14,,0.1089,0.2976,0,,
partial,online_lrta,astar,17,0.15,22154,False,4,pursuer_win,0,11,,0.0956,0.2388,0,,
partial,exploration,random,17,0.15,22154,False,4,agent_win,1,69,,1.8627,0.9965,0,67,
partial,exploration,greedy,17,0.15,22154,False,4,pursuer_win,0,19,,0.2818,0.4083,0,,
partial,exploration,beam,17,0.15,22154,False,4,pursuer_win,0,13,,0.2143,0.3253,0,,
partial,exploration,astar,17,0.15,22154,False,4,pursuer_win,0,10,,0.1564,0.2526,0,,
partial,online_astar,random,17,0.15,22154,False,6,agent_win,1,35,,9.6831,0.7405,0,,
partial,online_astar,greedy,17,0.15,22154,False,6,agent_win,1,35,,9.4367,0.7405,0,,
partial,online_astar,beam,17,0.15,22154,False,6,pursuer_win,0,13,,8.2345,0.4637,0,,
partial,online_astar,astar,17,0.15,22154,False,6,pursuer_win,0,10,,7.3626,0.3737,0,,
partial,online_lrta,random,17,0.15,22154,False,6,agent_win,1,41,,0.2256,0.7405,0,,
partial,online_lrta,greedy,17,0.15,22154,False,6,agent_win,1,41,,0.2054,0.7405,0,,
partial,online_lrta,beam,17,0.15,22154,False,6,pursuer_win,0,14,,0.0918,0.4325,0,,
partial,online_lrta,astar,17,0.15,22154,False,6,pursuer_win,0,11,,0.0737,0.3529,0,,
partial,exploration,random,17,0.15,22154,False,6,agent_win,1,69,,1.5683,1.0,0,65,
partial,exploration,greedy,17,0.15,22154,False,6,pursuer_win,0,56,,1.4835,0.9758,0,,
partial,exploration,beam,17,0.15,22154,False,6,pursuer_win,0,13,,0.2693,0.4637,0,,
partial,exploration,astar,17,0.15,22154,False,6,pursuer_win,0,10,,0.1509,0.3737,0,,
partial,online_astar,random,17,0.15,22154,True,2,pursuer_win,0,16,,9.929,0.2457,2,,
partial,online_astar,greedy,17,0.15,22154,True,2,pursuer_win,0,31,,10.337,0.3841,5,,
partial,online_astar,beam,17,0.15,22154,True,2,pursuer_win,0,13,,9.1268,0.1938,2,,
partial,online_astar,astar,17,0.15,22154,True,2,pursuer_win,0,10,,7.7525,0.1453,1,,
partial,online_lrta,random,17,0.15,22154,True,2,agent_win,1,41,,0.2351,0.4291,7,,
partial,online_lrta,greedy,17,0.15,22154,True,2,agent_win,1,41,,0.2385,0.4256,7,,
partial,online_lrta,beam,17,0.15,22154,True,2,pursuer_win,0,14,,0.0964,0.1765,2,,
partial,online_lrta,astar,17,0.15,22154,True,2,pursuer_win,0,11,,0.0747,0.1384,2,,
partial,exploration,random,17,0.15,22154,True,2,pursuer_win,0,70,,0.8906,0.5363,11,,
partial,exploration,greedy,17,0.15,22154,True,2,pursuer_win,0,36,,0.4096,0.3806,6,,
partial,exploration,beam,17,0.15,22154,True,2,pursuer_win,0,43,,0.5852,0.436,7,,
partial,exploration,astar,17,0.15,22154,True,2,pursuer_win,0,43,,0.5638,0.436,7,,
partial,online_astar,random,17,0.15,22154,True,4,pursuer_win,0,16,,9.1066,0.3945,2,,
partial,online_astar,greedy,17,0.15,22154,True,4,agent_win,1,37,,9.7093,0.6194,6,,
partial,online_astar,beam,17,0.15,22154,True,4,pursuer_win,0,13,,8.2373,0.3253,2,,
partial,online_astar,astar,17,0.15,22154,True,4,pursuer_win,0,10,,7.2154,0.2526,1,,
partial,online_lrta,random,17,0.15,22154,True,4,agent_win,1,41,,0.249,0.6125,7,,
partial,online_lrta,greedy,17,0.15,22154,True,4,agent_win,1,41,,0.2275,0.6055,7,,
partial,online_lrta,beam,17,0.15,22154,True,4,pursuer_win,0,14,,0.0988,0.2976,2,,
partial,online_lrta,astar,17,0.15,22154,True,4,pursuer_win,0,11,,0.0932,0.2388,2,,
partial,exploration,random,17,0.15,22154,True,4,pursuer_win,0,16,,0.3032,0.3945,2,,
partial,exploration,greedy,17,0.15,22154,True,4,pursuer_win,0,19,,0.2998,0.4083,3,,
partial,exploration,beam,17,0.15,22154,True,4,pursuer_win,0,13,,0.2377,0.3253,2,,
partial,exploration,astar,17,0.15,22154,True,4,pursuer_win,0,10,,0.1714,0.2526,1,,
partial,online_astar,random,17,0.15,22154,True,6,pursuer_win,0,16,,8.43,0.5156,2,,
partial,online_astar,greedy,17,0.15,22154,True,6,agent_win,1,37,,9.5311,0.7474,6,,
partial,online_astar,beam,17,0.15,22154,True,6,pursuer_win,0,13,,8.0519,0.4637,2,,
partial,online_astar,astar,17,0.15,22154,True,6,pursuer_win,0,10,,7.2903,0.3737,1,,
partial,online_lrta,random,17,0.15,22154,True,6,agent_win,1,41,,0.2723,0.7405,7,,
partial,online_lrta,greedy,17,0.15,22154,True,6,agent_win,1,41,,0.2283,0.7439,7,,
partial,online_lrta,beam,17,0.15,22154,True,6,pursuer_win,0,14,,0.2564,0.4325,2,,
partial,online_lrta,astar,17,0.15,22154,True,6,pursuer_win,0,11,,0.0749,0.3529,2,,
partial,exploration,random,17,0.15,22154,True,6,pursuer_win,0,16,,0.2649,0.5156,2,,
partial,exploration,greedy,17,0.15,22154,True,6,pursuer_win,0,53,,0.9316,0.9792,9,,
partial,exploration,beam,17,0.15,22154,True,6,pursuer_win,0,13,,0.2809,0.4637,2,,
partial,exploration,astar,17,0.15,22154,True,6,pursuer_win,0,10,,0.1871,0.3737,1,,
partial,online_astar,random,17,0.25,22250,False,2,agent_win,1,69,,20.2689,0.6194,0,,
partial,online_astar,greedy,17,0.25,22250,False,2,pursuer_win,0,19,,10.1515,0.2907,0,,
partial,online_astar,beam,17,0.25,22250,False,2,pursuer_win,0,12,,7.6513,0.1799,0,,
partial,online_astar,astar,17,0.25,22250,False,2,pursuer_win,0,12,,7.8043,0.1799,0,,
partial,online_lrta,random,17,0.25,22250,False,2,agent_win,1,79,,0.3574,0.564,0,,
partial,online_lrta,greedy,17,0.25,22250,False,2,agent_win,1,79,,0.3438,0.564,0,,
partial,online_lrta,beam,17,0.25,22250,False,2,pursuer_win,0,12,,0.0754,0.1799,0,,
partial,online_lrta,astar,17,0.25,22250,False,2,pursuer_win,0,12,,0.0754,0.1799,0,,
partial,exploration,random,17,0.25,22250,False,2,pursuer_win,0,19,,0.1931,0.2145,0,,
partial,exploration,greedy,17,0.25,22250,False,2,pursuer_win,0,11,,0.1061,0.128,0,,
partial,exploration,beam,17,0.25,22250,False,2,pursuer_win,0,10,,0.1144,0.1176,0,,
partial,exploration,astar,17,0.25,22250,False,2,pursuer_win,0,10,,0.1117,0.1176,0,,
partial,online_astar,random,17,0.25,22250,False,4,agent_win,1,49,,13.2869,0.7682,0,,
partial,online_astar,greedy,17,0.25,22250,False,4,agent_win,1,49,,13.3033,0.7682,0,,
partial,online_astar,beam,17,0.25,22250,False,4,pursuer_win,0,12,,7.5604,0.3149,0,,
partial,online_astar,astar,17,0.25,22250,False,4,pursuer_win,0,12,,7.6241,0.3149,0,,
partial,online_lrta,random,17,0.25,22250,False,4,agent_win,1,79,,0.3536,0.7785,0,,
partial,online_lrta,greedy,17,0.25,22250,False,4,agent_win,1,79,,0.3758,0.7785,0,,
partial,online_lrta,beam,17,0.25,22250,False,4,pursuer_win,0,12,,0.075,0.3149,0,,
partial,online_lrta,astar,17,0.25,22250,False,4,pursuer_win,0,12,,0.07,0.3149,0,,
partial,exploration,random,17,0.25,22250,False,4,pursuer_win,0,19,,0.1807,0.3322,0,,
partial,exploration,greedy,17,0.25,22250,False,4,pursuer_win,0,11,,0.1213,0.2145,0,,
partial,exploration,beam,17,0.25,22250,False,4,pursuer_win,0,10,,0.132,0.1972,0,,
partial,exploration,astar,17,0.25,22250,False,4,pursuer_win,0,10,,0.1165,0.1972,0,,
partial,online_astar,random,17,0.25,22250,False,6,agent_win,1,45,,10.6955,0.8651,0,,
partial,online_astar,greedy,17,0.25,22250,False,6,agent_win,1,45,,11.7663,0.8651,0,,
partial,online_astar,beam,17,0.25,22250,False,6,pursuer_win,0,12,,7.3767,0.4533,0,,
partial,online_astar,astar,17,0.25,22250,False,6,pursuer_win,0,12,,7.317,0.4533,0,,
partial,online_lrta,random,17,0.25,22250,False,6,agent_win,1,79,,0.4138,0.8962,0,,
partial,online_lrta,greedy,17,0.25,22250,False,6,agent_win,1,79,,0.3661,0.8962,0,,
partial,online_lrta,beam,17,0.25,22250,False,6,pursuer_win,0,12,,0.0864,0.4533,0,,
partial,online_lrta,astar,17,0.25,22250,False,6,pursuer_win,0,12,,0.0778,0.4533,0,,
partial,exploration,random,17,0.25,22250,False,6,agent_win,1,83,,1.2516,1.0,0,75,
partial,exploration,greedy,17,0.25,22250,False,6,agent_win,1,83,,1.5648,1.0,0,75,
partial,exploration,beam,17,0.25,22250,False,6,pursuer_win,0,11,,0.1559,0.3979,0,,
partial,exploration,astar,17,0.25,22250,False,6,pursuer_win,0,11,,0.1542,0.3979,0,,
partial,online_astar,random,17,0.25,22250,True,2,agent_win,1,33,,10.7138,0.4048,5,,
partial,online_astar,greedy,17,0.25,22250,True,2,agent_win,1,33,,10.0874,0.4048,5,,
partial,online_astar,beam,17,0.25,22250,True,2,pursuer_win,0,12,,8.295,0.1799,2,,
partial,online_astar,astar,17,0.25,22250,True,2,pursuer_win,0,12,,8.1504,0.1799,2,,
partial,online_lrta,random,17,0.25,22250,True,2,agent_win,1,37,,0.1812,0.4118,6,,
partial,online_lrta,greedy,17,0.25,22250,True,2,agent_win,1,37,,0.1741,0.4118,6,,
partial,online_lrta,beam,17,0.25,22250,True,2,pursuer_win,0,12,,0.0747,0.1799,2,,
partial,online_lrta,astar,17,0.25,22250,True,2,pursuer_win,0,12,,0.0787,0.1799,2,,
partial,exploration,random,17,0.25,22250,True,2,pursuer_win,0,14,,0.1592,0.1592,2,,
partial,exploration,greedy,17,0.25,22250,True,2,pursuer_win,0,10,,0.1005,0.1176,1,,
partial,exploration,beam,17,0.25,22250,True,2,pursuer_win,0,10,,0.106,0.1176,1,,
partial,exploration,astar,17,0.25,22250,True,2,pursuer_win,0,10,,0.1061,0.1176,1,,
partial,online_astar,random,17,0.25,22250,True,4,agent_win,1,33,,8.4863,0.6194,5,,
partial,online_astar,greedy,17,0.25,22250,True,4,agent_win,1,31,,8.7647,0.6159,5,,
partial,online_astar,beam,17,0.25,22250,True,4,pursuer_win,0,12,,7.5777,0.3149,2,,
partial,online_astar,astar,17,0.25,22250,True,4,pursuer_win,0,12,,7.5767,0.3149,2,,
partial,online_lrta,random,17,0.25,22250,True,4,agent_win,1,37,,0.2023,0.6263,6,,
partial,online_lrta,greedy,17,0.25,22250,True,4,agent_win,1,37,,0.1941,0.6263,6,,
partial,online_lrta,beam,17,0.25,22250,True,4,pursuer_win,0,12,,0.0797,0.3149,2,,
partial,online_lrta,astar,17,0.25,22250,True,4,pursuer_win,0,12,,0.0786,0.3149,2,,
partial,exploration,random,17,0.25,22250,True,4,pursuer_win,0,14,,0.1751,0.2664,2,,
partial,exploration,greedy,17,0.25,22250,True,4,pursuer_win,0,10,,0.118,0.1972,1,,
partial,exploration,beam,17,0.25,22250,True,4,pursuer_win,0,10,,0.1176,0.1972,1,,
partial,exploration,astar,17,0.25,22250,True,4,pursuer_win,0,10,,0.1215,0.1972,1,,
partial,online_astar,random,17,0.25,22250,True,6,agent_win,1,33,,8.2271,0.7785,5,,
partial,online_astar,greedy,17,0.25,22250,True,6,agent_win,1,33,,9.0351,0.7751,5,,
partial,online_astar,beam,17,0.25,22250,True,6,pursuer_win,0,12,,8.7898,0.4533,2,,
partial,online_astar,astar,17,0.25,22250,True,6,pursuer_win,0,12,,7.5796,0.4533,2,,
partial,online_lrta,random,17,0.25,22250,True,6,agent_win,1,37,,0.2388,0.782,6,,
partial,online_lrta,greedy,17,0.25,22250,True,6,agent_win,1,37,,0.2189,0.782,6,,
partial,online_lrta,beam,17,0.25,22250,True,6,pursuer_win,0,12,,0.0833,0.4533,2,,
partial,online_lrta,astar,17,0.25,22250,True,6,pursuer_win,0,12,,0.0843,0.4533,2,,
partial,exploration,random,17,0.25,22250,True,6,agent_win,1,37,,0.5714,0.7578,6,33,
partial,exploration,greedy,17,0.25,22250,True,6,pursuer_win,0,10,,0.1757,0.3668,1,,
partial,exploration,beam,17,0.25,22250,True,6,pursuer_win,0,11,,0.2273,0.3979,2,,
partial,exploration,astar,17,0.25,22250,True,6,pursuer_win,0,11,,0.1801,0.3979,2,,
partial,online_astar,random,17,0.25,22251,False,2,agent_win,1,35,,11.2814,0.4118,0,,
partial,online_astar,greedy,17,0.25,22251,False,2,agent_win,1,35,,11.1283,0.4118,0,,
partial,online_astar,beam,17,0.25,22251,False,2,pursuer_win,0,16,,10.0341,0.218,0,,
partial,online_astar,astar,17,0.25,22251,False,2,pursuer_win,0,13,,9.149,0.1869,0,,
partial,online_lrta,random,17,0.25,22251,False,2,agent_win,1,41,,0.2122,0.4256,0,,
partial,online_lrta,greedy,17,0.25,22251,False,2,agent_win,1,41,,0.1993,0.4256,0,,
partial,online_lrta,beam,17,0.25,22251,False,2,pursuer_win,0,18,,0.1184,0.2318,0,,
partial,online_lrta,astar,17,0.25,22251,False,2,pursuer_win,0,14,,0.0886,0.1903,0,,
partial,exploration,random,17,0.25,22251,False,2,agent_win,1,115,,1.1814,0.8616,0,115,
partial,exploration,greedy,17,0.25,22251,False,2,agent_win,1,115,,1.1904,0.8616,0,115,
partial,exploration,beam,17,0.25,22251,False,2,pursuer_win,0,33,,0.3589,0.3183,0,,
partial,exploration,astar,17,0.25,22251,False,2,pursuer_win,0,16,,0.2047,0.1869,0,,
partial,online_astar,random,17,0.25,22251,False,4,agent_win,1,33,,9.5037,0.5952,0,,
partial,online_astar,greedy,17,0.25,22251,False,4,agent_win,1,33,,9.4282,0.5952,0,,
partial,online_astar,beam,17,0.25,22251,False,4,pursuer_win,0,14,,8.3477,0.3426,0,,
partial,online_astar,astar,17,0.25,22251,False,4,pursuer_win,0,12,,7.7912,0.308,0,,
partial,online_lrta,random,17,0.25,22251,False,4,agent_win,1,41,,0.2077,0.6055,0,,
partial,online_lrta,greedy,17,0.25,22251,False,4,agent_win,1,41,,0.2033,0.6055,0,,
partial,online_lrta,beam,17,0.25,22251,False,4,pursuer_win,0,18,,0.1154,0.3668,0,,
partial,online_lrta,astar,17,0.25,22251,False,4,pursuer_win,0,14,,0.0921,0.3045,0,,
partial,exploration,random,17,0.25,22251,False,4,agent_win,1,103,,1.3816,0.9896,0,95,
partial,exploration,greedy,17,0.25,22251,False,4,pursuer_win,0,23,,0.3026,0.4567,0,,
partial,exploration,beam,17,0.25,22251,False,4,pursuer_win,0,18,,0.247,0.3426,0,,
partial,exploration,astar,17,0.25,22251,False,4,pursuer_win,0,14,,0.205,0.2699,0,,
partial,online_astar,random,17,0.25,22251,False,6,agent_win,1,33,,8.7249,0.7405,0,,
partial,online_astar,greedy,17,0.25,22251,False,6,agent_win,1,33,,8.9845,0.7405,0,,
partial,online_astar,beam,17,0.25,22251,False,6,pursuer_win,0,14,,7.8105,0.4913,0,,
partial,online_astar,astar,17,0.25,22251,False,6,pursuer_win,0,12,,6.5451,0.4429,0,,
partial,online_lrta,random,17,0.25,22251,False,6,agent_win,1,41,,0.2152,0.7439,0,,
partial,online_lrta,greedy,17,0.25,22251,False,6,agent_win,1,41,,0.1881,0.7439,0,,
partial,online_lrta,beam,17,0.25,22251,False,6,pursuer_win,0,18,,0.1081,0.5156,0,,
partial,online_lrta,astar,17,0.25,22251,False,6,pursuer_win,0,14,,0.0869,0.4325,0,,
partial,exploration,random,17,0.25,22251,False,6,agent_win,1,55,,0.9605,0.9481,0,49,
partial,exploration,greedy,17,0.25,22251,False,6,agent_win,1,55,,0.8911,0.9481,0,49,
partial,exploration,beam,17,0.25,22251,False,6,pursuer_win,0,32,,0.6512,0.6713,0,,
partial,exploration,astar,17,0.25,22251,False,6,pursuer_win,0,15,,0.303,0.4325,0,,
partial,online_astar,random,17,0.25,22251,True,2,agent_win,1,35,,10.0824,0.4221,5,,
partial,online_astar,greedy,17,0.25,22251,True,2,agent_win,1,35,,11.0459,0.4118,6,,
partial,online_astar,beam,17,0.25,22251,True,2,pursuer_win,0,16,,9.7575,0.218,2,,
partial,online_astar,astar,17,0.25,22251,True,2,pursuer_win,0,13,,8.909,0.1869,2,,
partial,online_lrta,random,17,0.25,22251,True,2,agent_win,1,37,,0.2265,0.4221,5,,
partial,online_lrta,greedy,17,0.25,22251,True,2,agent_win,1,41,,0.2205,0.4256,7,,
partial,online_lrta,beam,17,0.25,22251,True,2,pursuer_win,0,18,,0.119,0.2318,3,,
partial,online_lrta,astar,17,0.25,22251,True,2,pursuer_win,0,14,,0.094,0.1903,2,,
partial,exploration,random,17,0.25,22251,True,2,pursuer_win,0,23,,0.2569,0.2837,3,,
partial,exploration,greedy,17,0.25,22251,True,2,pursuer_win,0,27,,0.2834,0.308,4,,
partial,exploration,beam,17,0.25,22251,True,2,pursuer_win,0,22,,0.2407,0.2318,3,,
partial,exploration,astar,17,0.25,22251,True,2,pursuer_win,0,16,,0.2058,0.1869,2,,
partial,online_astar,random,17,0.25,22251,True,4,agent_win,1,33,,9.5359,0.6021,4,,
partial,online_astar,greedy,17,0.25,22251,True,4,agent_win,1,33,,9.3001,0.5952,5,,
partial,online_astar,beam,17,0.25,22251,True,4,pursuer_win,0,14,,8.1539,0.3426,2,,
partial,online_astar,astar,17,0.25,22251,True,4,pursuer_win,0,12,,7.6276,0.308,2,,
partial,online_lrta,random,17,0.25,22251,True,4,agent_win,1,37,,0.2183,0.5952,5,,
partial,online_lrta,greedy,17,0.25,22251,True,4,agent_win,1,41,,0.2265,0.6055,7,,
partial,online_lrta,beam,17,0.25,22251,True,4,pursuer_win,0,18,,0.1202,0.3668,3,,
partial,online_lrta,astar,17,0.25,22251,True,4,pursuer_win,0,14,,0.0936,0.3045,2,,
partial,exploration,random,17,0.25,22251,True,4,agent_win,1,97,,1.4401,1.0,15,93,
partial,exploration,greedy,17,0.25,22251,True,4,pursuer_win,0,23,,0.3126,0.4567,4,,
partial,exploration,beam,17,0.25,22251,True,4,pursuer_win,0,18,,0.2353,0.3426,3,,
partial,exploration,astar,17,0.25,22251,True,4,pursuer_win,0,14,,0.1975,0.2699,2,,
partial,online_astar,random,17,0.25,22251,True,6,agent_win,1,33,,8.8319,0.7439,4,,
partial,online_astar,greedy,17,0.25,22251,True,6,agent_win,1,33,,8.7046,0.7405,5,,
partial,online_astar,beam,17,0.25,22251,True,6,pursuer_win,0,14,,7.6421,0.4913,2,,
partial,online_astar,astar,17,0.25,22251,True,6,pursuer_win,0,12,,7.0969,0.4429,2,,
partial,online_lrta,random,17,0.25,22251,True,6,agent_win,1,37,,0.2223,0.7232,5,,
partial,online_lrta,greedy,17,0.25,22251,True,6,agent_win,1,41,,0.2292,0.7439,7,,
partial,online_lrta,beam,17,0.25,22251,True,6,pursuer_win,0,18,,0.1612,0.5156,3,,
partial,online_lrta,astar,17,0.25,22251,True,6,pursuer_win,0,14,,0.0959,0.4325,2,,
partial,exploration,random,17,0.25,22251,True,6,agent_win,1,75,,1.2469,1.0,11,65,
partial,exploration,greedy,17,0.25,22251,True,6,pursuer_win,0,23,,0.4416,0.5952,4,,
partial,exploration,beam,17,0.25,22251,True,6,pursuer_win,0,18,,0.2902,0.5156,3,,
partial,exploration,astar,17,0.25,22251,True,6,pursuer_win,0,14,,0.2869,0.4325,2,,
partial,online_astar,random,17,0.25,22252,False,2,agent_win,1,43,,12.7763,0.4394,0,,
partial,online_astar,greedy,17,0.25,22252,False,2,agent_win,1,43,,12.6577,0.4394,0,,
partial,online_astar,beam,17,0.25,22252,False,2,pursuer_win,0,22,,10.6199,0.2872,0,,
partial,online_astar,astar,17,0.25,22252,False,2,pursuer_win,0,22,,10.5062,0.2872,0,,
partial,online_lrta,random,17,0.25,22252,False,2,agent_win,1,51,,0.2524,0.4429,0,,
partial,online_lrta,greedy,17,0.25,22252,False,2,pursuer_win,0,30,,0.1394,0.2976,0,,
partial,online_lrta,beam,17,0.25,22252,False,2,pursuer_win,0,24,,0.1496,0.2976,0,,
partial,online_lrta,astar,17,0.25,22252,False,2,pursuer_win,0,24,,0.1426,0.2976,0,,
partial,exploration,random,17,0.25,22252,False,2,agent_win,1,171,,1.7433,1.0,0,171,
partial,exploration,greedy,17,0.25,22252,False,2,pursuer_win,0,106,,1.0821,0.6609,0,,
partial,exploration,beam,17,0.25,22252,False,2,pursuer_win,0,30,,0.3228,0.2422,0,,
partial,exploration,astar,17,0.25,22252,False,2,pursuer_win,0,30,,0.3136,0.2422,0,,
partial,online_astar,random,17,0.25,22252,False,4,agent_win,1,37,,10.3476,0.6263,0,,
partial,online_astar,greedy,17,0.25,22252,False,4,agent_win,1,37,,10.3189,0.6263,0,,
partial,online_astar,beam,17,0.25,22252,False,4,pursuer_win,0,19,,8.9771,0.4394,0,,
partial,online_astar,astar,17,0.25,22252,False,4,pursuer_win,0,19,,9.0413,0.4394,0,,
partial,online_lrta,random,17,0.25,22252,False,4,agent_win,1,51,,0.2559,0.6367,0,,
partial,online_lrta,greedy,17,0.25,22252,False,4,pursuer_win,0,30,,0.1454,0.481,0,,
partial,online_lrta,beam,17,0.25,22252,False,4,pursuer_win,0,24,,0.1504,0.481,0,,
partial,online_lrta,astar,17,0.25,22252,False,4,pursuer_win,0,24,,0.144,0.481,0,,
partial,exploration,random,17,0.25,22252,False,4,agent_win,1,103,,1.2404,0.9896,0,101,
partial,exploration,greedy,17,0.25,22252,False,4,agent_win,1,103,,1.2566,0.9896,0,101,
partial,exploration,beam,17,0.25,22252,False,4,pursuer_win,0,35,,0.4826,0.474,0,,
partial,exploration,astar,17,0.25,22252,False,4,pursuer_win,0,35,,0.4506,0.474,0,,
partial,online_astar,random,17,0.25,22252,False,6,agent_win,1,33,,8.5711,0.7266,0,,
partial,online_astar,greedy,17,0.25,22252,False,6,agent_win,1,33,,8.7932,0.7266,0,,
partial,online_astar,beam,17,0.25,22252,False,6,agent_win,1,33,,8.5566,0.7266,0,,
partial,online_astar,astar,17,0.25,22252,False,6,agent_win,1,33,,8.6188,0.7266,0,,
partial,online_lrta,random,17,0.25,22252,False,6,agent_win,1,51,,0.2866,0.737,0,,
partial,online_lrta,greedy,17,0.25,22252,False,6,pursuer_win,0,30,,0.1524,0.5986,0,,
partial,online_lrta,beam,17,0.25,22252,False,6,pursuer_win,0,24,,0.1671,0.5986,0,,
partial,online_lrta,astar,17,0.25,22252,False,6,pursuer_win,0,24,,0.1481,0.5986,0,,
partial,exploration,random,17,0.25,22252,False,6,agent_win,1,45,,0.7725,0.8374,0,41,
partial,exploration,greedy,17,0.25,22252,False,6,agent_win,1,45,,0.6901,0.8374,0,41,
partial,exploration,beam,17,0.25,22252,False,6,pursuer_win,0,19,,0.459,0.5675,0,,
partial,exploration,astar,17,0.25,22252,False,6,pursuer_win,0,19,,0.4578,0.5675,0,,
partial,online_astar,random,17,0.25,22252,True,2,pursuer_win,0,15,,9.6945,0.2215,2,,
partial,online_astar,greedy,17,0.25,22252,True,2,agent_win,1,35,,12.6881,0.4048,6,,
partial,online_astar,beam,17,0.25,22252,True,2,pursuer_win,0,18,,9.8276,0.2388,3,,
partial,online_astar,astar,17,0.25,22252,True,2,pursuer_win,0,18,,9.8832,0.2388,3,,
partial,online_lrta,random,17,0.25,22252,True,2,pursuer_win,0,15,,0.0926,0.2215,2,,
partial,online_lrta,greedy,17,0.25,22252,True,2,pursuer_win,0,20,,0.1094,0.2595,3,,
partial,online_lrta,beam,17,0.25,22252,True,2,pursuer_win,0,20,,0.1161,0.2595,3,,
partial,online_lrta,astar,17,0.25,22252,True,2,pursuer_win,0,20,,0.111,0.2595,3,,
partial,exploration,random,17,0.25,22252,True,2,agent_win,1,109,,2.2548,0.5502,16,,
partial,exploration,greedy,17,0.25,22252,True,2,pursuer_win,0,61,,0.6094,0.3979,8,,
partial,exploration,beam,17,0.25,22252,True,2,pursuer_win,0,28,,0.3067,0.2595,4,,
partial,exploration,astar,17,0.25,22252,True,2,pursuer_win,0,28,,0.3121,0.2595,4,,
partial,online_astar,random,17,0.25,22252,True,4,pursuer_win,0,15,,8.1448,0.391,2,,
partial,online_astar,greedy,17,0.25,22252,True,4,agent_win,1,31,,8.8288,0.5848,5,,
partial,online_astar,beam,17,0.25,22252,True,4,agent_win,1,31,,8.8959,0.5848,5,,
partial,online_astar,astar,17,0.25,22252,True,4,agent_win,1,31,,8.9738,0.5848,5,,
partial,online_lrta,random,17,0.25,22252,True,4,pursuer_win,0,15,,0.0918,0.391,2,,
partial,online_lrta,greedy,17,0.25,22252,True,4,pursuer_win,0,20,,0.109,0.4429,3,,
partial,online_lrta,beam,17,0.25,22252,True,4,pursuer_win,0,20,,0.1332,0.4429,3,,
partial,online_lrta,astar,17,0.25,22252,True,4,pursuer_win,0,20,,0.1267,0.4429,3,,
partial,exploration,random,17,0.25,22252,True,4,agent_win,1,155,,9.2781,0.9654,22,,
partial,exploration,greedy,17,0.25,22252,True,4,agent_win,1,79,,1.0064,0.8339,13,77,
partial,exploration,beam,17,0.25,22252,True,4,pursuer_win,0,29,,0.5722,0.4464,5,,
partial,exploration,astar,17,0.25,22252,True,4,pursuer_win,0,29,,0.5543,0.4464,5,,
partial,online_astar,random,17,0.25,22252,True,6,pursuer_win,0,15,,11.0324,0.5329,2,,
partial,online_astar,greedy,17,0.25,22252,True,6,agent_win,1,31,,8.2624,0.7163,5,,
partial,online_astar,beam,17,0.25,22252,True,6,agent_win,1,31,,7.9091,0.7163,5,,
partial,online_astar,astar,17,0.25,22252,True,6,agent_win,1,31,,8.1778,0.7163,5,,
partial,online_lrta,random,17,0.25,22252,True,6,pursuer_win,0,15,,0.1323,0.5329,2,,
partial,online_lrta,greedy,17,0.25,22252,True,6,pursuer_win,0,20,,0.1236,0.5709,3,,
partial,online_lrta,beam,17,0.25,22252,True,6,pursuer_win,0,20,,0.1624,0.5709,3,,
partial,online_lrta,astar,17,0.25,22252,True,6,pursuer_win,0,20,,0.1431,0.5709,3,,
partial,exploration,random,17,0.25,22252,True,6,pursuer_win,0,15,,0.3125,0.5329,2,,
partial,exploration,greedy,17,0.25,22252,True,6,agent_win,1,43,,0.7186,0.8443,7,39,
partial,exploration,beam,17,0.25,22252,True,6,pursuer_win,0,19,,0.4473,0.5675,3,,
partial,exploration,astar,17,0.25,22252,True,6,pursuer_win,0,19,,0.4609,0.5675,3,,
partial,online_astar,random,17,0.25,22253,False,2,agent_win,1,39,,10.4119,0.4118,0,,
partial,online_astar,greedy,17,0.25,22253,False,2,agent_win,1,39,,10.7779,0.4118,0,,
partial,online_astar,beam,17,0.25,22253,False,2,pursuer_win,0,12,,8.5083,0.1696,0,,
partial,online_astar,astar,17,0.25,22253,False,2,pursuer_win,0,10,,7.6141,0.1419,0,,
partial,online_lrta,random,17,0.25,22253,False,2,agent_win,1,39,,0.2007,0.4118,0,,
partial,online_lrta,greedy,17,0.25,22253,False,2,agent_win,1,39,,0.1895,0.4118,0,,
partial,online_lrta,beam,17,0.25,22253,False,2,pursuer_win,0,12,,0.0791,0.1696,0,,
partial,online_lrta,astar,17,0.25,22253,False,2,pursuer_win,0,10,,0.0658,0.1419,0,,
partial,exploration,random,17,0.25,22253,False,2,pursuer_win,0,24,,0.2642,0.2595,0,,
partial,exploration,greedy,17,0.25,22253,False,2,pursuer_win,0,22,,0.252,0.2561,0,,
partial,exploration,beam,17,0.25,22253,False,2,pursuer_win,0,12,,0.1474,0.1696,0,,
partial,exploration,astar,17,0.25,22253,False,2,pursuer_win,0,10,,0.1247,0.1419,0,,
partial,online_astar,random,17,0.25,22253,False,4,agent_win,1,33,,9.3095,0.5952,0,,
partial,online_astar,greedy,17,0.25,22253,False,4,agent_win,1,33,,9.305,0.5952,0,,
partial,online_astar,beam,17,0.25,22253,False,4,pursuer_win,0,12,,7.7805,0.2907,0,,
partial,online_astar,astar,17,0.25,22253,False,4,pursuer_win,0,10,,7.2087,0.2491,0,,
partial,online_lrta,random,17,0.25,22253,False,4,agent_win,1,39,,0.2067,0.5952,0,,
partial,online_lrta,greedy,17,0.25,22253,False,4,agent_win,1,39,,0.1936,0.5952,0,,
partial,online_lrta,beam,17,0.25,22253,False,4,pursuer_win,0,12,,0.0827,0.2907,0,,
partial,online_lrta,astar,17,0.25,22253,False,4,pursuer_win,0,10,,0.0659,0.2491,0,,
partial,exploration,random,17,0.25,22253,False,4,agent_win,1,71,,1.1711,0.9585,0,67,
partial,exploration,greedy,17,0.25,22253,False,4,agent_win,1,71,,0.9188,0.9585,0,67,
partial,exploration,beam,17,0.25,22253,False,4,pursuer_win,0,12,,0.2145,0.2907,0,,
partial,exploration,astar,17,0.25,22253,False,4,pursuer_win,0,10,,0.1354,0.2491,0,,
partial,online_astar,random,17,0.25,22253,False,6,agent_win,1,31,,7.9537,0.7336,0,,
partial,online_astar,greedy,17,0.25,22253,False,6,agent_win,1,31,,7.7221,0.7336,0,,
partial,online_astar,beam,17,0.25,22253,False,6,pursuer_win,0,12,,8.8511,0.4256,0,,
partial,online_astar,astar,17,0.25,22253,False,6,pursuer_win,0,10,,6.2938,0.3702,0,,
partial,online_lrta,random,17,0.25,22253,False,6,agent_win,1,39,,0.2076,0.7336,0,,
partial,online_lrta,greedy,17,0.25,22253,False,6,agent_win,1,39,,0.2204,0.7336,0,,
partial,online_lrta,beam,17,0.25,22253,False,6,pursuer_win,0,12,,0.0831,0.4256,0,,
partial,online_lrta,astar,17,0.25,22253,False,6,pursuer_win,0,10,,0.0675,0.3702,0,,
partial,exploration,random,17,0.25,22253,False,6,agent_win,1,71,,1.2727,1.0,0,67,
partial,exploration,greedy,17,0.25,22253,False,6,agent_win,1,71,,1.2161,1.0,0,67,
partial,exploration,beam,17,0.25,22253,False,6,pursuer_win,0,12,,0.2504,0.4256,0,,
partial,exploration,astar,17,0.25,22253,False,6,pursuer_win,0,10,,0.1383,0.3702,0,,
partial,online_astar,random,17,0.25,22253,True,2,agent_win,1,41,,10.7308,0.4221,7,,
partial,online_astar,greedy,17,0.25,22253,True,2,agent_win,1,39,,10.8,0.4118,6,,
partial,online_astar,beam,17,0.25,22253,True,2,pursuer_win,0,13,,9.03,0.1799,2,,
partial,online_astar,astar,17,0.25,22253,True,2,pursuer_win,0,10,,7.8743,0.1419,1,,
partial,online_lrta,random,17,0.25,22253,True,2,agent_win,1,41,,0.2374,0.4221,7,,
partial,online_lrta,greedy,17,0.25,22253,True,2,agent_win,1,41,,0.2254,0.4187,7,,
partial,online_lrta,beam,17,0.25,22253,True,2,pursuer_win,0,13,,0.0886,0.1799,2,,
partial,online_lrta,astar,17,0.25,22253,True,2,pursuer_win,0,10,,0.0685,0.1419,1,,
partial,exploration,random,17,0.25,22253,True,2,pursuer_win,0,24,,0.2727,0.2595,4,,
partial,exploration,greedy,17,0.25,22253,True,2,pursuer_win,0,37,,0.4593,0.3772,6,,
partial,exploration,beam,17,0.25,22253,True,2,pursuer_win,0,13,,0.1565,0.1799,2,,
partial,exploration,astar,17,0.25,22253,True,2,pursuer_win,0,10,,0.1253,0.1419,1,,
partial,online_astar,random,17,0.25,22253,True,4,agent_win,1,37,,9.4848,0.6055,6,,
partial,online_astar,greedy,17,0.25,22253,True,4,agent_win,1,33,,9.2162,0.5952,5,,
partial,online_astar,beam,17,0.25,22253,True,4,pursuer_win,0,13,,8.1192,0.308,2,,
partial,online_astar,astar,17,0.25,22253,True,4,pursuer_win,0,10,,7.1399,0.2491,1,,
partial,online_lrta,random,17,0.25,22253,True,4,agent_win,1,41,,0.2337,0.6055,7,,
partial,online_lrta,greedy,17,0.25,22253,True,4,agent_win,1,41,,0.2244,0.6021,7,,
partial,online_lrta,beam,17,0.25,22253,True,4,pursuer_win,0,13,,0.0855,0.308,2,,
partial,online_lrta,astar,17,0.25,22253,True,4,pursuer_win,0,10,,0.0665,0.2491,1,,
partial,exploration,random,17,0.25,22253,True,4,agent_win,1,67,,0.9406,0.9585,11,61,
partial,exploration,greedy,17,0.25,22253,True,4,agent_win,1,59,,0.8553,0.9446,10,57,
partial,exploration,beam,17,0.25,22253,True,4,pursuer_win,0,13,,0.2074,0.308,2,,
partial,exploration,astar,17,0.25,22253,True,4,pursuer_win,0,10,,0.142,0.2491,1,,
partial,online_astar,random,17,0.25,22253,True,6,agent_win,1,35,,8.065,0.7439,6,,
partial,online_astar,greedy,17,0.25,22253,True,6,agent_win,1,31,,8.6025,0.7336,5,,
partial,online_astar,beam,17,0.25,22253,True,6,pursuer_win,0,13,,7.5653,0.4464,2,,
partial,online_astar,astar,17,0.25,22253,True,6,pursuer_win,0,10,,6.3173,0.3702,1,,
partial,online_lrta,random,17,0.25,22253,True,6,agent_win,1,41,,0.2664,0.7439,7,,
partial,online_lrta,greedy,17,0.25,22253,True,6,agent_win,1,41,,0.2253,0.7336,7,,
partial,online_lrta,beam,17,0.25,22253,True,6,pursuer_win,0,13,,0.0856,0.4464,2,,
partial,online_lrta,astar,17,0.25,22253,True,6,pursuer_win,0,10,,0.0729,0.3702,1,,
partial,exploration,random,17,0.25,22253,True,6,agent_win,1,117,,1.6402,1.0,19,,
partial,exploration,greedy,17,0.25,22253,True,6,pursuer_win,0,53,,1.0548,0.9654,9,,
partial,exploration,beam,17,0.25,22253,True,6,pursuer_win,0,13,,0.248,0.4464,2,,
partial,exploration,astar,17,0.25,22253,True,6,pursuer_win,0,10,,0.1423,0.3702,1,,
partial,online_astar,random,17,0.25,22254,False,2,agent_win,1,41,,13.321,0.4429,0,,
partial,online_astar,greedy,17,0.25,22254,False,2,agent_win,1,41,,12.8387,0.4429,0,,
partial,online_astar,beam,17,0.25,22254,False,2,agent_win,1,41,,12.286,0.4429,0,,
partial,online_astar,astar,17,0.25,22254,False,2,agent_win,1,41,,12.6434,0.4429,0,,
partial,online_lrta,random,17,0.25,22254,False,2,agent_win,1,45,,0.2193,0.4533,0,,
partial,online_lrta,greedy,17,0.25,22254,False,2,agent_win,1,45,,0.2128,0.4533,0,,
partial,online_lrta,beam,17,0.25,22254,False,2,agent_win,1,45,,0.255,0.4533,0,,
partial,online_lrta,astar,17,0.25,22254,False,2,agent_win,1,45,,0.2525,0.4533,0,,
partial,exploration,random,17,0.25,22254,False,2,agent_win,1,99,,0.9894,0.7405,0,99,
partial,exploration,greedy,17,0.25,22254,False,2,agent_win,1,99,,0.9943,0.7405,0,99,
partial,exploration,beam,17,0.25,22254,False,2,agent_win,1,99,,1.0541,0.7405,0,99,
partial,exploration,astar,17,0.25,22254,False,2,agent_win,1,99,,1.0451,0.7405,0,99,
partial,online_astar,random,17,0.25,22254,False,4,agent_win,1,31,,9.5706,0.6228,0,,
partial,online_astar,greedy,17,0.25,22254,False,4,agent_win,1,31,,9.3933,0.6228,0,,
partial,online_astar,beam,17,0.25,22254,False,4,agent_win,1,31,,9.5966,0.6228,0,,
partial,online_astar,astar,17,0.25,22254,False,4,agent_win,1,31,,9.7253,0.6228,0,,
partial,online_lrta,random,17,0.25,22254,False,4,agent_win,1,45,,0.2473,0.6471,0,,
partial,online_lrta,greedy,17,0.25,22254,False,4,agent_win,1,45,,0.2188,0.6471,0,,
partial,online_lrta,beam,17,0.25,22254,False,4,agent_win,1,45,,0.2616,0.6471,0,,
partial,online_lrta,astar,17,0.25,22254,False,4,agent_win,1,45,,0.3338,0.6471,0,,
partial,exploration,random,17,0.25,22254,False,4,agent_win,1,111,,1.5963,0.9896,0,109,
partial,exploration,greedy,17,0.25,22254,False,4,agent_win,1,111,,1.7186,0.9896,0,109,
partial,exploration,beam,17,0.25,22254,False,4,agent_win,1,111,,1.6027,0.9896,0,109,
partial,exploration,astar,17,0.25,22254,False,4,agent_win,1,111,,1.654,0.9896,0,109,
partial,online_astar,random,17,0.25,22254,False,6,agent_win,1,31,,8.5288,0.7751,0,,
partial,online_astar,greedy,17,0.25,22254,False,6,agent_win,1,31,,8.6434,0.7751,0,,
partial,online_astar,beam,17,0.25,22254,False,6,agent_win,1,31,,8.4543,0.7751,0,,
partial,online_astar,astar,17,0.25,22254,False,6,agent_win,1,31,,8.6212,0.7751,0,,
partial,online_lrta,random,17,0.25,22254,False,6,agent_win,1,45,,0.2424,0.7855,0,,
partial,online_lrta,greedy,17,0.25,22254,False,6,agent_win,1,45,,0.2297,0.7855,0,,
partial,online_lrta,beam,17,0.25,22254,False,6,agent_win,1,45,,0.3491,0.7855,0,,
partial,online_lrta,astar,17,0.25,22254,False,6,agent_win,1,45,,0.242,0.7855,0,,
partial,exploration,random,17,0.25,22254,False,6,agent_win,1,49,,0.8191,0.9273,0,45,
partial,exploration,greedy,17,0.25,22254,False,6,agent_win,1,49,,0.854,0.9273,0,45,
partial,exploration,beam,17,0.25,22254,False,6,agent_win,1,49,,0.8459,0.9273,0,45,
partial,exploration,astar,17,0.25,22254,False,6,agent_win,1,49,,0.8511,0.9273,0,45,
partial,online_astar,random,17,0.25,22254,True,2,agent_win,1,41,,12.7299,0.4429,7,,
partial,online_astar,greedy,17,0.25,22254,True,2,agent_win,1,41,,12.9599,0.4429,7,,
partial,online_astar,beam,17,0.25,22254,True,2,agent_win,1,41,,12.9822,0.4429,7,,
partial,online_astar,astar,17,0.25,22254,True,2,agent_win,1,41,,12.8643,0.4429,7,,
partial,online_lrta,random,17,0.25,22254,True,2,agent_win,1,45,,0.2556,0.4533,7,,
partial,online_lrta,greedy,17,0.25,22254,True,2,agent_win,1,45,,0.2368,0.4533,7,,
partial,online_lrta,beam,17,0.25,22254,True,2,agent_win,1,45,,0.2699,0.4533,7,,
partial,online_lrta,astar,17,0.25,22254,True,2,agent_win,1,45,,0.2654,0.4533,7,,
partial,exploration,random,17,0.25,22254,True,2,agent_win,1,101,,2.4536,0.436,17,,
partial,exploration,greedy,17,0.25,22254,True,2,pursuer_win,0,125,,1.5424,0.8408,21,,
partial,exploration,beam,17,0.25,22254,True,2,pursuer_win,0,76,,1.1361,0.5363,12,,
partial,exploration,astar,17,0.25,22254,True,2,pursuer_win,0,87,,0.9855,0.6194,14,,
partial,online_astar,random,17,0.25,22254,True,4,agent_win,1,31,,10.2574,0.6228,5,,
partial,online_astar,greedy,17,0.25,22254,True,4,agent_win,1,31,,9.5113,0.6228,5,,
partial,online_astar,beam,17,0.25,22254,True,4,agent_win,1,31,,9.8111,0.6228,5,,
partial,online_astar,astar,17,0.25,22254,True,4,agent_win,1,31,,9.816,0.6228,5,,
partial,online_lrta,random,17,0.25,22254,True,4,agent_win,1,45,,0.2557,0.6471,7,,
partial,online_lrta,greedy,17,0.25,22254,True,4,agent_win,1,45,,0.2524,0.6471,7,,
partial,online_lrta,beam,17,0.25,22254,True,4,agent_win,1,45,,0.2675,0.6471,7,,
partial,online_lrta,astar,17,0.25,22254,True,4,agent_win,1,45,,0.2592,0.6471,7,,
partial,exploration,random,17,0.25,22254,True,4,agent_win,1,103,,1.9115,0.9896,17,101,
partial,exploration,greedy,17,0.25,22254,True,4,pursuer_win,0,79,,1.0544,0.8927,13,,
partial,exploration,beam,17,0.25,22254,True,4,pursuer_win,0,84,,1.4068,0.9481,14,,
partial,exploration,astar,17,0.25,22254,True,4,pursuer_win,0,84,,1.4212,0.9481,14,,
partial,online_astar,random,17,0.25,22254,True,6,agent_win,1,31,,8.4735,0.7751,5,,
partial,online_astar,greedy,17,0.25,22254,True,6,agent_win,1,31,,8.4192,0.7751,5,,
partial,online_astar,beam,17,0.25,22254,True,6,agent_win,1,31,,8.6385,0.7751,5,,
partial,online_astar,astar,17,0.25,22254,True,6,agent_win,1,31,,8.5794,0.7751,5,,
partial,online_lrta,random,17,0.25,22254,True,6,agent_win,1,45,,0.2884,0.7855,7,,
partial,online_lrta,greedy,17,0.25,22254,True,6,agent_win,1,45,,0.257,0.7855,7,,
partial,online_lrta,beam,17,0.25,22254,True,6,agent_win,1,45,,0.3194,0.7855,7,,
partial,online_lrta,astar,17,0.25,22254,True,6,agent_win,1,45,,0.3097,0.7855,7,,
partial,exploration,random,17,0.25,22254,True,6,agent_win,1,73,,1.6414,0.9896,12,69,
partial,exploration,greedy,17,0.25,22254,True,6,agent_win,1,37,,0.6506,0.7855,6,33,
partial,exploration,beam,17,0.25,22254,True,6,agent_win,1,37,,0.5934,0.7855,6,33,
partial,exploration,astar,17,0.25,22254,True,6,agent_win,1,37,,0.6452,0.7855,6,33,
partial,online_astar,random,17,0.35,22350,False,2,agent_win,1,45,,10.8056,0.4948,0,,
partial,online_astar,greedy,17,0.35,22350,False,2,agent_win,1,45,,10.465,0.4948,0,,
partial,online_astar,beam,17,0.35,22350,False,2,pursuer_win,0,26,,18.0402,0.3114,0,,
partial,online_astar,astar,17,0.35,22350,False,2,agent_win,1,45,,11.3648,0.4948,0,,
partial,online_lrta,random,17,0.35,22350,False,2,agent_win,1,57,,0.276,0.4637,0,,
partial,online_lrta,greedy,17,0.35,22350,False,2,pursuer_win,0,40,,0.1706,0.3633,0,,
partial,online_lrta,beam,17,0.35,22350,False,2,pursuer_win,0,28,,0.1534,0.2491,0,,
partial,online_lrta,astar,17,0.35,22350,False,2,pursuer_win,0,21,,0.1235,0.2318,0,,
partial,exploration,random,17,0.35,22350,False,2,agent_win,1,119,,1.1372,0.9412,0,119,
partial,exploration,greedy,17,0.35,22350,False,2,pursuer_win,0,42,,0.4126,0.3668,0,,
partial,exploration,beam,17,0.35,22350,False,2,pursuer_win,0,33,,0.3814,0.3149,0,,
partial,exploration,astar,17,0.35,22350,False,2,pursuer_win,0,12,,0.1229,0.1211,0,,
partial,online_astar,random,17,0.35,22350,False,4,agent_win,1,39,,9.431,0.654,0,,
partial,online_astar,greedy,17,0.35,22350,False,4,agent_win,1,39,,9.4027,0.654,0,,
partial,online_astar,beam,17,0.35,22350,False,4,pursuer_win,0,24,,8.7609,0.4671,0,,
partial,online_astar,astar,17,0.35,22350,False,4,agent_win,1,39,,9.4431,0.654,0,,
partial,online_lrta,random,17,0.35,22350,False,4,agent_win,1,57,,0.2793,0.6505,0,,
partial,online_lrta,greedy,17,0.35,22350,False,4,pursuer_win,0,40,,0.1872,0.5502,0,,
partial,online_lrta,beam,17,0.35,22350,False,4,pursuer_win,0,28,,0.1605,0.4083,0,,
partial,online_lrta,astar,17,0.35,22350,False,4,pursuer_win,0,21,,0.127,0.391,0,,
partial,exploration,random,17,0.35,22350,False,4,pursuer_win,0,51,,1.0011,0.9239,0,,
partial,exploration,greedy,17,0.35,22350,False,4,pursuer_win,0,45,,0.6129,0.8235,0,,
partial,exploration,beam,17,0.35,22350,False,4,pursuer_win,0,25,,0.4007,0.4706,0,,
partial,exploration,astar,17,0.35,22350,False,4,pursuer_win,0,62,,1.1446,0.9758,0,,
partial,online_astar,random,17,0.35,22350,False,6,agent_win,1,39,,8.879,0.7682,0,,
partial,online_astar,greedy,17,0.35,22350,False,6,agent_win,1,39,,9.2328,0.7682,0,,
partial,online_astar,beam,17,0.35,22350,False,6,pursuer_win,0,24,,8.5861,0.5848,0,,
partial,online_astar,astar,17,0.35,22350,False,6,agent_win,1,39,,10.3062,0.7682,0,,
partial,online_lrta,random,17,0.35,22350,False,6,agent_win,1,57,,0.3242,0.7682,0,,
partial,online_lrta,greedy,17,0.35,22350,False,6,pursuer_win,0,40,,0.1886,0.6955,0,,
partial,online_lrta,beam,17,0.35,22350,False,6,pursuer_win,0,28,,0.1624,0.5502,0,,
partial,online_lrta,astar,17,0.35,22350,False,6,pursuer_win,0,21,,0.129,0.5329,0,,
partial,exploration,random,17,0.35,22350,False,6,agent_win,1,39,,0.5479,0.7647,0,35,
partial,exploration,greedy,17,0.35,22350,False,6,pursuer_win,0,20,,0.3716,0.4671,0,,
partial,exploration,beam,17,0.35,22350,False,6,pursuer_win,0,16,,0.3074,0.3875,0,,
partial,exploration,astar,17,0.35,22350,False,6,pursuer_win,0,11,,0.1813,0.3426,0,,
partial,online_astar,random,17,0.35,22350,True,2,agent_win,1,41,,11.4174,0.4602,7,,
partial,online_astar,greedy,17,0.35,22350,True,2,agent_win,1,37,,10.9466,0.4256,6,,
partial,online_astar,beam,17,0.35,22350,True,2,pursuer_win,0,24,,10.5754,0.3287,4,,
partial,online_astar,astar,17,0.35,22350,True,2,agent_win,1,37,,11.0623,0.4256,6,,
partial,online_lrta,random,17,0.35,22350,True,2,agent_win,1,37,,0.2052,0.4048,6,,
partial,online_lrta,greedy,17,0.35,22350,True,2,agent_win,1,43,,0.2302,0.436,7,,
partial,online_lrta,beam,17,0.35,22350,True,2,pursuer_win,0,21,,0.1365,0.2768,3,,
partial,online_lrta,astar,17,0.35,22350,True,2,pursuer_win,0,31,,0.1905,0.3529,5,,
partial,exploration,random,17,0.35,22350,True,2,pursuer_win,0,114,,1.1596,0.7889,19,,
partial,exploration,greedy,17,0.35,22350,True,2,agent_win,1,109,,1.4728,0.5952,17,,
partial,exploration,beam,17,0.35,22350,True,2,pursuer_win,0,35,,0.5206,0.3114,6,,
partial,exploration,astar,17,0.35,22350,True,2,pursuer_win,0,12,,0.1265,0.1211,2,,
partial,online_astar,random,17,0.35,22350,True,4,agent_win,1,37,,9.1662,0.6159,6,,
partial,online_astar,greedy,17,0.35,22350,True,4,agent_win,1,33,,10.5777,0.6021,5,,
partial,online_astar,beam,17,0.35,22350,True,4,pursuer_win,0,22,,10.3912,0.5017,3,,
partial,online_astar,astar,17,0.35,22350,True,4,agent_win,1,33,,10.0037,0.6021,5,,
partial,online_lrta,random,17,0.35,22350,True,4,agent_win,1,37,,0.2204,0.5952,6,,
partial,online_lrta,greedy,17,0.35,22350,True,4,agent_win,1,43,,0.2345,0.6263,7,,
partial,online_lrta,beam,17,0.35,22350,True,4,pursuer_win,0,21,,0.1416,0.4498,3,,
partial,online_lrta,astar,17,0.35,22350,True,4,pursuer_win,0,31,,0.2059,0.5398,5,,
partial,exploration,random,17,0.35,22350,True,4,pursuer_win,0,71,,1.4087,0.9758,12,,
partial,exploration,greedy,17,0.35,22350,True,4,pursuer_win,0,45,,1.0566,0.8235,7,,
partial,exploration,beam,17,0.35,22350,True,4,pursuer_win,0,25,,0.365,0.4706,4,,
partial,exploration,astar,17,0.35,22350,True,4,pursuer_win,0,72,,1.1619,0.9619,12,,
partial,online_astar,random,17,0.35,22350,True,6,agent_win,1,37,,9.0262,0.7336,6,,
partial,online_astar,greedy,17,0.35,22350,True,6,agent_win,1,31,,8.67,0.7474,5,,
partial,online_astar,beam,17,0.35,22350,True,6,pursuer_win,0,21,,9.0952,0.6505,3,,
partial,online_astar,astar,17,0.35,22350,True,6,agent_win,1,31,,7.7306,0.7474,5,,
partial,online_lrta,random,17,0.35,22350,True,6,agent_win,1,37,,0.2017,0.7266,6,,
partial,online_lrta,greedy,17,0.35,22350,True,6,agent_win,1,43,,0.2295,0.7578,7,,
partial,online_lrta,beam,17,0.35,22350,True,6,pursuer_win,0,21,,0.1348,0.5986,3,,
partial,online_lrta,astar,17,0.35,22350,True,6,pursuer_win,0,31,,0.1899,0.6817,5,,
partial,exploration,random,17,0.35,22350,True,6,agent_win,1,49,,0.7522,0.91,8,45,
partial,exploration,greedy,17,0.35,22350,True,6,pursuer_win,0,20,,0.3058,0.4671,3,,
partial,exploration,beam,17,0.35,22350,True,6,pursuer_win,0,16,,0.2487,0.3875,2,,
partial,exploration,astar,17,0.35,22350,True,6,pursuer_win,0,11,,0.1767,0.3426,2,,
partial,online_astar,random,17,0.35,22351,False,2,agent_win,1,51,,14.2049,0.5329,0,,
partial,online_astar,greedy,17,0.35,22351,False,2,agent_win,1,51,,13.849,0.5329,0,,
partial,online_astar,beam,17,0.35,22351,False,2,agent_win,1,51,,13.9395,0.5329,0,,
partial,online_astar,astar,17,0.35,22351,False,2,agent_win,1,51,,14.1398,0.5329,0,,
partial,online_lrta,random,17,0.35,22351,False,2,agent_win,1,55,,0.2656,0.5294,0,,
partial,online_lrta,greedy,17,0.35,22351,False,2,agent_win,1,55,,0.2784,0.5294,0,,
partial,online_lrta,beam,17,0.35,22351,False,2,agent_win,1,55,,0.3627,0.5294,0,,
partial,online_lrta,astar,17,0.35,22351,False,2,agent_win,1,55,,0.3104,0.5294,0,,
partial,exploration,random,17,0.35,22351,False,2,agent_win,1,133,,1.3794,0.8374,0,133,
partial,exploration,greedy,17,0.35,22351,False,2,agent_win,1,133,,1.3163,0.8374,0,133,
partial,exploration,beam,17,0.35,22351,False,2,agent_win,1,133,,1.443,0.8374,0,133,
partial,exploration,astar,17,0.35,22351,False,2,agent_win,1,133,,2.0574,0.8374,0,133,
partial,online_astar,random,17,0.35,22351,False,4,agent_win,1,43,,12.0783,0.6817,0,,
partial,online_astar,greedy,17,0.35,22351,False,4,agent_win,1,43,,10.2395,0.6817,0,,
partial,online_astar,beam,17,0.35,22351,False,4,agent_win,1,43,,10.3789,0.6817,0,,
partial,online_astar,astar,17,0.35,22351,False,4,agent_win,1,43,,10.8049,0.6817,0,,
partial,online_lrta,random,17,0.35,22351,False,4,agent_win,1,55,,0.2667,0.6955,0,,
partial,online_lrta,greedy,17,0.35,22351,False,4,agent_win,1,55,,0.2609,0.6955,0,,
partial,online_lrta,beam,17,0.35,22351,False,4,agent_win,1,55,,0.2964,0.6955,0,,
partial,online_lrta,astar,17,0.35,22351,False,4,agent_win,1,55,,0.2957,0.6955,0,,
partial,exploration,random,17,0.35,22351,False,4,agent_win,1,79,,1.0613,0.8824,0,77,
partial,exploration,greedy,17,0.35,22351,False,4,agent_win,1,79,,1.0551,0.8824,0,77,
partial,exploration,beam,17,0.35,22351,False,4,agent_win,1,79,,1.0835,0.8824,0,77,
partial,exploration,astar,17,0.35,22351,False,4,agent_win,1,79,,1.0754,0.8824,0,77,
partial,online_astar,random,17,0.35,22351,False,6,agent_win,1,39,,9.1932,0.7958,0,,
partial,online_astar,greedy,17,0.35,22351,False,6,agent_win,1,39,,9.0606,0.7958,0,,
partial,online_astar,beam,17,0.35,22351,False,6,agent_win,1,39,,9.2966,0.7958,0,,
partial,online_astar,astar,17,0.35,22351,False,6,agent_win,1,39,,9.1154,0.7958,0,,
partial,online_lrta,random,17,0.35,22351,False,6,agent_win,1,55,,0.2807,0.8062,0,,
partial,online_lrta,greedy,17,0.35,22351,False,6,agent_win,1,55,,0.2633,0.8062,0,,
partial,online_lrta,beam,17,0.35,22351,False,6,agent_win,1,55,,0.3117,0.8062,0,,
partial,online_lrta,astar,17,0.35,22351,False,6,agent_win,1,55,,0.3158,0.8062,0,,
partial,exploration,random,17,0.35,22351,False,6,agent_win,1,79,,1.3043,0.9896,0,75,
partial,exploration,greedy,17,0.35,22351,False,6,agent_win,1,79,,1.263,0.9896,0,75,
partial,exploration,beam,17,0.35,22351,False,6,agent_win,1,79,,1.3141,0.9896,0,75,
partial,exploration,astar,17,0.35,22351,False,6,agent_win,1,79,,1.3121,0.9896,0,75,
partial,online_astar,random,17,0.35,22351,True,2,agent_win,1,51,,17.1211,0.5156,8,,
partial,online_astar,greedy,17,0.35,22351,True,2,agent_win,1,47,,12.9356,0.4775,8,,
partial,online_astar,beam,17,0.35,22351,True,2,agent_win,1,47,,12.4033,0.4775,8,,
partial,online_astar,astar,17,0.35,22351,True,2,agent_win,1,47,,12.8725,0.4775,8,,
partial,online_lrta,random,17,0.35,22351,True,2,agent_win,1,55,,0.294,0.519,9,,
partial,online_lrta,greedy,17,0.35,22351,True,2,agent_win,1,61,,0.3107,0.4913,10,,
partial,online_lrta,beam,17,0.35,22351,True,2,agent_win,1,61,,0.3511,0.4913,10,,
partial,online_lrta,astar,17,0.35,22351,True,2,agent_win,1,61,,0.3417,0.4913,10,,
partial,exploration,random,17,0.35,22351,True,2,pursuer_win,0,112,,1.1934,0.8651,18,,
partial,exploration,greedy,17,0.35,22351,True,2,timeout,0,200,,3.4306,0.8201,30,,
partial,exploration,beam,17,0.35,22351,True,2,pursuer_win,0,84,,1.0501,0.5329,14,,
partial,exploration,astar,17,0.35,22351,True,2,pursuer_win,0,84,,1.0032,0.5329,14,,
partial,online_astar,random,17,0.35,22351,True,4,agent_win,1,41,,10.1041,0.6713,7,,
partial,online_astar,greedy,17,0.35,22351,True,4,agent_win,1,45,,10.9691,0.6747,7,,
partial,online_astar,beam,17,0.35,22351,True,4,agent_win,1,45,,10.862,0.6747,7,,
partial,online_astar,astar,17,0.35,22351,True,4,agent_win,1,45,,10.885,0.6747,7,,
partial,online_lrta,random,17,0.35,22351,True,4,agent_win,1,55,,0.2971,0.6955,9,,
partial,online_lrta,greedy,17,0.35,22351,True,4,agent_win,1,61,,0.3103,0.6747,10,,
partial,online_lrta,beam,17,0.35,22351,True,4,agent_win,1,61,,0.4278,0.6747,10,,
partial,online_lrta,astar,17,0.35,22351,True,4,agent_win,1,61,,0.346,0.6747,10,,
partial,exploration,random,17,0.35,22351,True,4,agent_win,1,55,,0.789,0.8304,9,53,
partial,exploration,greedy,17,0.35,22351,True,4,agent_win,1,69,,1.4683,0.9343,11,67,
partial,exploration,beam,17,0.35,22351,True,4,agent_win,1,69,,0.8901,0.9343,11,67,
partial,exploration,astar,17,0.35,22351,True,4,agent_win,1,69,,0.9076,0.9343,11,67,
partial,online_astar,random,17,0.35,22351,True,6,agent_win,1,39,,8.8743,0.7958,6,,
partial,online_astar,greedy,17,0.35,22351,True,6,agent_win,1,39,,9.6828,0.7958,6,,
partial,online_astar,beam,17,0.35,22351,True,6,agent_win,1,39,,10.0683,0.7958,6,,
partial,online_astar,astar,17,0.35,22351,True,6,agent_win,1,39,,10.3403,0.7958,6,,
partial,online_lrta,random,17,0.35,22351,True,6,agent_win,1,55,,0.293,0.8062,9,,
partial,online_lrta,greedy,17,0.35,22351,True,6,agent_win,1,61,,0.3139,0.8062,10,,
partial,online_lrta,beam,17,0.35,22351,True,6,agent_win,1,61,,0.3447,0.8062,10,,
partial,online_lrta,astar,17,0.35,22351,True,6,agent_win,1,61,,0.3526,0.8062,10,,
partial,exploration,random,17,0.35,22351,True,6,agent_win,1,61,,0.8756,0.9827,10,57,
partial,exploration,greedy,17,0.35,22351,True,6,agent_win,1,57,,0.8277,0.9758,9,53,
partial,exploration,beam,17,0.35,22351,True,6,agent_win,1,57,,0.8599,0.9758,9,53,
partial,exploration,astar,17,0.35,22351,True,6,agent_win,1,57,,0.8492,0.9758,9,53,
partial,online_astar,random,17,0.35,22352,False,2,pursuer_win,0,36,,11.6379,0.4706,0,,
partial,online_astar,greedy,17,0.35,22352,False,2,agent_win,1,45,,11.8523,0.5052,0,,
partial,online_astar,beam,17,0.35,22352,False,2,pursuer_win,0,33,,11.7245,0.4221,0,,
partial,online_astar,astar,17,0.35,22352,False,2,pursuer_win,0,25,,13.9746,0.3356,0,,
partial,online_lrta,random,17,0.35,22352,False,2,pursuer_win,0,58,,0.4114,0.4637,0,,
partial,online_lrta,greedy,17,0.35,22352,False,2,agent_win,1,71,,0.3388,0.5294,0,,
partial,online_lrta,beam,17,0.35,22352,False,2,pursuer_win,0,36,,0.2071,0.4083,0,,
partial,online_lrta,astar,17,0.35,22352,False,2,pursuer_win,0,27,,0.1876,0.3218,0,,
partial,exploration,random,17,0.35,22352,False,2,pursuer_win,0,60,,0.5969,0.5502,0,,
partial,exploration,greedy,17,0.35,22352,False,2,pursuer_win,0,94,,0.8184,0.8512,0,,
partial,exploration,beam,17,0.35,22352,False,2,pursuer_win,0,54,,0.6172,0.4913,0,,
partial,exploration,astar,17,0.35,22352,False,2,pursuer_win,0,33,,0.4448,0.3045,0,,
partial,online_astar,random,17,0.35,22352,False,4,agent_win,1,39,,10.8167,0.7093,0,,
partial,online_astar,greedy,17,0.35,22352,False,4,agent_win,1,39,,10.8846,0.7093,0,,
partial,online_astar,beam,17,0.35,22352,False,4,pursuer_win,0,32,,10.0911,0.6747,0,,
partial,online_astar,astar,17,0.35,22352,False,4,pursuer_win,0,24,,9.4294,0.5467,0,,
partial,online_lrta,random,17,0.35,22352,False,4,pursuer_win,0,58,,0.2703,0.7093,0,,
partial,online_lrta,greedy,17,0.35,22352,False,4,agent_win,1,71,,0.3276,0.7578,0,,
partial,online_lrta,beam,17,0.35,22352,False,4,pursuer_win,0,36,,0.2356,0.6401,0,,
partial,online_lrta,astar,17,0.35,22352,False,4,pursuer_win,0,27,,0.1572,0.5294,0,,
partial,exploration,random,17,0.35,22352,False,4,agent_win,1,53,,0.5643,0.7474,0,47,
partial,exploration,greedy,17,0.35,22352,False,4,agent_win,1,53,,0.5583,0.7474,0,47,
partial,exploration,beam,17,0.35,22352,False,4,pursuer_win,0,37,,0.4693,0.5986,0,,
partial,exploration,astar,17,0.35,22352,False,4,pursuer_win,0,30,,0.4356,0.5121,0,,
partial,online_astar,random,17,0.35,22352,False,6,agent_win,1,37,,8.2232,0.827,0,,
partial,online_astar,greedy,17,0.35,22352,False,6,agent_win,1,37,,14.2458,0.827,0,,
partial,online_astar,beam,17,0.35,22352,False,6,pursuer_win,0,30,,8.4626,0.8097,0,,
partial,online_astar,astar,17,0.35,22352,False,6,pursuer_win,0,23,,7.768,0.692,0,,
partial,online_lrta,random,17,0.35,22352,False,6,pursuer_win,0,58,,0.3839,0.8374,0,,
partial,online_lrta,greedy,17,0.35,22352,False,6,agent_win,1,71,,0.622,0.8685,0,,
partial,online_lrta,beam,17,0.35,22352,False,6,pursuer_win,0,36,,0.3366,0.7889,0,,
partial,online_lrta,astar,17,0.35,22352,False,6,pursuer_win,0,27,,0.1974,0.6782,0,,
partial,exploration,random,17,0.35,22352,False,6,agent_win,1,41,,0.7857,0.8339,0,37,
partial,exploration,greedy,17,0.35,22352,False,6,agent_win,1,41,,0.5655,0.8339,0,37,
partial,exploration,beam,17,0.35,22352,False,6,pursuer_win,0,33,,0.5271,0.7993,0,,
partial,exploration,astar,17,0.35,22352,False,6,pursuer_win,0,25,,0.4621,0.6713,0,,
partial,online_astar,random,17,0.35,22352,True,2,agent_win,1,51,,13.0089,0.5398,8,,
partial,online_astar,greedy,17,0.35,22352,True,2,agent_win,1,41,,11.6262,0.4913,6,,
partial,online_astar,beam,17,0.35,22352,True,2,pursuer_win,0,17,,9.9479,0.2491,3,,
partial,online_astar,astar,17,0.35,22352,True,2,pursuer_win,0,18,,10.4978,0.2664,3,,
partial,online_lrta,random,17,0.35,22352,True,2,agent_win,1,101,,0.613,0.5779,17,,
partial,online_lrta,greedy,17,0.35,22352,True,2,agent_win,1,71,,0.3501,0.5121,12,,
partial,online_lrta,beam,17,0.35,22352,True,2,pursuer_win,0,31,,0.1908,0.3322,5,,
partial,online_lrta,astar,17,0.35,22352,True,2,pursuer_win,0,38,,0.2638,0.3979,6,,
partial,exploration,random,17,0.35,22352,True,2,pursuer_win,0,25,,0.2693,0.3322,4,,
partial,exploration,greedy,17,0.35,22352,True,2,pursuer_win,0,31,,0.3291,0.346,5,,
partial,exploration,beam,17,0.35,22352,True,2,pursuer_win,0,23,,0.2859,0.2595,4,,
partial,exploration,astar,17,0.35,22352,True,2,pursuer_win,0,24,,0.276,0.2664,4,,
partial,online_astar,random,17,0.35,22352,True,4,agent_win,1,43,,11.4197,0.7232,7,,
partial,online_astar,greedy,17,0.35,22352,True,4,agent_win,1,37,,9.2088,0.6851,6,,
partial,online_astar,beam,17,0.35,22352,True,4,agent_win,1,37,,9.5319,0.6851,6,,
partial,online_astar,astar,17,0.35,22352,True,4,agent_win,1,37,,9.6872,0.6851,6,,
partial,online_lrta,random,17,0.35,22352,True,4,agent_win,1,101,,0.5713,0.7647,17,,
partial,online_lrta,greedy,17,0.35,22352,True,4,agent_win,1,71,,0.3785,0.7163,12,,
partial,online_lrta,beam,17,0.35,22352,True,4,pursuer_win,0,31,,0.1908,0.5398,5,,
partial,online_lrta,astar,17,0.35,22352,True,4,pursuer_win,0,38,,0.2373,0.609,6,,
partial,exploration,random,17,0.35,22352,True,4,pursuer_win,0,25,,0.3435,0.4567,4,,
partial,exploration,greedy,17,0.35,22352,True,4,agent_win,1,51,,0.719,0.7405,8,45,
partial,exploration,beam,17,0.35,22352,True,4,pursuer_win,0,26,,0.4111,0.481,4,,
partial,exploration,astar,17,0.35,22352,True,4,pursuer_win,0,44,,0.6986,0.7405,7,45,
partial,online_astar,random,17,0.35,22352,True,6,agent_win,1,41,,9.4858,0.8374,7,,
partial,online_astar,greedy,17,0.35,22352,True,6,agent_win,1,35,,8.6454,0.827,6,,
partial,online_astar,beam,17,0.35,22352,True,6,agent_win,1,35,,8.7277,0.827,6,,
partial,online_astar,astar,17,0.35,22352,True,6,agent_win,1,35,,8.5977,0.827,6,,
partial,online_lrta,random,17,0.35,22352,True,6,agent_win,1,101,,0.5427,0.8581,17,,
partial,online_lrta,greedy,17,0.35,22352,True,6,agent_win,1,71,,0.3821,0.8512,12,,
partial,online_lrta,beam,17,0.35,22352,True,6,pursuer_win,0,31,,0.1977,0.7128,5,,
partial,online_lrta,astar,17,0.35,22352,True,6,pursuer_win,0,38,,0.2449,0.7785,6,,
partial,exploration,random,17,0.35,22352,True,6,pursuer_win,0,18,,0.3344,0.5502,3,,
partial,exploration,greedy,17,0.35,22352,True,6,agent_win,1,43,,0.7218,0.8374,6,39,
partial,exploration,beam,17,0.35,22352,True,6,agent_win,1,43,,0.7704,0.8374,7,39,
partial,exploration,astar,17,0.35,22352,True,6,agent_win,1,43,,0.7387,0.8374,7,39,
partial,online_astar,random,17,0.35,22353,False,2,agent_win,1,49,,11.6572,0.5675,0,,
partial,online_astar,greedy,17,0.35,22353,False,2,pursuer_win,0,13,,8.2934,0.2076,0,,
partial,online_astar,beam,17,0.35,22353,False,2,pursuer_win,0,9,,7.0448,0.1522,0,,
partial,online_astar,astar,17,0.35,22353,False,2,pursuer_win,0,9,,6.944,0.1522,0,,
partial,online_lrta,random,17,0.35,22353,False,2,agent_win,1,51,,0.287,0.5675,0,,
partial,online_lrta,greedy,17,0.35,22353,False,2,pursuer_win,0,13,,0.0732,0.2076,0,,
partial,online_lrta,beam,17,0.35,22353,False,2,pursuer_win,0,9,,0.0621,0.1522,0,,
partial,online_lrta,astar,17,0.35,22353,False,2,pursuer_win,0,9,,0.0585,0.1522,0,,
partial,exploration,random,17,0.35,22353,False,2,pursuer_win,0,18,,0.1955,0.2249,0,,
partial,exploration,greedy,17,0.35,22353,False,2,pursuer_win,0,17,,0.1701,0.2076,0,,
partial,exploration,beam,17,0.35,22353,False,2,pursuer_win,0,9,,0.1084,0.1522,0,,
partial,exploration,astar,17,0.35,22353,False,2,pursuer_win,0,9,,0.104,0.1522,0,,
partial,online_astar,random,17,0.35,22353,False,4,agent_win,1,45,,11.2433,0.7163,0,,
partial,online_astar,greedy,17,0.35,22353,False,4,pursuer_win,0,13,,7.7578,0.3356,0,,
partial,online_astar,beam,17,0.35,22353,False,4,pursuer_win,0,9,,6.3116,0.2526,0,,
partial,online_astar,astar,17,0.35,22353,False,4,pursuer_win,0,9,,6.6807,0.2526,0,,
partial,online_lrta,random,17,0.35,22353,False,4,agent_win,1,51,,0.2529,0.7163,0,,
partial,online_lrta,greedy,17,0.35,22353,False,4,pursuer_win,0,13,,0.0779,0.3356,0,,
partial,online_lrta,beam,17,0.35,22353,False,4,pursuer_win,0,9,,0.0615,0.2526,0,,
partial,online_lrta,astar,17,0.35,22353,False,4,pursuer_win,0,9,,0.0582,0.2526,0,,
partial,exploration,random,17,0.35,22353,False,4,pursuer_win,0,18,,0.2318,0.3564,0,,
partial,exploration,greedy,17,0.35,22353,False,4,pursuer_win,0,17,,0.1735,0.3356,0,,
partial,exploration,beam,17,0.35,22353,False,4,pursuer_win,0,9,,0.1249,0.2526,0,,
partial,exploration,astar,17,0.35,22353,False,4,pursuer_win,0,9,,0.1278,0.2526,0,,
partial,online_astar,random,17,0.35,22353,False,6,agent_win,1,45,,11.023,0.8166,0,,
partial,online_astar,greedy,17,0.35,22353,False,6,pursuer_win,0,13,,7.1083,0.4637,0,,
partial,online_astar,beam,17,0.35,22353,False,6,pursuer_win,0,9,,6.6643,0.3668,0,,
partial,online_astar,astar,17,0.35,22353,False,6,pursuer_win,0,9,,5.6061,0.3668,0,,
partial,online_lrta,random,17,0.35,22353,False,6,agent_win,1,51,,0.2449,0.8166,0,,
partial,online_lrta,greedy,17,0.35,22353,False,6,pursuer_win,0,13,,0.0823,0.4637,0,,
partial,online_lrta,beam,17,0.35,22353,False,6,pursuer_win,0,9,,0.0593,0.3668,0,,
partial,online_lrta,astar,17,0.35,22353,False,6,pursuer_win,0,9,,0.0526,0.3668,0,,
partial,exploration,random,17,0.35,22353,False,6,pursuer_win,0,18,,0.1914,0.4775,0,,
partial,exploration,greedy,17,0.35,22353,False,6,pursuer_win,0,17,,0.1958,0.4637,0,,
partial,exploration,beam,17,0.35,22353,False,6,pursuer_win,0,9,,0.1282,0.3668,0,,
partial,exploration,astar,17,0.35,22353,False,6,pursuer_win,0,9,,0.1183,0.3668,0,,
partial,online_astar,random,17,0.35,22353,True,2,agent_win,1,55,,11.249,0.5675,9,,
partial,online_astar,greedy,17,0.35,22353,True,2,pursuer_win,0,13,,8.2158,0.2076,2,,
partial,online_astar,beam,17,0.35,22353,True,2,pursuer_win,0,9,,6.9332,0.1522,1,,
partial,online_astar,astar,17,0.35,22353,True,2,pursuer_win,0,9,,7.0994,0.1522,1,,
partial,online_lrta,random,17,0.35,22353,True,2,agent_win,1,89,,0.4614,0.5813,14,,
partial,online_lrta,greedy,17,0.35,22353,True,2,pursuer_win,0,13,,0.0763,0.2076,2,,
partial,online_lrta,beam,17,0.35,22353,True,2,pursuer_win,0,9,,0.0595,0.1522,1,,
partial,online_lrta,astar,17,0.35,22353,True,2,pursuer_win,0,9,,0.0627,0.1522,1,,
partial,exploration,random,17,0.35,22353,True,2,pursuer_win,0,15,,0.1544,0.1799,2,,
partial,exploration,greedy,17,0.35,22353,True,2,pursuer_win,0,15,,0.1467,0.1799,2,,
partial,exploration,beam,17,0.35,22353,True,2,pursuer_win,0,9,,0.1043,0.1522,1,,
partial,exploration,astar,17,0.35,22353,True,2,pursuer_win,0,9,,0.1019,0.1522,1,,
partial,online_astar,random,17,0.35,22353,True,4,agent_win,1,43,,10.0768,0.6644,7,,
partial,online_astar,greedy,17,0.35,22353,True,4,pursuer_win,0,13,,7.4536,0.3356,2,,
partial,online_astar,beam,17,0.35,22353,True,4,pursuer_win,0,9,,6.4705,0.2526,1,,
partial,online_astar,astar,17,0.35,22353,True,4,pursuer_win,0,9,,7.0806,0.2526,1,,
partial,online_lrta,random,17,0.35,22353,True,4,agent_win,1,89,,0.471,0.7232,14,,
partial,online_lrta,greedy,17,0.35,22353,True,4,pursuer_win,0,13,,0.0777,0.3356,2,,
partial,online_lrta,beam,17,0.35,22353,True,4,pursuer_win,0,9,,0.0628,0.2526,1,,
partial,online_lrta,astar,17,0.35,22353,True,4,pursuer_win,0,9,,0.0622,0.2526,1,,
partial,exploration,random,17,0.35,22353,True,4,pursuer_win,0,15,,0.2822,0.2941,2,,
partial,exploration,greedy,17,0.35,22353,True,4,pursuer_win,0,15,,0.2286,0.2941,2,,
partial,exploration,beam,17,0.35,22353,True,4,pursuer_win,0,9,,0.1299,0.2526,1,,
partial,exploration,astar,17,0.35,22353,True,4,pursuer_win,0,9,,0.1254,0.2526,1,,
partial,online_astar,random,17,0.35,22353,True,6,pursuer_win,0,12,,6.8888,0.4394,2,,
partial,online_astar,greedy,17,0.35,22353,True,6,agent_win,1,35,,8.7322,0.8062,5,,
partial,online_astar,beam,17,0.35,22353,True,6,pursuer_win,0,9,,5.8227,0.3668,1,,
partial,online_astar,astar,17,0.35,22353,True,6,pursuer_win,0,9,,5.7642,0.3668,1,,
partial,online_lrta,random,17,0.35,22353,True,6,agent_win,1,89,,0.5135,0.8374,14,,
partial,online_lrta,greedy,17,0.35,22353,True,6,pursuer_win,0,13,,0.0823,0.4637,2,,
partial,online_lrta,beam,17,0.35,22353,True,6,pursuer_win,0,9,,0.0627,0.3668,1,,
partial,online_lrta,astar,17,0.35,22353,True,6,pursuer_win,0,9,,0.0599,0.3668,1,,
partial,exploration,random,17,0.35,22353,True,6,pursuer_win,0,15,,0.2202,0.4221,2,,
partial,exploration,greedy,17,0.35,22353,True,6,pursuer_win,0,15,,0.2543,0.4221,2,,
partial,exploration,beam,17,0.35,22353,True,6,pursuer_win,0,9,,0.1354,0.3668,1,,
partial,exploration,astar,17,0.35,22353,True,6,pursuer_win,0,9,,0.1292,0.3668,1,,
partial,online_astar,random,17,0.35,22354,False,2,agent_win,1,35,,9.8685,0.4187,0,,
partial,online_astar,greedy,17,0.35,22354,False,2,pursuer_win,0,10,,7.7798,0.1696,0,,
partial,online_astar,beam,17,0.35,22354,False,2,pursuer_win,0,9,,7.2113,0.1522,0,,
partial,online_astar,astar,17,0.35,22354,False,2,pursuer_win,0,9,,7.2027,0.1522,0,,
partial,online_lrta,random,17,0.35,22354,False,2,agent_win,1,35,,0.1799,0.4187,0,,
partial,online_lrta,greedy,17,0.35,22354,False,2,pursuer_win,0,10,,0.0575,0.1696,0,,
partial,online_lrta,beam,17,0.35,22354,False,2,pursuer_win,0,9,,0.0598,0.1522,0,,
partial,online_lrta,astar,17,0.35,22354,False,2,pursuer_win,0,9,,0.059,0.1522,0,,
partial,exploration,random,17,0.35,22354,False,2,agent_win,1,91,,0.8322,0.737,0,79,
partial,exploration,greedy,17,0.35,22354,False,2,pursuer_win,0,10,,0.1214,0.1696,0,,
partial,exploration,beam,17,0.35,22354,False,2,pursuer_win,0,9,,0.1031,0.1522,0,,
partial,exploration,astar,17,0.35,22354,False,2,pursuer_win,0,9,,0.0976,0.1522,0,,
partial,online_astar,random,17,0.35,22354,False,4,agent_win,1,33,,7.7831,0.5813,0,,
partial,online_astar,greedy,17,0.35,22354,False,4,pursuer_win,0,10,,6.8216,0.2768,0,,
partial,online_astar,beam,17,0.35,22354,False,4,pursuer_win,0,9,,6.3935,0.2526,0,,
partial,online_astar,astar,17,0.35,22354,False,4,pursuer_win,0,9,,6.5904,0.2526,0,,
partial,online_lrta,random,17,0.35,22354,False,4,agent_win,1,35,,0.1772,0.5813,0,,
partial,online_lrta,greedy,17,0.35,22354,False,4,pursuer_win,0,10,,0.0555,0.2768,0,,
partial,online_lrta,beam,17,0.35,22354,False,4,pursuer_win,0,9,,0.06,0.2526,0,,
partial,online_lrta,astar,17,0.35,22354,False,4,pursuer_win,0,9,,0.058,0.2526,0,,
partial,exploration,random,17,0.35,22354,False,4,agent_win,1,51,,0.6596,0.7543,0,49,
partial,exploration,greedy,17,0.35,22354,False,4,pursuer_win,0,10,,0.1402,0.2768,0,,
partial,exploration,beam,17,0.35,22354,False,4,pursuer_win,0,9,,0.1429,0.2526,0,,
partial,exploration,astar,17,0.35,22354,False,4,pursuer_win,0,9,,0.1469,0.2526,0,,
partial,online_astar,random,17,0.35,22354,False,6,agent_win,1,33,,7.8171,0.7197,0,,
partial,online_astar,greedy,17,0.35,22354,False,6,pursuer_win,0,10,,6.7112,0.3979,0,,
partial,online_astar,beam,17,0.35,22354,False,6,pursuer_win,0,9,,6.5048,0.3668,0,,
partial,online_astar,astar,17,0.35,22354,False,6,pursuer_win,0,9,,6.3809,0.3668,0,,
partial,online_lrta,random,17,0.35,22354,False,6,agent_win,1,35,,0.2279,0.7197,0,,
partial,online_lrta,greedy,17,0.35,22354,False,6,pursuer_win,0,10,,0.0591,0.3979,0,,
partial,online_lrta,beam,17,0.35,22354,False,6,pursuer_win,0,9,,0.0627,0.3668,0,,
partial,online_lrta,astar,17,0.35,22354,False,6,pursuer_win,0,9,,0.0596,0.3668,0,,
partial,exploration,random,17,0.35,22354,False,6,agent_win,1,59,,0.8942,0.8927,0,51,
partial,exploration,greedy,17,0.35,22354,False,6,pursuer_win,0,10,,0.2638,0.3979,0,,
partial,exploration,beam,17,0.35,22354,False,6,pursuer_win,0,9,,0.1686,0.3668,0,,
partial,exploration,astar,17,0.35,22354,False,6,pursuer_win,0,9,,0.1647,0.3668,0,,
partial,online_astar,random,17,0.35,22354,True,2,agent_win,1,35,,9.4677,0.4187,5,,
partial,online_astar,greedy,17,0.35,22354,True,2,pursuer_win,0,10,,7.91,0.1696,1,,
partial,online_astar,beam,17,0.35,22354,True,2,pursuer_win,0,9,,7.3836,0.1522,1,,
partial,online_astar,astar,17,0.35,22354,True,2,pursuer_win,0,9,,7.3708,0.1522,1,,
partial,online_lrta,random,17,0.35,22354,True,2,agent_win,1,35,,0.2125,0.4187,5,,
partial,online_lrta,greedy,17,0.35,22354,True,2,pursuer_win,0,10,,0.0663,0.1696,1,,
partial,online_lrta,beam,17,0.35,22354,True,2,pursuer_win,0,9,,0.0645,0.1522,1,,
partial,online_lrta,astar,17,0.35,22354,True,2,pursuer_win,0,9,,0.067,0.1522,1,,
partial,exploration,random,17,0.35,22354,True,2,pursuer_win,0,18,,0.2799,0.2768,3,,
partial,exploration,greedy,17,0.35,22354,True,2,pursuer_win,0,10,,0.1386,0.1696,1,,
partial,exploration,beam,17,0.35,22354,True,2,pursuer_win,0,9,,0.1099,0.1522,1,,
partial,exploration,astar,17,0.35,22354,True,2,pursuer_win,0,9,,0.122,0.1522,1,,
partial,online_astar,random,17,0.35,22354,True,4,pursuer_win,0,17,,8.977,0.3979,3,,
partial,online_astar,greedy,17,0.35,22354,True,4,pursuer_win,0,10,,7.6742,0.2768,1,,
partial,online_astar,beam,17,0.35,22354,True,4,pursuer_win,0,9,,7.2744,0.2526,1,,
partial,online_astar,astar,17,0.35,22354,True,4,pursuer_win,0,9,,6.5127,0.2526,1,,
partial,online_lrta,random,17,0.35,22354,True,4,agent_win,1,35,,0.193,0.5813,5,,
partial,online_lrta,greedy,17,0.35,22354,True,4,pursuer_win,0,10,,0.0593,0.2768,1,,
partial,online_lrta,beam,17,0.35,22354,True,4,pursuer_win,0,9,,0.0599,0.2526,1,,
partial,online_lrta,astar,17,0.35,22354,True,4,pursuer_win,0,9,,0.0597,0.2526,1,,
partial,exploration,random,17,0.35,22354,True,4,pursuer_win,0,17,,0.2662,0.3979,3,,
partial,exploration,greedy,17,0.35,22354,True,4,pursuer_win,0,10,,0.1423,0.2768,1,,
partial,exploration,beam,17,0.35,22354,True,4,pursuer_win,0,9,,0.1539,0.2526,1,,
partial,exploration,astar,17,0.35,22354,True,4,pursuer_win,0,9,,0.1478,0.2526,1,,
partial,online_astar,random,17,0.35,22354,True,6,pursuer_win,0,17,,7.521,0.5156,3,,
partial,online_astar,greedy,17,0.35,22354,True,6,pursuer_win,0,10,,6.7309,0.3979,1,,
partial,online_astar,beam,17,0.35,22354,True,6,pursuer_win,0,9,,6.3781,0.3668,1,,
partial,online_astar,astar,17,0.35,22354,True,6,pursuer_win,0,9,,6.4063,0.3668,1,,
partial,online_lrta,random,17,0.35,22354,True,6,agent_win,1,35,,0.2122,0.7197,5,,
partial,online_lrta,greedy,17,0.35,22354,True,6,pursuer_win,0,10,,0.0626,0.3979,1,,
partial,online_lrta,beam,17,0.35,22354,True,6,pursuer_win,0,9,,0.0638,0.3668,1,,
partial,online_lrta,astar,17,0.35,22354,True,6,pursuer_win,0,9,,0.0625,0.3668,1,,
partial,exploration,random,17,0.35,22354,True,6,agent_win,1,57,,0.8092,0.8927,8,49,
partial,exploration,greedy,17,0.35,22354,True,6,pursuer_win,0,10,,0.1754,0.3979,1,,
partial,exploration,beam,17,0.35,22354,True,6,pursuer_win,0,9,,0.1797,0.3668,1,,
partial,exploration,astar,17,0.35,22354,True,6,pursuer_win,0,9,,0.1812,0.3668,1,,
partial,online_astar,random,21,0.15,26150,False,2,agent_win,1,39,,20.1317,0.3107,0,,
partial,online_astar,greedy,21,0.15,26150,False,2,agent_win,1,39,,20.4568,0.3107,0,,
partial,online_astar,beam,21,0.15,26150,False,2,pursuer_win,0,28,,20.1059,0.2426,0,,
partial,online_astar,astar,21,0.15,26150,False,2,pursuer_win,0,28,,21.3633,0.2426,0,,
partial,online_lrta,random,21,0.15,26150,False,2,agent_win,1,43,,0.1989,0.322,0,,
partial,online_lrta,greedy,21,0.15,26150,False,2,agent_win,1,43,,0.1903,0.322,0,,
partial,online_lrta,beam,21,0.15,26150,False,2,pursuer_win,0,26,,0.1616,0.2154,0,,
partial,online_lrta,astar,21,0.15,26150,False,2,pursuer_win,0,26,,0.1675,0.2154,0,,
partial,exploration,random,21,0.15,26150,False,2,pursuer_win,0,175,,2.2637,0.9887,0,,
partial,exploration,greedy,21,0.15,26150,False,2,pursuer_win,0,88,,0.9706,0.4671,0,,
partial,exploration,beam,21,0.15,26150,False,2,pursuer_win,0,41,,0.6024,0.254,0,,
partial,exploration,astar,21,0.15,26150,False,2,pursuer_win,0,17,,0.2115,0.1043,0,,
partial,online_astar,random,21,0.15,26150,False,4,agent_win,1,39,,19.0756,0.4762,0,,
partial,online_astar,greedy,21,0.15,26150,False,4,agent_win,1,39,,18.5909,0.4762,0,,
partial,online_astar,beam,21,0.15,26150,False,4,pursuer_win,0,28,,17.6218,0.381,0,,
partial,online_astar,astar,21,0.15,26150,False,4,pursuer_win,0,28,,18.6636,0.381,0,,
partial,online_lrta,random,21,0.15,26150,False,4,agent_win,1,43,,0.2199,0.483,0,,
partial,online_lrta,greedy,21,0.15,26150,False,4,agent_win,1,43,,0.2091,0.483,0,,
partial,online_lrta,beam,21,0.15,26150,False,4,pursuer_win,0,26,,0.1726,0.3492,0,,
partial,online_lrta,astar,21,0.15,26150,False,4,pursuer_win,0,26,,0.1645,0.3492,0,,
partial,exploration,random,21,0.15,26150,False,4,pursuer_win,0,36,,0.5318,0.3764,0,,
partial,exploration,greedy,21,0.15,26150,False,4,pursuer_win,0,32,,0.4843,0.3356,0,,
partial,exploration,beam,21,0.15,26150,False,4,pursuer_win,0,19,,0.3015,0.2426,0,,
partial,exploration,astar,21,0.15,26150,False,4,pursuer_win,0,19,,0.3133,0.2426,0,,
partial,online_astar,random,21,0.15,26150,False,6,agent_win,1,39,,21.8616,0.61,0,,
partial,online_astar,greedy,21,0.15,26150,False,6,agent_win,1,39,,17.7656,0.61,0,,
partial,online_astar,beam,21,0.15,26150,False,6,pursuer_win,0,28,,17.6015,0.5011,0,,
partial,online_astar,astar,21,0.15,26150,False,6,pursuer_win,0,28,,17.9525,0.5011,0,,
partial,online_lrta,random,21,0.15,26150,False,6,agent_win,1,43,,0.2422,0.6122,0,,
partial,online_lrta,greedy,21,0.15,26150,False,6,agent_win,1,43,,0.2448,0.6122,0,,
partial,online_lrta,beam,21,0.15,26150,False,6,pursuer_win,0,26,,0.1732,0.4671,0,,
partial,online_lrta,astar,21,0.15,26150,False,6,pursuer_win,0,26,,0.1695,0.4671,0,,
partial,exploration,random,21,0.15,26150,False,6,agent_win,1,63,,1.7746,0.7596,0,59,
partial,exploration,greedy,21,0.15,26150,False,6,agent_win,1,63,,1.4037,0.7596,0,59,
partial,exploration,beam,21,0.15,26150,False,6,pursuer_win,0,19,,0.4768,0.3878,0,,
partial,exploration,astar,21,0.15,26150,False,6,pursuer_win,0,19,,0.4676,0.3878,0,,
partial,online_astar,random,21,0.15,26150,True,2,agent_win,1,39,,20.5586,0.3107,6,,
partial,online_astar,greedy,21,0.15,26150,True,2,pursuer_win,0,30,,20.9735,0.2562,5,,
partial,online_astar,beam,21,0.15,26150,True,2,pursuer_win,0,28,,20.1916,0.2426,4,,
partial,online_astar,astar,21,0.15,26150,True,2,pursuer_win,0,28,,20.5176,0.2426,4,,
partial,online_lrta,random,21,0.15,26150,True,2,agent_win,1,43,,0.2676,0.3243,7,,
partial,online_lrta,greedy,21,0.15,26150,True,2,agent_win,1,43,,0.2496,0.322,7,,
partial,online_lrta,beam,21,0.15,26150,True,2,pursuer_win,0,26,,0.271,0.2154,4,,
partial,online_lrta,astar,21,0.15,26150,True,2,pursuer_win,0,26,,0.1874,0.2154,4,,
partial,exploration,random,21,0.15,26150,True,2,timeout,0,200,,2.6152,0.9819,33,,
partial,exploration,greedy,21,0.15,26150,True,2,pursuer_win,0,88,,1.2763,0.4671,14,,
partial,exploration,beam,21,0.15,26150,True,2,pursuer_win,0,41,,0.5667,0.254,7,,
partial,exploration,astar,21,0.15,26150,True,2,pursuer_win,0,17,,0.2123,0.1043,3,,
partial,online_astar,random,21,0.15,26150,True,4,agent_win,1,39,,19.5893,0.4762,6,,
partial,online_astar,greedy,21,0.15,26150,True,4,pursuer_win,0,30,,18.8642,0.3968,5,,
partial,online_astar,beam,21,0.15,26150,True,4,pursuer_win,0,28,,19.4645,0.381,4,,
partial,online_astar,astar,21,0.15,26150,True,4,pursuer_win,0,28,,18.3232,0.381,4,,
partial,online_lrta,random,21,0.15,26150,True,4,agent_win,1,43,,0.2466,0.4898,7,,
partial,online_lrta,greedy,21,0.15,26150,True,4,agent_win,1,43,,0.2318,0.483,7,,
partial,online_lrta,beam,21,0.15,26150,True,4,pursuer_win,0,26,,0.1704,0.3492,4,,
partial,online_lrta,astar,21,0.15,26150,True,4,pursuer_win,0,26,,0.1693,0.3492,4,,
partial,exploration,random,21,0.15,26150,True,4,agent_win,1,103,,1.6805,0.8821,17,101,
partial,exploration,greedy,21,0.15,26150,True,4,pursuer_win,0,32,,0.5359,0.3356,5,,
partial,exploration,beam,21,0.15,26150,True,4,pursuer_win,0,19,,0.3148,0.2426,3,,
partial,exploration,astar,21,0.15,26150,True,4,pursuer_win,0,19,,0.296,0.2426,3,,
partial,online_astar,random,21,0.15,26150,True,6,agent_win,1,39,,18.8105,0.61,6,,
partial,online_astar,greedy,21,0.15,26150,True,6,pursuer_win,0,30,,16.9645,0.517,5,,
partial,online_astar,beam,21,0.15,26150,True,6,pursuer_win,0,28,,18.4089,0.5011,4,,
partial,online_astar,astar,21,0.15,26150,True,6,pursuer_win,0,28,,17.9126,0.5011,4,,
partial,online_lrta,random,21,0.15,26150,True,6,agent_win,1,43,,0.2657,0.619,7,,
partial,online_lrta,greedy,21,0.15,26150,True,6,agent_win,1,43,,0.2495,0.6122,7,,
partial,online_lrta,beam,21,0.15,26150,True,6,pursuer_win,0,26,,0.1772,0.4671,4,,
partial,online_lrta,astar,21,0.15,26150,True,6,pursuer_win,0,26,,0.1843,0.4671,4,,
partial,exploration,random,21,0.15,26150,True,6,agent_win,1,61,,1.2519,0.7392,10,57,
partial,exploration,greedy,21,0.15,26150,True,6,pursuer_win,0,19,,0.4096,0.3016,3,,
partial,exploration,beam,21,0.15,26150,True,6,pursuer_win,0,18,,0.4039,0.2948,3,,
partial,exploration,astar,21,0.15,26150,True,6,pursuer_win,0,17,,0.3529,0.2925,3,,
partial,online_astar,random,21,0.15,26151,False,2,agent_win,1,45,,18.8414,0.2971,0,,
partial,online_astar,greedy,21,0.15,26151,False,2,pursuer_win,0,32,,18.2935,0.2245,0,,
partial,online_astar,beam,21,0.15,26151,False,2,pursuer_win,0,31,,18.8268,0.2177,0,,
partial,online_astar,astar,21,0.15,26151,False,2,pursuer_win,0,30,,21.3315,0.2109,0,,
partial,online_lrta,random,21,0.15,26151,False,2,agent_win,1,47,,0.2271,0.2971,0,,
partial,online_lrta,greedy,21,0.15,26151,False,2,pursuer_win,0,34,,0.139,0.2268,0,,
partial,online_lrta,beam,21,0.15,26151,False,2,pursuer_win,0,32,,0.1869,0.2132,0,,
partial,online_lrta,astar,21,0.15,26151,False,2,pursuer_win,0,30,,0.1821,0.2109,0,,
partial,exploration,random,21,0.15,26151,False,2,pursuer_win,0,59,,0.6323,0.3923,0,,
partial,exploration,greedy,21,0.15,26151,False,2,pursuer_win,0,47,,0.4732,0.3424,0,,
partial,exploration,beam,21,0.15,26151,False,2,pursuer_win,0,47,,0.5984,0.3424,0,,
partial,exploration,astar,21,0.15,26151,False,2,pursuer_win,0,29,,0.3497,0.1995,0,,
partial,online_astar,random,21,0.15,26151,False,4,agent_win,1,43,,18.7636,0.449,0,,
partial,online_astar,greedy,21,0.15,26151,False,4,pursuer_win,0,30,,17.0484,0.3515,0,,
partial,online_astar,beam,21,0.15,26151,False,4,pursuer_win,0,30,,17.5136,0.3515,0,,
partial,online_astar,astar,21,0.15,26151,False,4,pursuer_win,0,29,,17.2162,0.3356,0,,
partial,online_lrta,random,21,0.15,26151,False,4,agent_win,1,47,,0.2378,0.449,0,,
partial,online_lrta,greedy,21,0.15,26151,False,4,pursuer_win,0,34,,0.1618,0.3537,0,,
partial,online_lrta,beam,21,0.15,26151,False,4,pursuer_win,0,32,,0.1884,0.3311,0,,
partial,online_lrta,astar,21,0.15,26151,False,4,pursuer_win,0,30,,0.1817,0.3288,0,,
partial,exploration,random,21,0.15,26151,False,4,agent_win,1,143,,2.4687,1.0,0,141,
partial,exploration,greedy,21,0.15,26151,False,4,pursuer_win,0,45,,0.6651,0.483,0,,
partial,exploration,beam,21,0.15,26151,False,4,pursuer_win,0,73,,1.1813,0.7234,0,,
partial,exploration,astar,21,0.15,26151,False,4,pursuer_win,0,48,,0.757,0.4989,0,,
partial,online_astar,random,21,0.15,26151,False,6,agent_win,1,41,,18.3421,0.576,0,,
partial,online_astar,greedy,21,0.15,26151,False,6,pursuer_win,0,28,,18.0743,0.4626,0,,
partial,online_astar,beam,21,0.15,26151,False,6,pursuer_win,0,28,,19.0505,0.4626,0,,
partial,online_astar,astar,21,0.15,26151,False,6,pursuer_win,0,28,,16.6567,0.4626,0,,
partial,online_lrta,random,21,0.15,26151,False,6,agent_win,1,47,,0.2353,0.576,0,,
partial,online_lrta,greedy,21,0.15,26151,False,6,pursuer_win,0,34,,0.1608,0.4649,0,,
partial,online_lrta,beam,21,0.15,26151,False,6,pursuer_win,0,32,,0.182,0.4331,0,,
partial,online_lrta,astar,21,0.15,26151,False,6,pursuer_win,0,30,,0.1868,0.4308,0,,
partial,exploration,random,21,0.15,26151,False,6,pursuer_win,0,52,,0.9253,0.6848,0,,
partial,exploration,greedy,21,0.15,26151,False,6,agent_win,1,83,,1.3909,1.0,0,79,
partial,exploration,beam,21,0.15,26151,False,6,agent_win,1,83,,1.457,1.0,0,79,
partial,exploration,astar,21,0.15,26151,False,6,pursuer_win,0,29,,0.4374,0.4195,0,,
partial,online_astar,random,21,0.15,26151,True,2,agent_win,1,45,,18.0263,0.2971,7,,
partial,online_astar,greedy,21,0.15,26151,True,2,pursuer_win,0,37,,17.6277,0.2494,6,,
partial,online_astar,beam,21,0.15,26151,True,2,pursuer_win,0,32,,18.937,0.2245,5,,
partial,online_astar,astar,21,0.15,26151,True,2,pursuer_win,0,30,,18.4417,0.2109,5,,
partial,online_lrta,random,21,0.15,26151,True,2,agent_win,1,47,,0.2554,0.2971,8,,
partial,online_lrta,greedy,21,0.15,26151,True,2,pursuer_win,0,39,,0.2293,0.2494,6,,
partial,online_lrta,beam,21,0.15,26151,True,2,pursuer_win,0,33,,0.2193,0.22,5,,
partial,online_lrta,astar,21,0.15,26151,True,2,pursuer_win,0,30,,0.2052,0.2109,5,,
partial,exploration,random,21,0.15,26151,True,2,agent_win,1,199,,2.7002,1.0,33,199,
partial,exploration,greedy,21,0.15,26151,True,2,pursuer_win,0,51,,0.5669,0.3447,8,,
partial,exploration,beam,21,0.15,26151,True,2,pursuer_win,0,46,,0.5619,0.3265,7,,
partial,exploration,astar,21,0.15,26151,True,2,pursuer_win,0,60,,0.7022,0.381,10,,
partial,online_astar,random,21,0.15,26151,True,4,agent_win,1,43,,18.1311,0.449,7,,
partial,online_astar,greedy,21,0.15,26151,True,4,pursuer_win,0,35,,17.7452,0.381,6,,
partial,online_astar,beam,21,0.15,26151,True,4,pursuer_win,0,31,,17.5136,0.3673,5,,
partial,online_astar,astar,21,0.15,26151,True,4,pursuer_win,0,29,,18.3968,0.3356,5,,
partial,online_lrta,random,21,0.15,26151,True,4,agent_win,1,47,,0.2668,0.449,8,,
partial,online_lrta,greedy,21,0.15,26151,True,4,pursuer_win,0,39,,0.2131,0.381,6,,
partial,online_lrta,beam,21,0.15,26151,True,4,pursuer_win,0,33,,0.2329,0.3424,5,,
partial,online_lrta,astar,21,0.15,26151,True,4,pursuer_win,0,30,,0.2034,0.3288,5,,
partial,exploration,random,21,0.15,26151,True,4,agent_win,1,87,,1.3377,0.9229,14,85,
partial,exploration,greedy,21,0.15,26151,True,4,pursuer_win,0,69,,1.4951,0.746,11,,
partial,exploration,beam,21,0.15,26151,True,4,pursuer_win,0,45,,0.8984,0.4626,7,,
partial,exploration,astar,21,0.15,26151,True,4,pursuer_win,0,45,,0.7866,0.4626,7,,
partial,online_astar,random,21,0.15,26151,True,6,agent_win,1,41,,17.9954,0.576,7,,
partial,online_astar,greedy,21,0.15,26151,True,6,pursuer_win,0,34,,17.2773,0.5125,5,,
partial,online_astar,beam,21,0.15,26151,True,6,pursuer_win,0,28,,16.7064,0.4626,4,,
partial,online_astar,astar,21,0.15,26151,True,6,pursuer_win,0,28,,16.9622,0.4626,4,,
partial,online_lrta,random,21,0.15,26151,True,6,agent_win,1,47,,0.3024,0.576,8,,
partial,online_lrta,greedy,21,0.15,26151,True,6,pursuer_win,0,39,,0.2327,0.4966,6,,
partial,online_lrta,beam,21,0.15,26151,True,6,pursuer_win,0,33,,0.4788,0.449,5,,
partial,online_lrta,astar,21,0.15,26151,True,6,pursuer_win,0,30,,0.2422,0.4308,5,,
partial,exploration,random,21,0.15,26151,True,6,agent_win,1,77,,1.3802,0.9932,13,73,
partial,exploration,greedy,21,0.15,26151,True,6,pursuer_win,0,69,,1.2198,0.9388,11,,
partial,exploration,beam,21,0.15,26151,True,6,pursuer_win,0,48,,0.9723,0.6531,8,,
partial,exploration,astar,21,0.15,26151,True,6,agent_win,1,85,,1.601,1.0,14,81,
partial,online_astar,random,21,0.15,26152,False,2,agent_win,1,45,,20.812,0.3265,0,,
partial,online_astar,greedy,21,0.15,26152,False,2,pursuer_win,0,23,,19.5161,0.1882,0,,
partial,online_astar,beam,21,0.15,26152,False,2,pursuer_win,0,23,,19.0669,0.1882,0,,
partial,online_astar,astar,21,0.15,26152,False,2,pursuer_win,0,17,,16.2735,0.1542,0,,
partial,online_lrta,random,21,0.15,26152,False,2,agent_win,1,47,,0.2508,0.3265,0,,
partial,online_lrta,greedy,21,0.15,26152,False,2,pursuer_win,0,25,,0.1232,0.1905,0,,
partial,online_lrta,beam,21,0.15,26152,False,2,pursuer_win,0,25,,0.1532,0.1905,0,,
partial,online_lrta,astar,21,0.15,26152,False,2,pursuer_win,0,18,,0.1108,0.161,0,,
partial,exploration,random,21,0.15,26152,False,2,pursuer_win,0,31,,0.3572,0.2585,0,,
partial,exploration,greedy,21,0.15,26152,False,2,pursuer_win,0,27,,0.297,0.2154,0,,
partial,exploration,beam,21,0.15,26152,False,2,pursuer_win,0,20,,0.2549,0.1451,0,,
partial,exploration,astar,21,0.15,26152,False,2,pursuer_win,0,18,,0.2247,0.1224,0,,
partial,online_astar,random,21,0.15,26152,False,4,agent_win,1,41,,18.8486,0.4762,0,,
partial,online_astar,greedy,21,0.15,26152,False,4,pursuer_win,0,19,,17.3673,0.288,0,,
partial,online_astar,beam,21,0.15,26152,False,4,pursuer_win,0,19,,16.8436,0.288,0,,
partial,online_astar,astar,21,0.15,26152,False,4,pursuer_win,0,15,,15.8634,0.2381,0,,
partial,online_lrta,random,21,0.15,26152,False,4,agent_win,1,47,,0.2888,0.4785,0,,
partial,online_lrta,greedy,21,0.15,26152,False,4,pursuer_win,0,25,,0.1336,0.3016,0,,
partial,online_lrta,beam,21,0.15,26152,False,4,pursuer_win,0,25,,0.1918,0.3016,0,,
partial,online_lrta,astar,21,0.15,26152,False,4,pursuer_win,0,18,,0.1278,0.263,0,,
partial,exploration,random,21,0.15,26152,False,4,pursuer_win,0,44,,0.7469,0.5601,0,,
partial,exploration,greedy,21,0.15,26152,False,4,pursuer_win,0,46,,0.7598,0.5782,0,,
partial,exploration,beam,21,0.15,26152,False,4,pursuer_win,0,31,,0.4914,0.3447,0,,
partial,exploration,astar,21,0.15,26152,False,4,pursuer_win,0,31,,0.4881,0.3447,0,,
partial,online_astar,random,21,0.15,26152,False,6,agent_win,1,41,,17.8222,0.6009,0,,
partial,online_astar,greedy,21,0.15,26152,False,6,pursuer_win,0,19,,16.4113,0.4059,0,,
partial,online_astar,beam,21,0.15,26152,False,6,pursuer_win,0,19,,17.8699,0.4059,0,,
partial,online_astar,astar,21,0.15,26152,False,6,pursuer_win,0,15,,14.7642,0.3401,0,,
partial,online_lrta,random,21,0.15,26152,False,6,agent_win,1,47,,0.2512,0.6009,0,,
partial,online_lrta,greedy,21,0.15,26152,False,6,pursuer_win,0,25,,0.1338,0.415,0,,
partial,online_lrta,beam,21,0.15,26152,False,6,pursuer_win,0,25,,0.1609,0.415,0,,
partial,online_lrta,astar,21,0.15,26152,False,6,pursuer_win,0,18,,0.1197,0.3696,0,,
partial,exploration,random,21,0.15,26152,False,6,agent_win,1,75,,1.466,0.9864,0,71,
partial,exploration,greedy,21,0.15,26152,False,6,agent_win,1,75,,1.4622,0.9864,0,71,
partial,exploration,beam,21,0.15,26152,False,6,agent_win,1,75,,1.4891,0.9864,0,71,
partial,exploration,astar,21,0.15,26152,False,6,pursuer_win,0,18,,0.4361,0.3696,0,,
partial,online_astar,random,21,0.15,26152,True,2,agent_win,1,45,,21.8021,0.3265,7,,
partial,online_astar,greedy,21,0.15,26152,True,2,pursuer_win,0,21,,22.0989,0.1905,3,,
partial,online_astar,beam,21,0.15,26152,True,2,pursuer_win,0,19,,19.2849,0.1769,3,,
partial,online_astar,astar,21,0.15,26152,True,2,pursuer_win,0,15,,17.7291,0.1338,2,,
partial,online_lrta,random,21,0.15,26152,True,2,agent_win,1,47,,0.3039,0.3265,8,,
partial,online_lrta,greedy,21,0.15,26152,True,2,pursuer_win,0,21,,0.1246,0.1905,3,,
partial,online_lrta,beam,21,0.15,26152,True,2,pursuer_win,0,19,,0.1298,0.1769,3,,
partial,online_lrta,astar,21,0.15,26152,True,2,pursuer_win,0,15,,0.099,0.1338,2,,
partial,exploration,random,21,0.15,26152,True,2,agent_win,1,145,,1.7238,0.8526,24,145,
partial,exploration,greedy,21,0.15,26152,True,2,pursuer_win,0,27,,0.3169,0.2154,4,,
partial,exploration,beam,21,0.15,26152,True,2,pursuer_win,0,20,,0.2614,0.1451,3,,
partial,exploration,astar,21,0.15,26152,True,2,pursuer_win,0,18,,0.2298,0.1224,3,,
partial,online_astar,random,21,0.15,26152,True,4,agent_win,1,41,,18.3681,0.4762,7,,
partial,online_astar,greedy,21,0.15,26152,True,4,pursuer_win,0,19,,17.4804,0.3107,3,,
partial,online_astar,beam,21,0.15,26152,True,4,pursuer_win,0,17,,16.7184,0.288,3,,
partial,online_astar,astar,21,0.15,26152,True,4,pursuer_win,0,14,,16.7173,0.2268,2,,
partial,online_lrta,random,21,0.15,26152,True,4,agent_win,1,47,,0.2751,0.4785,8,,
partial,online_lrta,greedy,21,0.15,26152,True,4,pursuer_win,0,21,,0.1292,0.3107,3,,
partial,online_lrta,beam,21,0.15,26152,True,4,pursuer_win,0,19,,0.1323,0.288,3,,
partial,online_lrta,astar,21,0.15,26152,True,4,pursuer_win,0,15,,0.119,0.2177,2,,
partial,exploration,random,21,0.15,26152,True,4,agent_win,1,105,,1.7331,0.9977,17,103,
partial,exploration,greedy,21,0.15,26152,True,4,pursuer_win,0,47,,0.7964,0.5669,8,,
partial,exploration,beam,21,0.15,26152,True,4,pursuer_win,0,60,,1.1811,0.6916,10,,
partial,exploration,astar,21,0.15,26152,True,4,pursuer_win,0,42,,0.8816,0.5397,7,,
partial,online_astar,random,21,0.15,26152,True,6,agent_win,1,41,,18.0995,0.6009,7,,
partial,online_astar,greedy,21,0.15,26152,True,6,pursuer_win,0,19,,16.3236,0.4286,3,,
partial,online_astar,beam,21,0.15,26152,True,6,pursuer_win,0,17,,17.0724,0.3991,3,,
partial,online_astar,astar,21,0.15,26152,True,6,pursuer_win,0,14,,14.8044,0.3243,2,,
partial,online_lrta,random,21,0.15,26152,True,6,agent_win,1,47,,0.2807,0.6009,8,,
partial,online_lrta,greedy,21,0.15,26152,True,6,pursuer_win,0,21,,0.1309,0.4286,3,,
partial,online_lrta,beam,21,0.15,26152,True,6,pursuer_win,0,19,,0.1335,0.3991,3,,
partial,online_lrta,astar,21,0.15,26152,True,6,pursuer_win,0,15,,0.106,0.3107,2,,
partial,exploration,random,21,0.15,26152,True,6,pursuer_win,0,78,,1.5985,0.9705,13,,
partial,exploration,greedy,21,0.15,26152,True,6,pursuer_win,0,18,,0.396,0.3537,3,,
partial,exploration,beam,21,0.15,26152,True,6,pursuer_win,0,18,,0.5561,0.3537,3,,
partial,exploration,astar,21,0.15,26152,True,6,pursuer_win,0,16,,0.2858,0.3197,2,,
partial,online_astar,random,21,0.15,26153,False,2,agent_win,1,49,,24.8401,0.3651,0,,
partial,online_astar,greedy,21,0.15,26153,False,2,pursuer_win,0,13,,16.2013,0.1134,0,,
partial,online_astar,beam,21,0.15,26153,False,2,pursuer_win,0,13,,16.7051,0.1134,0,,
partial,online_astar,astar,21,0.15,26153,False,2,pursuer_win,0,13,,16.5203,0.1134,0,,
partial,online_lrta,random,21,0.15,26153,False,2,agent_win,1,51,,0.2731,0.3673,0,,
partial,online_lrta,greedy,21,0.15,26153,False,2,agent_win,1,51,,0.2459,0.3673,0,,
partial,online_lrta,beam,21,0.15,26153,False,2,agent_win,1,51,,0.3203,0.3673,0,,
partial,online_lrta,astar,21,0.15,26153,False,2,agent_win,1,51,,0.3124,0.3673,0,,
partial,exploration,random,21,0.15,26153,False,2,pursuer_win,0,23,,0.2144,0.1655,0,,
partial,exploration,greedy,21,0.15,26153,False,2,pursuer_win,0,14,,0.1172,0.1043,0,,
partial,exploration,beam,21,0.15,26153,False,2,pursuer_win,0,14,,0.1319,0.1043,0,,
partial,exploration,astar,21,0.15,26153,False,2,pursuer_win,0,14,,0.1431,0.1043,0,,
partial,online_astar,random,21,0.15,26153,False,4,agent_win,1,43,,18.711,0.5714,0,,
partial,online_astar,greedy,21,0.15,26153,False,4,agent_win,1,43,,19.4774,0.5714,0,,
partial,online_astar,beam,21,0.15,26153,False,4,agent_win,1,43,,21.055,0.5714,0,,
partial,online_astar,astar,21,0.15,26153,False,4,agent_win,1,43,,19.8058,0.5714,0,,
partial,online_lrta,random,21,0.15,26153,False,4,agent_win,1,51,,0.29,0.5737,0,,
partial,online_lrta,greedy,21,0.15,26153,False,4,agent_win,1,51,,0.252,0.5737,0,,
partial,online_lrta,beam,21,0.15,26153,False,4,agent_win,1,51,,0.3257,0.5737,0,,
partial,online_lrta,astar,21,0.15,26153,False,4,agent_win,1,51,,0.3582,0.5737,0,,
partial,exploration,random,21,0.15,26153,False,4,pursuer_win,0,37,,0.9419,0.5034,0,,
partial,exploration,greedy,21,0.15,26153,False,4,pursuer_win,0,28,,0.4762,0.4626,0,,
partial,exploration,beam,21,0.15,26153,False,4,pursuer_win,0,28,,0.5063,0.4626,0,,
partial,exploration,astar,21,0.15,26153,False,4,pursuer_win,0,26,,0.6296,0.4535,0,,
partial,online_astar,random,21,0.15,26153,False,6,agent_win,1,41,,22.1725,0.7392,0,,
partial,online_astar,greedy,21,0.15,26153,False,6,agent_win,1,41,,20.3541,0.7392,0,,
partial,online_astar,beam,21,0.15,26153,False,6,agent_win,1,41,,19.1225,0.7392,0,,
partial,online_astar,astar,21,0.15,26153,False,6,agent_win,1,41,,20.0287,0.7392,0,,
partial,online_lrta,random,21,0.15,26153,False,6,agent_win,1,51,,0.2726,0.7528,0,,
partial,online_lrta,greedy,21,0.15,26153,False,6,agent_win,1,51,,0.2559,0.7528,0,,
partial,online_lrta,beam,21,0.15,26153,False,6,agent_win,1,51,,0.35,0.7528,0,,
partial,online_lrta,astar,21,0.15,26153,False,6,agent_win,1,51,,0.3425,0.7528,0,,
partial,exploration,random,21,0.15,26153,False,6,pursuer_win,0,22,,0.3143,0.3583,0,,
partial,exploration,greedy,21,0.15,26153,False,6,pursuer_win,0,13,,0.2261,0.2381,0,,
partial,exploration,beam,21,0.15,26153,False,6,pursuer_win,0,13,,0.2624,0.2381,0,,
partial,exploration,astar,21,0.15,26153,False,6,pursuer_win,0,13,,0.2431,0.2381,0,,
partial,online_astar,random,21,0.15,26153,True,2,agent_win,1,49,,24.3424,0.3651,8,,
partial,online_astar,greedy,21,0.15,26153,True,2,agent_win,1,43,,22.9995,0.3537,7,,
partial,online_astar,beam,21,0.15,26153,True,2,agent_win,1,43,,22.9278,0.3537,7,,
partial,online_astar,astar,21,0.15,26153,True,2,agent_win,1,43,,21.8117,0.3537,7,,
partial,online_lrta,random,21,0.15,26153,True,2,agent_win,1,51,,0.2941,0.3673,8,,
partial,online_lrta,greedy,21,0.15,26153,True,2,agent_win,1,47,,0.3408,0.3605,8,,
partial,online_lrta,beam,21,0.15,26153,True,2,agent_win,1,47,,0.3117,0.3605,8,,
partial,online_lrta,astar,21,0.15,26153,True,2,agent_win,1,47,,0.332,0.3605,8,,
partial,exploration,random,21,0.15,26153,True,2,pursuer_win,0,37,,0.383,0.2336,6,,
partial,exploration,greedy,21,0.15,26153,True,2,pursuer_win,0,14,,0.1389,0.1043,2,,
partial,exploration,beam,21,0.15,26153,True,2,pursuer_win,0,14,,0.151,0.1043,2,,
partial,exploration,astar,21,0.15,26153,True,2,pursuer_win,0,14,,0.1491,0.1043,2,,
partial,online_astar,random,21,0.15,26153,True,4,agent_win,1,43,,21.2348,0.5714,7,,
partial,online_astar,greedy,21,0.15,26153,True,4,agent_win,1,43,,19.9946,0.5714,7,,
partial,online_astar,beam,21,0.15,26153,True,4,agent_win,1,43,,19.9162,0.5714,7,,
partial,online_astar,astar,21,0.15,26153,True,4,agent_win,1,43,,19.9613,0.5714,7,,
partial,online_lrta,random,21,0.15,26153,True,4,agent_win,1,51,,0.2943,0.5737,8,,
partial,online_lrta,greedy,21,0.15,26153,True,4,agent_win,1,47,,0.2866,0.5669,8,,
partial,online_lrta,beam,21,0.15,26153,True,4,agent_win,1,47,,0.3196,0.5669,8,,
partial,online_lrta,astar,21,0.15,26153,True,4,agent_win,1,47,,0.3259,0.5669,8,,
partial,exploration,random,21,0.15,26153,True,4,agent_win,1,95,,1.8562,0.9297,16,93,
partial,exploration,greedy,21,0.15,26153,True,4,pursuer_win,0,28,,0.506,0.4626,4,,
partial,exploration,beam,21,0.15,26153,True,4,pursuer_win,0,28,,0.5029,0.4626,4,,
partial,exploration,astar,21,0.15,26153,True,4,pursuer_win,0,26,,0.439,0.4535,4,,
partial,online_astar,random,21,0.15,26153,True,6,agent_win,1,41,,19.0889,0.7392,7,,
partial,online_astar,greedy,21,0.15,26153,True,6,agent_win,1,41,,19.7955,0.7392,7,,
partial,online_astar,beam,21,0.15,26153,True,6,agent_win,1,41,,19.0697,0.7392,7,,
partial,online_astar,astar,21,0.15,26153,True,6,agent_win,1,41,,18.9444,0.7392,7,,
partial,online_lrta,random,21,0.15,26153,True,6,agent_win,1,51,,0.3019,0.7528,8,,
partial,online_lrta,greedy,21,0.15,26153,True,6,agent_win,1,47,,0.2737,0.746,8,,
partial,online_lrta,beam,21,0.15,26153,True,6,agent_win,1,47,,0.3129,0.746,8,,
partial,online_lrta,astar,21,0.15,26153,True,6,agent_win,1,47,,0.3062,0.746,8,,
partial,exploration,random,21,0.15,26153,True,6,agent_win,1,89,,1.7151,0.9864,15,85,
partial,exploration,greedy,21,0.15,26153,True,6,pursuer_win,0,30,,0.8129,0.6122,5,,
partial,exploration,beam,21,0.15,26153,True,6,pursuer_win,0,30,,0.8801,0.6122,5,,
partial,exploration,astar,21,0.15,26153,True,6,pursuer_win,0,26,,0.5905,0.6122,4,,
partial,online_astar,random,21,0.15,26154,False,2,agent_win,1,43,,20.0581,0.3515,0,,
partial,online_astar,greedy,21,0.15,26154,False,2,agent_win,1,43,,20.2857,0.3515,0,,
partial,online_astar,beam,21,0.15,26154,False,2,agent_win,1,43,,20.6908,0.3515,0,,
partial,online_astar,astar,21,0.15,26154,False,2,agent_win,1,43,,19.1194,0.3515,0,,
partial,online_lrta,random,21,0.15,26154,False,2,agent_win,1,43,,0.2268,0.3515,0,,
partial,online_lrta,greedy,21,0.15,26154,False,2,agent_win,1,43,,0.211,0.3515,0,,
partial,online_lrta,beam,21,0.15,26154,False,2,agent_win,1,43,,0.2672,0.3515,0,,
partial,online_lrta,astar,21,0.15,26154,False,2,agent_win,1,43,,0.2605,0.3515,0,,
partial,exploration,random,21,0.15,26154,False,2,pursuer_win,0,29,,0.3295,0.2222,0,,
partial,exploration,greedy,21,0.15,26154,False,2,pursuer_win,0,12,,0.1369,0.1043,0,,
partial,exploration,beam,21,0.15,26154,False,2,pursuer_win,0,12,,0.1449,0.1043,0,,
partial,exploration,astar,21,0.15,26154,False,2,pursuer_win,0,12,,0.1547,0.1043,0,,
partial,online_astar,random,21,0.15,26154,False,4,agent_win,1,41,,19.5616,0.5306,0,,
partial,online_astar,greedy,21,0.15,26154,False,4,agent_win,1,41,,19.6075,0.5306,0,,
partial,online_astar,beam,21,0.15,26154,False,4,agent_win,1,41,,19.3358,0.5306,0,,
partial,online_astar,astar,21,0.15,26154,False,4,agent_win,1,41,,19.8173,0.5306,0,,
partial,online_lrta,random,21,0.15,26154,False,4,agent_win,1,43,,0.2305,0.5283,0,,
partial,online_lrta,greedy,21,0.15,26154,False,4,agent_win,1,43,,0.2075,0.5283,0,,
partial,online_lrta,beam,21,0.15,26154,False,4,agent_win,1,43,,0.2704,0.5283,0,,
partial,online_lrta,astar,21,0.15,26154,False,4,agent_win,1,43,,0.2478,0.5283,0,,
partial,exploration,random,21,0.15,26154,False,4,agent_win,1,103,,1.5771,0.932,0,101,
partial,exploration,greedy,21,0.15,26154,False,4,pursuer_win,0,11,,0.1211,0.1769,0,,
partial,exploration,beam,21,0.15,26154,False,4,pursuer_win,0,11,,0.1305,0.1769,0,,
partial,exploration,astar,21,0.15,26154,False,4,pursuer_win,0,11,,0.1298,0.1769,0,,
partial,online_astar,random,21,0.15,26154,False,6,agent_win,1,41,,18.6162,0.6485,0,,
partial,online_astar,greedy,21,0.15,26154,False,6,agent_win,1,41,,18.7102,0.6485,0,,
partial,online_astar,beam,21,0.15,26154,False,6,agent_win,1,41,,19.9784,0.6485,0,,
partial,online_astar,astar,21,0.15,26154,False,6,agent_win,1,41,,19.3172,0.6485,0,,
partial,online_lrta,random,21,0.15,26154,False,6,agent_win,1,43,,0.284,0.6463,0,,
partial,online_lrta,greedy,21,0.15,26154,False,6,agent_win,1,43,,0.2391,0.6463,0,,
partial,online_lrta,beam,21,0.15,26154,False,6,agent_win,1,43,,0.2802,0.6463,0,,
partial,online_lrta,astar,21,0.15,26154,False,6,agent_win,1,43,,0.2714,0.6463,0,,
partial,exploration,random,21,0.15,26154,False,6,agent_win,1,69,,1.3873,0.873,0,65,
partial,exploration,greedy,21,0.15,26154,False,6,pursuer_win,0,11,,0.1655,0.2517,0,,
partial,exploration,beam,21,0.15,26154,False,6,pursuer_win,0,11,,0.1643,0.2517,0,,
partial,exploration,astar,21,0.15,26154,False,6,pursuer_win,0,11,,0.1587,0.2517,0,,
partial,online_astar,random,21,0.15,26154,True,2,agent_win,1,43,,19.8063,0.3515,7,,
partial,online_astar,greedy,21,0.15,26154,True,2,agent_win,1,43,,19.7202,0.3515,7,,
partial,online_astar,beam,21,0.15,26154,True,2,agent_win,1,43,,20.153,0.3515,7,,
partial,online_astar,astar,21,0.15,26154,True,2,agent_win,1,43,,18.8709,0.3515,7,,
partial,online_lrta,random,21,0.15,26154,True,2,agent_win,1,43,,0.2529,0.3515,7,,
partial,online_lrta,greedy,21,0.15,26154,True,2,agent_win,1,43,,0.2456,0.3515,7,,
partial,online_lrta,beam,21,0.15,26154,True,2,agent_win,1,43,,0.3431,0.3515,7,,
partial,online_lrta,astar,21,0.15,26154,True,2,agent_win,1,43,,0.2915,0.3515,7,,
partial,exploration,random,21,0.15,26154,True,2,pursuer_win,0,29,,0.3501,0.2222,5,,
partial,exploration,greedy,21,0.15,26154,True,2,pursuer_win,0,12,,0.1752,0.1043,2,,
partial,exploration,beam,21,0.15,26154,True,2,pursuer_win,0,12,,0.1611,0.1043,2,,
partial,exploration,astar,21,0.15,26154,True,2,pursuer_win,0,12,,0.1521,0.1043,2,,
partial,online_astar,random,21,0.15,26154,True,4,agent_win,1,41,,19.8985,0.5306,7,,
partial,online_astar,greedy,21,0.15,26154,True,4,agent_win,1,41,,19.808,0.5306,7,,
partial,online_astar,beam,21,0.15,26154,True,4,agent_win,1,41,,19.228,0.5306,7,,
partial,online_astar,astar,21,0.15,26154,True,4,agent_win,1,41,,19.0359,0.5306,7,,
partial,online_lrta,random,21,0.15,26154,True,4,agent_win,1,43,,0.2556,0.5283,7,,
partial,online_lrta,greedy,21,0.15,26154,True,4,agent_win,1,43,,0.2433,0.5283,7,,
partial,online_lrta,beam,21,0.15,26154,True,4,agent_win,1,43,,0.2902,0.5283,7,,
partial,online_lrta,astar,21,0.15,26154,True,4,agent_win,1,43,,0.3029,0.5283,7,,
partial,exploration,random,21,0.15,26154,True,4,pursuer_win,0,20,,0.3728,0.2902,3,,
partial,exploration,greedy,21,0.15,26154,True,4,pursuer_win,0,11,,0.1367,0.1769,2,,
partial,exploration,beam,21,0.15,26154,True,4,pursuer_win,0,11,,0.1427,0.1769,2,,
partial,exploration,astar,21,0.15,26154,True,4,pursuer_win,0,11,,0.1447,0.1769,2,,
partial,online_astar,random,21,0.15,26154,True,6,agent_win,1,41,,19.2007,0.6485,7,,
partial,online_astar,greedy,21,0.15,26154,True,6,agent_win,1,41,,19.5839,0.6485,7,,
partial,online_astar,beam,21,0.15,26154,True,6,agent_win,1,41,,19.3659,0.6485,7,,
partial,online_astar,astar,21,0.15,26154,True,6,agent_win,1,41,,17.9679,0.6485,7,,
partial,online_lrta,random,21,0.15,26154,True,6,agent_win,1,43,,0.279,0.6463,7,,
partial,online_lrta,greedy,21,0.15,26154,True,6,agent_win,1,43,,0.2458,0.6463,7,,
partial,online_lrta,beam,21,0.15,26154,True,6,agent_win,1,43,,0.2856,0.6463,7,,
partial,online_lrta,astar,21,0.15,26154,True,6,agent_win,1,43,,0.2795,0.6463,7,,
partial,exploration,random,21,0.15,26154,True,6,pursuer_win,0,20,,0.3993,0.3855,3,,
partial,exploration,greedy,21,0.15,26154,True,6,pursuer_win,0,11,,0.1533,0.2517,2,,
partial,exploration,beam,21,0.15,26154,True,6,pursuer_win,0,11,,0.1672,0.2517,2,,
partial,exploration,astar,21,0.15,26154,True,6,pursuer_win,0,11,,0.1649,0.2517,2,,
partial,online_astar,random,21,0.25,26250,False,2,agent_win,1,47,,19.5567,0.3469,0,,
partial,online_astar,greedy,21,0.25,26250,False,2,pursuer_win,0,14,,14.756,0.1293,0,,
partial,online_astar,beam,21,0.25,26250,False,2,pursuer_win,0,12,,13.6645,0.1156,0,,
partial,online_astar,astar,21,0.25,26250,False,2,pursuer_win,0,12,,14.7601,0.1156,0,,
partial,online_lrta,random,21,0.25,26250,False,2,agent_win,1,49,,0.2338,0.3469,0,,
partial,online_lrta,greedy,21,0.25,26250,False,2,pursuer_win,0,16,,0.0803,0.1293,0,,
partial,online_lrta,beam,21,0.25,26250,False,2,pursuer_win,0,14,,0.0885,0.1156,0,,
partial,online_lrta,astar,21,0.25,26250,False,2,pursuer_win,0,13,,0.0872,0.1043,0,,
partial,exploration,random,21,0.25,26250,False,2,pursuer_win,0,46,,0.5285,0.3129,0,,
partial,exploration,greedy,21,0.25,26250,False,2,pursuer_win,0,39,,0.4477,0.2902,0,,
partial,exploration,beam,21,0.25,26250,False,2,pursuer_win,0,19,,0.2297,0.1293,0,,
partial,exploration,astar,21,0.25,26250,False,2,pursuer_win,0,18,,0.1892,0.1224,0,,
partial,online_astar,random,21,0.25,26250,False,4,agent_win,1,43,,17.8757,0.5034,0,,
partial,online_astar,greedy,21,0.25,26250,False,4,pursuer_win,0,14,,15.1852,0.2177,0,,
partial,online_astar,beam,21,0.25,26250,False,4,pursuer_win,0,12,,14.1137,0.195,0,,
partial,online_astar,astar,21,0.25,26250,False,4,pursuer_win,0,12,,15.03,0.195,0,,
partial,online_lrta,random,21,0.25,26250,False,4,agent_win,1,49,,0.2706,0.5011,0,,
partial,online_lrta,greedy,21,0.25,26250,False,4,pursuer_win,0,16,,0.0981,0.2177,0,,
partial,online_lrta,beam,21,0.25,26250,False,4,pursuer_win,0,14,,0.0899,0.195,0,,
partial,online_lrta,astar,21,0.25,26250,False,4,pursuer_win,0,13,,0.0839,0.1791,0,,
partial,exploration,random,21,0.25,26250,False,4,agent_win,1,83,,1.2046,0.7528,0,81,
partial,exploration,greedy,21,0.25,26250,False,4,pursuer_win,0,42,,0.6128,0.4966,0,,
partial,exploration,beam,21,0.25,26250,False,4,pursuer_win,0,54,,0.8654,0.5941,0,,
partial,exploration,astar,21,0.25,26250,False,4,pursuer_win,0,55,,0.8324,0.5941,0,,
partial,online_astar,random,21,0.25,26250,False,6,agent_win,1,41,,17.6617,0.6168,0,,
partial,online_astar,greedy,21,0.25,26250,False,6,pursuer_win,0,14,,14.4718,0.3152,0,,
partial,online_astar,beam,21,0.25,26250,False,6,pursuer_win,0,12,,13.4597,0.2834,0,,
partial,online_astar,astar,21,0.25,26250,False,6,pursuer_win,0,12,,13.2909,0.2834,0,,
partial,online_lrta,random,21,0.25,26250,False,6,agent_win,1,49,,0.2548,0.6145,0,,
partial,online_lrta,greedy,21,0.25,26250,False,6,pursuer_win,0,16,,0.0896,0.3152,0,,
partial,online_lrta,beam,21,0.25,26250,False,6,pursuer_win,0,14,,0.0906,0.2834,0,,
partial,online_lrta,astar,21,0.25,26250,False,6,pursuer_win,0,13,,0.0846,0.263,0,,
partial,exploration,random,21,0.25,26250,False,6,agent_win,1,65,,1.1415,0.8798,0,61,
partial,exploration,greedy,21,0.25,26250,False,6,pursuer_win,0,14,,0.2475,0.3152,0,,
partial,exploration,beam,21,0.25,26250,False,6,pursuer_win,0,12,,0.2531,0.2834,0,,
partial,exploration,astar,21,0.25,26250,False,6,pursuer_win,0,12,,0.2454,0.2834,0,,
partial,online_astar,random,21,0.25,26250,True,2,agent_win,1,47,,21.0254,0.3469,8,,
partial,online_astar,greedy,21,0.25,26250,True,2,pursuer_win,0,14,,16.8776,0.1293,2,,
partial,online_astar,beam,21,0.25,26250,True,2,pursuer_win,0,12,,15.095,0.1156,2,,
partial,online_astar,astar,21,0.25,26250,True,2,pursuer_win,0,12,,15.3878,0.1156,2,,
partial,online_lrta,random,21,0.25,26250,True,2,agent_win,1,49,,0.2966,0.3469,8,,
partial,online_lrta,greedy,21,0.25,26250,True,2,pursuer_win,0,16,,0.0964,0.1293,2,,
partial,online_lrta,beam,21,0.25,26250,True,2,pursuer_win,0,14,,0.0982,0.1156,2,,
partial,online_lrta,astar,21,0.25,26250,True,2,pursuer_win,0,13,,0.0878,0.1043,2,,
partial,exploration,random,21,0.25,26250,True,2,timeout,0,200,,2.6,0.9274,33,,
partial,exploration,greedy,21,0.25,26250,True,2,pursuer_win,0,39,,0.3759,0.2902,6,,
partial,exploration,beam,21,0.25,26250,True,2,pursuer_win,0,19,,0.2041,0.1293,3,,
partial,exploration,astar,21,0.25,26250,True,2,pursuer_win,0,18,,0.1775,0.1224,3,,
partial,online_astar,random,21,0.25,26250,True,4,agent_win,1,43,,17.7828,0.5034,7,,
partial,online_astar,greedy,21,0.25,26250,True,4,pursuer_win,0,14,,14.406,0.2177,2,,
partial,online_astar,beam,21,0.25,26250,True,4,pursuer_win,0,12,,13.4108,0.195,2,,
partial,online_astar,astar,21,0.25,26250,True,4,pursuer_win,0,12,,13.2829,0.195,2,,
partial,online_lrta,random,21,0.25,26250,True,4,agent_win,1,49,,0.2719,0.5011,8,,
partial,online_lrta,greedy,21,0.25,26250,True,4,pursuer_win,0,16,,0.0885,0.2177,2,,
partial,online_lrta,beam,21,0.25,26250,True,4,pursuer_win,0,14,,0.0899,0.195,2,,
partial,online_lrta,astar,21,0.25,26250,True,4,pursuer_win,0,13,,0.0848,0.1791,2,,
partial,exploration,random,21,0.25,26250,True,4,agent_win,1,57,,0.7771,0.6417,9,55,
partial,exploration,greedy,21,0.25,26250,True,4,agent_win,1,57,,0.717,0.6576,9,55,
partial,exploration,beam,21,0.25,26250,True,4,agent_win,1,57,,0.937,0.6576,9,55,
partial,exploration,astar,21,0.25,26250,True,4,agent_win,1,57,,0.7279,0.6576,9,55,
partial,online_astar,random,21,0.25,26250,True,6,agent_win,1,41,,18.0647,0.6168,7,,
partial,online_astar,greedy,21,0.25,26250,True,6,pursuer_win,0,14,,14.7155,0.3152,2,,
partial,online_astar,beam,21,0.25,26250,True,6,pursuer_win,0,12,,13.2253,0.2834,2,,
partial,online_astar,astar,21,0.25,26250,True,6,pursuer_win,0,12,,13.1241,0.2834,2,,
partial,online_lrta,random,21,0.25,26250,True,6,agent_win,1,49,,0.2832,0.6145,8,,
partial,online_lrta,greedy,21,0.25,26250,True,6,pursuer_win,0,16,,0.0962,0.3152,2,,
partial,online_lrta,beam,21,0.25,26250,True,6,pursuer_win,0,14,,0.0972,0.2834,2,,
partial,online_lrta,astar,21,0.25,26250,True,6,pursuer_win,0,13,,0.0868,0.263,2,,
partial,exploration,random,21,0.25,26250,True,6,agent_win,1,71,,1.1079,0.8798,12,67,
partial,exploration,greedy,21,0.25,26250,True,6,pursuer_win,0,14,,0.2342,0.3152,2,,
partial,exploration,beam,21,0.25,26250,True,6,pursuer_win,0,12,,0.2372,0.2834,2,,
partial,exploration,astar,21,0.25,26250,True,6,pursuer_win,0,12,,0.2407,0.2834,2,,
partial,online_astar,random,21,0.25,26251,False,2,agent_win,1,43,,19.165,0.3129,0,,
partial,online_astar,greedy,21,0.25,26251,False,2,agent_win,1,43,,19.0397,0.3129,0,,
partial,online_astar,beam,21,0.25,26251,False,2,agent_win,1,43,,19.2518,0.3129,0,,
partial,online_astar,astar,21,0.25,26251,False,2,agent_win,1,43,,19.1461,0.3129,0,,
partial,online_lrta,random,21,0.25,26251,False,2,agent_win,1,43,,0.2281,0.3129,0,,
partial,online_lrta,greedy,21,0.25,26251,False,2,agent_win,1,43,,0.2352,0.3129,0,,
partial,online_lrta,beam,21,0.25,26251,False,2,agent_win,1,43,,0.2451,0.3129,0,,
partial,online_lrta,astar,21,0.25,26251,False,2,agent_win,1,43,,0.2633,0.3129,0,,
partial,exploration,random,21,0.25,26251,False,2,timeout,0,200,,1.9071,0.8095,0,,
partial,exploration,greedy,21,0.25,26251,False,2,timeout,0,200,,1.9033,0.8095,0,,
partial,exploration,beam,21,0.25,26251,False,2,timeout,0,200,,2.0774,0.8095,0,,
partial,exploration,astar,21,0.25,26251,False,2,timeout,0,200,,2.1149,0.8095,0,,
partial,online_astar,random,21,0.25,26251,False,4,agent_win,1,41,,18.3134,0.4694,0,,
partial,online_astar,greedy,21,0.25,26251,False,4,agent_win,1,41,,18.881,0.4694,0,,
partial,online_astar,beam,21,0.25,26251,False,4,agent_win,1,41,,18.8362,0.4694,0,,
partial,online_astar,astar,21,0.25,26251,False,4,agent_win,1,41,,18.7366,0.4694,0,,
partial,online_lrta,random,21,0.25,26251,False,4,agent_win,1,43,,0.2346,0.4717,0,,
partial,online_lrta,greedy,21,0.25,26251,False,4,agent_win,1,43,,0.2127,0.4717,0,,
partial,online_lrta,beam,21,0.25,26251,False,4,agent_win,1,43,,0.2562,0.4717,0,,
partial,online_lrta,astar,21,0.25,26251,False,4,agent_win,1,43,,0.2463,0.4717,0,,
partial,exploration,random,21,0.25,26251,False,4,agent_win,1,165,,2.4325,0.9932,0,163,
partial,exploration,greedy,21,0.25,26251,False,4,agent_win,1,165,,2.3668,0.9932,0,163,
partial,exploration,beam,21,0.25,26251,False,4,agent_win,1,165,,2.5043,0.9932,0,163,
partial,exploration,astar,21,0.25,26251,False,4,agent_win,1,165,,2.4566,0.9932,0,163,
partial,online_astar,random,21,0.25,26251,False,6,agent_win,1,41,,16.5782,0.5986,0,,
partial,online_astar,greedy,21,0.25,26251,False,6,agent_win,1,41,,16.4727,0.5986,0,,
partial,online_astar,beam,21,0.25,26251,False,6,agent_win,1,41,,17.0669,0.5986,0,,
partial,online_astar,astar,21,0.25,26251,False,6,agent_win,1,41,,16.9699,0.5986,0,,
partial,online_lrta,random,21,0.25,26251,False,6,agent_win,1,43,,0.2396,0.5986,0,,
partial,online_lrta,greedy,21,0.25,26251,False,6,agent_win,1,43,,0.2334,0.5986,0,,
partial,online_lrta,beam,21,0.25,26251,False,6,agent_win,1,43,,0.2655,0.5986,0,,
partial,online_lrta,astar,21,0.25,26251,False,6,agent_win,1,43,,0.253,0.5986,0,,
partial,exploration,random,21,0.25,26251,False,6,agent_win,1,43,,0.6806,0.6122,0,39,
partial,exploration,greedy,21,0.25,26251,False,6,agent_win,1,43,,0.6489,0.6122,0,39,
partial,exploration,beam,21,0.25,26251,False,6,agent_win,1,43,,0.6992,0.6122,0,39,
partial,exploration,astar,21,0.25,26251,False,6,agent_win,1,43,,0.6698,0.6122,0,39,
partial,online_astar,random,21,0.25,26251,True,2,agent_win,1,43,,20.0064,0.3197,7,,
partial,online_astar,greedy,21,0.25,26251,True,2,agent_win,1,43,,20.4102,0.3197,7,,
partial,online_astar,beam,21,0.25,26251,True,2,agent_win,1,43,,17.9935,0.3197,7,,
partial,online_astar,astar,21,0.25,26251,True,2,agent_win,1,43,,18.6173,0.3197,7,,
partial,online_lrta,random,21,0.25,26251,True,2,agent_win,1,43,,0.233,0.3197,7,,
partial,online_lrta,greedy,21,0.25,26251,True,2,agent_win,1,43,,0.2244,0.3197,7,,
partial,online_lrta,beam,21,0.25,26251,True,2,agent_win,1,43,,0.2623,0.3197,7,,
partial,online_lrta,astar,21,0.25,26251,True,2,agent_win,1,43,,0.2631,0.3197,7,,
partial,exploration,random,21,0.25,26251,True,2,pursuer_win,0,129,,1.4121,0.6848,21,,
partial,exploration,greedy,21,0.25,26251,True,2,agent_win,1,155,,1.5509,0.8889,26,155,
partial,exploration,beam,21,0.25,26251,True,2,pursuer_win,0,41,,0.4465,0.2517,7,,
partial,exploration,astar,21,0.25,26251,True,2,pursuer_win,0,41,,0.5407,0.2517,7,,
partial,online_astar,random,21,0.25,26251,True,4,agent_win,1,41,,17.321,0.4671,7,,
partial,online_astar,greedy,21,0.25,26251,True,4,agent_win,1,41,,17.9013,0.4762,7,,
partial,online_astar,beam,21,0.25,26251,True,4,agent_win,1,41,,18.2637,0.4762,7,,
partial,online_astar,astar,21,0.25,26251,True,4,agent_win,1,41,,17.1937,0.4762,7,,
partial,online_lrta,random,21,0.25,26251,True,4,agent_win,1,43,,0.2521,0.4694,7,,
partial,online_lrta,greedy,21,0.25,26251,True,4,agent_win,1,43,,0.247,0.4785,7,,
partial,online_lrta,beam,21,0.25,26251,True,4,agent_win,1,43,,0.2739,0.4785,7,,
partial,online_lrta,astar,21,0.25,26251,True,4,agent_win,1,43,,0.2766,0.4785,7,,
partial,exploration,random,21,0.25,26251,True,4,agent_win,1,91,,1.268,0.8798,15,89,
partial,exploration,greedy,21,0.25,26251,True,4,pursuer_win,0,21,,0.3557,0.2971,3,,
partial,exploration,beam,21,0.25,26251,True,4,pursuer_win,0,20,,0.3637,0.2948,3,,
partial,exploration,astar,21,0.25,26251,True,4,pursuer_win,0,20,,0.3239,0.2948,3,,
partial,online_astar,random,21,0.25,26251,True,6,agent_win,1,41,,16.1231,0.5918,7,,
partial,online_astar,greedy,21,0.25,26251,True,6,agent_win,1,41,,16.3533,0.5986,7,,
partial,online_astar,beam,21,0.25,26251,True,6,agent_win,1,41,,16.3628,0.5986,7,,
partial,online_astar,astar,21,0.25,26251,True,6,agent_win,1,41,,16.3508,0.5986,7,,
partial,online_lrta,random,21,0.25,26251,True,6,agent_win,1,43,,0.2424,0.5918,7,,
partial,online_lrta,greedy,21,0.25,26251,True,6,agent_win,1,43,,0.2381,0.5986,7,,
partial,online_lrta,beam,21,0.25,26251,True,6,agent_win,1,43,,0.2911,0.5986,7,,
partial,online_lrta,astar,21,0.25,26251,True,6,agent_win,1,43,,0.3135,0.5986,7,,
partial,exploration,random,21,0.25,26251,True,6,agent_win,1,45,,0.9964,0.6054,7,41,
partial,exploration,greedy,21,0.25,26251,True,6,pursuer_win,0,21,,0.3695,0.3923,3,,
partial,exploration,beam,21,0.25,26251,True,6,pursuer_win,0,20,,0.3726,0.3923,3,,
partial,exploration,astar,21,0.25,26251,True,6,pursuer_win,0,20,,0.404,0.3923,3,,
partial,online_astar,random,21,0.25,26252,False,2,agent_win,1,55,,26.3672,0.3991,0,,
partial,online_astar,greedy,21,0.25,26252,False,2,agent_win,1,55,,26.4877,0.3991,0,,
partial,online_astar,beam,21,0.25,26252,False,2,agent_win,1,55,,27.7021,0.3991,0,,
partial,online_astar,astar,21,0.25,26252,False,2,pursuer_win,0,43,,24.6141,0.3311,0,,
partial,online_lrta,random,21,0.25,26252,False,2,agent_win,1,67,,0.3363,0.4376,0,,
partial,online_lrta,greedy,21,0.25,26252,False,2,agent_win,1,67,,0.3178,0.4376,0,,
partial,online_lrta,beam,21,0.25,26252,False,2,pursuer_win,0,43,,0.278,0.3333,0,,
partial,online_lrta,astar,21,0.25,26252,False,2,pursuer_win,0,23,,0.1421,0.1678,0,,
partial,exploration,random,21,0.25,26252,False,2,agent_win,1,173,,1.9093,0.7937,0,173,
partial,exploration,greedy,21,0.25,26252,False,2,agent_win,1,173,,1.9162,0.7937,0,173,
partial,exploration,beam,21,0.25,26252,False,2,pursuer_win,0,43,,0.5661,0.2494,0,,
partial,exploration,astar,21,0.25,26252,False,2,pursuer_win,0,23,,0.2694,0.1519,0,,
partial,online_astar,random,21,0.25,26252,False,4,agent_win,1,49,,24.8018,0.6236,0,,
partial,online_astar,greedy,21,0.25,26252,False,4,agent_win,1,49,,26.4539,0.6236,0,,
partial,online_astar,beam,21,0.25,26252,False,4,agent_win,1,49,,24.4736,0.6236,0,,
partial,online_astar,astar,21,0.25,26252,False,4,agent_win,1,49,,24.7851,0.6236,0,,
partial,online_lrta,random,21,0.25,26252,False,4,agent_win,1,67,,0.3425,0.6372,0,,
partial,online_lrta,greedy,21,0.25,26252,False,4,agent_win,1,67,,0.3344,0.6372,0,,
partial,online_lrta,beam,21,0.25,26252,False,4,pursuer_win,0,43,,0.268,0.5147,0,,
partial,online_lrta,astar,21,0.25,26252,False,4,pursuer_win,0,23,,0.1473,0.254,0,,
partial,exploration,random,21,0.25,26252,False,4,agent_win,1,123,,1.9652,0.9297,0,121,
partial,exploration,greedy,21,0.25,26252,False,4,agent_win,1,123,,1.9109,0.9297,0,121,
partial,exploration,beam,21,0.25,26252,False,4,pursuer_win,0,32,,0.4385,0.3356,0,,
partial,exploration,astar,21,0.25,26252,False,4,pursuer_win,0,21,,0.313,0.2562,0,,
partial,online_astar,random,21,0.25,26252,False,6,agent_win,1,47,,19.46,0.6939,0,,
partial,online_astar,greedy,21,0.25,26252,False,6,agent_win,1,47,,19.6268,0.6939,0,,
partial,online_astar,beam,21,0.25,26252,False,6,agent_win,1,47,,19.377,0.6939,0,,
partial,online_astar,astar,21,0.25,26252,False,6,agent_win,1,47,,22.1996,0.6939,0,,
partial,online_lrta,random,21,0.25,26252,False,6,agent_win,1,67,,0.3399,0.7914,0,,
partial,online_lrta,greedy,21,0.25,26252,False,6,agent_win,1,67,,0.3179,0.7914,0,,
partial,online_lrta,beam,21,0.25,26252,False,6,pursuer_win,0,43,,0.2825,0.6757,0,,
partial,online_lrta,astar,21,0.25,26252,False,6,pursuer_win,0,23,,0.1477,0.3469,0,,
partial,exploration,random,21,0.25,26252,False,6,agent_win,1,63,,1.5425,0.8186,0,59,
partial,exploration,greedy,21,0.25,26252,False,6,agent_win,1,63,,1.1372,0.8186,0,59,
partial,exploration,beam,21,0.25,26252,False,6,agent_win,1,63,,1.1093,0.8186,0,59,
partial,exploration,astar,21,0.25,26252,False,6,pursuer_win,0,34,,0.6036,0.5102,0,,
partial,online_astar,random,21,0.25,26252,True,2,agent_win,1,55,,25.1685,0.3832,9,,
partial,online_astar,greedy,21,0.25,26252,True,2,agent_win,1,45,,20.133,0.3537,7,,
partial,online_astar,beam,21,0.25,26252,True,2,agent_win,1,45,,20.2018,0.356,7,,
partial,online_astar,astar,21,0.25,26252,True,2,agent_win,1,45,,20.0675,0.356,7,,
partial,online_lrta,random,21,0.25,26252,True,2,agent_win,1,61,,0.3401,0.415,10,,
partial,online_lrta,greedy,21,0.25,26252,True,2,agent_win,1,57,,0.3391,0.3628,9,,
partial,online_lrta,beam,21,0.25,26252,True,2,pursuer_win,0,43,,0.2877,0.3107,7,,
partial,online_lrta,astar,21,0.25,26252,True,2,pursuer_win,0,39,,0.2491,0.2925,6,,
partial,exploration,random,21,0.25,26252,True,2,agent_win,1,173,,2.2705,0.7982,29,173,
partial,exploration,greedy,21,0.25,26252,True,2,pursuer_win,0,132,,1.5702,0.7166,22,,
partial,exploration,beam,21,0.25,26252,True,2,pursuer_win,0,66,,0.8893,0.4512,11,,
partial,exploration,astar,21,0.25,26252,True,2,pursuer_win,0,38,,0.488,0.2381,6,,
partial,online_astar,random,21,0.25,26252,True,4,agent_win,1,45,,25.2158,0.6032,7,,
partial,online_astar,greedy,21,0.25,26252,True,4,agent_win,1,41,,18.7399,0.5351,7,,
partial,online_astar,beam,21,0.25,26252,True,4,agent_win,1,41,,18.7089,0.5374,7,,
partial,online_astar,astar,21,0.25,26252,True,4,agent_win,1,41,,18.6314,0.5374,7,,
partial,online_lrta,random,21,0.25,26252,True,4,agent_win,1,61,,0.3503,0.6145,10,,
partial,online_lrta,greedy,21,0.25,26252,True,4,agent_win,1,57,,0.3161,0.5397,9,,
partial,online_lrta,beam,21,0.25,26252,True,4,pursuer_win,0,43,,0.2768,0.4762,7,,
partial,online_lrta,astar,21,0.25,26252,True,4,pursuer_win,0,39,,0.2547,0.449,6,,
partial,exploration,random,21,0.25,26252,True,4,agent_win,1,123,,2.0701,0.9297,20,121,
partial,exploration,greedy,21,0.25,26252,True,4,pursuer_win,0,109,,1.6186,0.9569,18,,
partial,exploration,beam,21,0.25,26252,True,4,pursuer_win,0,35,,0.5285,0.3469,6,,
partial,exploration,astar,21,0.25,26252,True,4,pursuer_win,0,22,,0.3428,0.2721,3,,
partial,online_astar,random,21,0.25,26252,True,6,agent_win,1,45,,20.8337,0.6599,7,,
partial,online_astar,greedy,21,0.25,26252,True,6,agent_win,1,41,,17.6318,0.678,7,,
partial,online_astar,beam,21,0.25,26252,True,6,agent_win,1,41,,17.4901,0.6848,7,,
partial,online_astar,astar,21,0.25,26252,True,6,agent_win,1,41,,17.0098,0.6848,7,,
partial,online_lrta,random,21,0.25,26252,True,6,agent_win,1,61,,0.3549,0.7755,10,,
partial,online_lrta,greedy,21,0.25,26252,True,6,agent_win,1,57,,0.3196,0.6803,9,,
partial,online_lrta,beam,21,0.25,26252,True,6,pursuer_win,0,43,,0.2853,0.6168,7,,
partial,online_lrta,astar,21,0.25,26252,True,6,pursuer_win,0,39,,0.2559,0.5828,6,,
partial,exploration,random,21,0.25,26252,True,6,pursuer_win,0,77,,1.3974,0.9138,13,,
partial,exploration,greedy,21,0.25,26252,True,6,pursuer_win,0,75,,1.8229,0.8866,12,,
partial,exploration,beam,21,0.25,26252,True,6,pursuer_win,0,61,,1.1405,0.8889,10,,
partial,exploration,astar,21,0.25,26252,True,6,pursuer_win,0,46,,0.8615,0.7256,7,,
partial,online_astar,random,21,0.25,26253,False,2,agent_win,1,49,,21.8826,0.3968,0,,
partial,online_astar,greedy,21,0.25,26253,False,2,agent_win,1,49,,19.9092,0.3968,0,,
partial,online_astar,beam,21,0.25,26253,False,2,agent_win,1,49,,20.6755,0.3968,0,,
partial,online_astar,astar,21,0.25,26253,False,2,agent_win,1,49,,20.4076,0.3968,0,,
partial,online_lrta,random,21,0.25,26253,False,2,agent_win,1,51,,0.2575,0.3991,0,,
partial,online_lrta,greedy,21,0.25,26253,False,2,agent_win,1,51,,0.242,0.3991,0,,
partial,online_lrta,beam,21,0.25,26253,False,2,agent_win,1,51,,0.3036,0.3991,0,,
partial,online_lrta,astar,21,0.25,26253,False,2,agent_win,1,51,,0.3024,0.3991,0,,
partial,exploration,random,21,0.25,26253,False,2,pursuer_win,0,27,,0.3104,0.2517,0,,
partial,exploration,greedy,21,0.25,26253,False,2,pursuer_win,0,22,,0.2586,0.2132,0,,
partial,exploration,beam,21,0.25,26253,False,2,pursuer_win,0,22,,0.2773,0.2132,0,,
partial,exploration,astar,21,0.25,26253,False,2,pursuer_win,0,22,,0.2761,0.2132,0,,
partial,online_astar,random,21,0.25,26253,False,4,agent_win,1,47,,17.9513,0.6054,0,,
partial,online_astar,greedy,21,0.25,26253,False,4,agent_win,1,47,,17.8979,0.6054,0,,
partial,online_astar,beam,21,0.25,26253,False,4,agent_win,1,47,,18.8204,0.6054,0,,
partial,online_astar,astar,21,0.25,26253,False,4,agent_win,1,47,,20.2747,0.6054,0,,
partial,online_lrta,random,21,0.25,26253,False,4,agent_win,1,51,,0.2683,0.6077,0,,
partial,online_lrta,greedy,21,0.25,26253,False,4,agent_win,1,51,,0.2889,0.6077,0,,
partial,online_lrta,beam,21,0.25,26253,False,4,agent_win,1,51,,0.2991,0.6077,0,,
partial,online_lrta,astar,21,0.25,26253,False,4,agent_win,1,51,,0.2994,0.6077,0,,
partial,exploration,random,21,0.25,26253,False,4,agent_win,1,151,,2.5299,1.0,0,149,
partial,exploration,greedy,21,0.25,26253,False,4,pursuer_win,0,26,,0.386,0.3832,0,,
partial,exploration,beam,21,0.25,26253,False,4,pursuer_win,0,16,,0.1825,0.2063,0,,
partial,exploration,astar,21,0.25,26253,False,4,pursuer_win,0,16,,0.184,0.2063,0,,
partial,online_astar,random,21,0.25,26253,False,6,agent_win,1,45,,16.8349,0.7415,0,,
partial,online_astar,greedy,21,0.25,26253,False,6,agent_win,1,45,,21.3633,0.7415,0,,
partial,online_astar,beam,21,0.25,26253,False,6,agent_win,1,45,,17.2675,0.7415,0,,
partial,online_astar,astar,21,0.25,26253,False,6,agent_win,1,45,,17.5831,0.7415,0,,
partial,online_lrta,random,21,0.25,26253,False,6,agent_win,1,51,,0.2765,0.7347,0,,
partial,online_lrta,greedy,21,0.25,26253,False,6,agent_win,1,51,,0.2666,0.7347,0,,
partial,online_lrta,beam,21,0.25,26253,False,6,agent_win,1,51,,0.3204,0.7347,0,,
partial,online_lrta,astar,21,0.25,26253,False,6,agent_win,1,51,,0.3129,0.7347,0,,
partial,exploration,random,21,0.25,26253,False,6,agent_win,1,81,,1.4441,1.0,0,77,
partial,exploration,greedy,21,0.25,26253,False,6,agent_win,1,81,,1.4293,1.0,0,77,
partial,exploration,beam,21,0.25,26253,False,6,pursuer_win,0,61,,1.2378,0.9093,0,,
partial,exploration,astar,21,0.25,26253,False,6,pursuer_win,0,61,,1.1963,0.9093,0,,
partial,online_astar,random,21,0.25,26253,True,2,agent_win,1,49,,20.7052,0.3946,8,,
partial,online_astar,greedy,21,0.25,26253,True,2,agent_win,1,49,,20.8628,0.3968,8,,
partial,online_astar,beam,21,0.25,26253,True,2,agent_win,1,49,,21.1377,0.3968,8,,
partial,online_astar,astar,21,0.25,26253,True,2,agent_win,1,49,,21.5949,0.3968,8,,
partial,online_lrta,random,21,0.25,26253,True,2,agent_win,1,51,,0.3093,0.3968,8,,
partial,online_lrta,greedy,21,0.25,26253,True,2,agent_win,1,53,,0.3156,0.4036,9,,
partial,online_lrta,beam,21,0.25,26253,True,2,pursuer_win,0,37,,0.2592,0.3016,6,,
partial,online_lrta,astar,21,0.25,26253,True,2,pursuer_win,0,37,,0.2534,0.3016,6,,
partial,exploration,random,21,0.25,26253,True,2,agent_win,1,175,,2.2834,0.9138,29,175,
partial,exploration,greedy,21,0.25,26253,True,2,pursuer_win,0,22,,0.2977,0.2132,3,,
partial,exploration,beam,21,0.25,26253,True,2,pursuer_win,0,22,,0.3041,0.2132,3,,
partial,exploration,astar,21,0.25,26253,True,2,pursuer_win,0,22,,0.2905,0.2132,3,,
partial,online_astar,random,21,0.25,26253,True,4,agent_win,1,47,,18.8812,0.6032,8,,
partial,online_astar,greedy,21,0.25,26253,True,4,agent_win,1,47,,19.2977,0.61,8,,
partial,online_astar,beam,21,0.25,26253,True,4,agent_win,1,47,,19.5004,0.6054,8,,
partial,online_astar,astar,21,0.25,26253,True,4,agent_win,1,47,,20.1997,0.6054,8,,
partial,online_lrta,random,21,0.25,26253,True,4,agent_win,1,51,,0.3571,0.6054,8,,
partial,online_lrta,greedy,21,0.25,26253,True,4,agent_win,1,53,,0.2844,0.6122,9,,
partial,online_lrta,beam,21,0.25,26253,True,4,pursuer_win,0,37,,0.2518,0.4921,6,,
partial,online_lrta,astar,21,0.25,26253,True,4,pursuer_win,0,37,,0.2443,0.4921,6,,
partial,exploration,random,21,0.25,26253,True,4,agent_win,1,79,,1.2131,0.9161,12,77,
partial,exploration,greedy,21,0.25,26253,True,4,agent_win,1,133,,2.3186,0.9977,22,131,
partial,exploration,beam,21,0.25,26253,True,4,pursuer_win,0,52,,1.189,0.5329,8,,
partial,exploration,astar,21,0.25,26253,True,4,pursuer_win,0,52,,1.2112,0.5329,8,,
partial,online_astar,random,21,0.25,26253,True,6,agent_win,1,45,,16.7236,0.7392,7,,
partial,online_astar,greedy,21,0.25,26253,True,6,agent_win,1,45,,17.0803,0.7415,7,,
partial,online_astar,beam,21,0.25,26253,True,6,agent_win,1,45,,17.2574,0.7415,7,,
partial,online_astar,astar,21,0.25,26253,True,6,agent_win,1,45,,17.427,0.7415,7,,
partial,online_lrta,random,21,0.25,26253,True,6,agent_win,1,51,,0.2949,0.7324,8,,
partial,online_lrta,greedy,21,0.25,26253,True,6,agent_win,1,53,,0.2929,0.7392,9,,
partial,online_lrta,beam,21,0.25,26253,True,6,pursuer_win,0,37,,0.28,0.6122,6,,
partial,online_lrta,astar,21,0.25,26253,True,6,pursuer_win,0,37,,0.2274,0.6122,6,,
partial,exploration,random,21,0.25,26253,True,6,agent_win,1,83,,1.6504,1.0,14,79,
partial,exploration,greedy,21,0.25,26253,True,6,agent_win,1,79,,1.3787,1.0,13,75,
partial,exploration,beam,21,0.25,26253,True,6,agent_win,1,79,,1.47,1.0,13,75,
partial,exploration,astar,21,0.25,26253,True,6,agent_win,1,79,,1.4878,1.0,13,75,
partial,online_astar,random,21,0.25,26254,False,2,agent_win,1,57,,30.3962,0.4127,0,,
partial,online_astar,greedy,21,0.25,26254,False,2,agent_win,1,57,,29.2919,0.4127,0,,
partial,online_astar,beam,21,0.25,26254,False,2,pursuer_win,0,20,,24.5174,0.161,0,,
partial,online_astar,astar,21,0.25,26254,False,2,pursuer_win,0,17,,22.5233,0.1361,0,,
partial,online_lrta,random,21,0.25,26254,False,2,agent_win,1,67,,0.3347,0.415,0,,
partial,online_lrta,greedy,21,0.25,26254,False,2,agent_win,1,67,,0.3141,0.415,0,,
partial,online_lrta,beam,21,0.25,26254,False,2,pursuer_win,0,24,,0.1585,0.1633,0,,
partial,online_lrta,astar,21,0.25,26254,False,2,pursuer_win,0,19,,0.1193,0.1156,0,,
partial,exploration,random,21,0.25,26254,False,2,pursuer_win,0,74,,0.7801,0.3379,0,,
partial,exploration,greedy,21,0.25,26254,False,2,pursuer_win,0,64,,0.6348,0.3288,0,,
partial,exploration,beam,21,0.25,26254,False,2,pursuer_win,0,36,,0.5573,0.2268,0,,
partial,exploration,astar,21,0.25,26254,False,2,pursuer_win,0,18,,0.2001,0.127,0,,
partial,online_astar,random,21,0.25,26254,False,4,agent_win,1,51,,23.3052,0.5964,0,,
partial,online_astar,greedy,21,0.25,26254,False,4,agent_win,1,51,,23.3673,0.5964,0,,
partial,online_astar,beam,21,0.25,26254,False,4,pursuer_win,0,16,,19.791,0.2562,0,,
partial,online_astar,astar,21,0.25,26254,False,4,pursuer_win,0,15,,18.5685,0.2449,0,,
partial,online_lrta,random,21,0.25,26254,False,4,agent_win,1,67,,0.3396,0.5964,0,,
partial,online_lrta,greedy,21,0.25,26254,False,4,agent_win,1,67,,0.3259,0.5964,0,,
partial,online_lrta,beam,21,0.25,26254,False,4,pursuer_win,0,24,,0.1577,0.2562,0,,
partial,online_lrta,astar,21,0.25,26254,False,4,pursuer_win,0,19,,0.1211,0.1814,0,,
partial,exploration,random,21,0.25,26254,False,4,agent_win,1,99,,1.3103,0.9615,0,95,
partial,exploration,greedy,21,0.25,26254,False,4,agent_win,1,99,,1.2559,0.9615,0,95,
partial,exploration,beam,21,0.25,26254,False,4,pursuer_win,0,23,,0.3117,0.2812,0,,
partial,exploration,astar,21,0.25,26254,False,4,pursuer_win,0,19,,0.2196,0.22,0,,
partial,online_astar,random,21,0.25,26254,False,6,agent_win,1,49,,19.3074,0.7256,0,,
partial,online_astar,greedy,21,0.25,26254,False,6,agent_win,1,49,,16.7191,0.7256,0,,
partial,online_astar,beam,21,0.25,26254,False,6,pursuer_win,0,14,,13.9708,0.3537,0,,
partial,online_astar,astar,21,0.25,26254,False,6,pursuer_win,0,14,,14.5889,0.3537,0,,
partial,online_lrta,random,21,0.25,26254,False,6,agent_win,1,67,,0.3399,0.7256,0,,
partial,online_lrta,greedy,21,0.25,26254,False,6,agent_win,1,67,,0.3223,0.7256,0,,
partial,online_lrta,beam,21,0.25,26254,False,6,pursuer_win,0,24,,0.155,0.3537,0,,
partial,online_lrta,astar,21,0.25,26254,False,6,pursuer_win,0,19,,0.1299,0.2562,0,,
partial,exploration,random,21,0.25,26254,False,6,agent_win,1,91,,1.4055,0.9456,0,85,
partial,exploration,greedy,21,0.25,26254,False,6,agent_win,1,91,,1.4139,0.9456,0,85,
partial,exploration,beam,21,0.25,26254,False,6,pursuer_win,0,25,,0.5955,0.4172,0,,
partial,exploration,astar,21,0.25,26254,False,6,pursuer_win,0,25,,0.5723,0.4172,0,,
partial,online_astar,random,21,0.25,26254,True,2,agent_win,1,61,,31.5452,0.458,10,,
partial,online_astar,greedy,21,0.25,26254,True,2,agent_win,1,61,,31.4241,0.4603,10,,
partial,online_astar,beam,21,0.25,26254,True,2,pursuer_win,0,20,,24.8831,0.161,3,,
partial,online_astar,astar,21,0.25,26254,True,2,pursuer_win,0,17,,22.9626,0.1361,3,,
partial,online_lrta,random,21,0.25,26254,True,2,agent_win,1,67,,0.3787,0.4603,11,,
partial,online_lrta,greedy,21,0.25,26254,True,2,pursuer_win,0,46,,0.272,0.3107,7,,
partial,online_lrta,beam,21,0.25,26254,True,2,pursuer_win,0,24,,0.1472,0.1633,4,,
partial,online_lrta,astar,21,0.25,26254,True,2,pursuer_win,0,19,,0.1306,0.1156,3,,
partial,exploration,random,21,0.25,26254,True,2,agent_win,1,139,,1.4534,0.6667,23,139,
partial,exploration,greedy,21,0.25,26254,True,2,pursuer_win,0,56,,0.6158,0.3175,9,,
partial,exploration,beam,21,0.25,26254,True,2,pursuer_win,0,37,,0.4771,0.2268,6,,
partial,exploration,astar,21,0.25,26254,True,2,pursuer_win,0,18,,0.2085,0.127,3,,
partial,online_astar,random,21,0.25,26254,True,4,agent_win,1,55,,24.8229,0.6757,9,,
partial,online_astar,greedy,21,0.25,26254,True,4,agent_win,1,55,,24.323,0.6531,9,,
partial,online_astar,beam,21,0.25,26254,True,4,pursuer_win,0,16,,21.0373,0.2562,2,,
partial,online_astar,astar,21,0.25,26254,True,4,pursuer_win,0,15,,17.1496,0.2449,2,,
partial,online_lrta,random,21,0.25,26254,True,4,agent_win,1,67,,0.3841,0.6599,11,,
partial,online_lrta,greedy,21,0.25,26254,True,4,pursuer_win,0,46,,0.2453,0.4807,7,,
partial,online_lrta,beam,21,0.25,26254,True,4,pursuer_win,0,24,,0.1572,0.2562,4,,
partial,online_lrta,astar,21,0.25,26254,True,4,pursuer_win,0,19,,0.1321,0.1814,3,,
partial,exploration,random,21,0.25,26254,True,4,agent_win,1,105,,1.3967,0.9977,17,103,
partial,exploration,greedy,21,0.25,26254,True,4,agent_win,1,103,,1.4614,0.9909,17,101,
partial,exploration,beam,21,0.25,26254,True,4,pursuer_win,0,23,,0.2927,0.2812,4,,
partial,exploration,astar,21,0.25,26254,True,4,pursuer_win,0,19,,0.2177,0.22,3,,
partial,online_astar,random,21,0.25,26254,True,6,agent_win,1,53,,20.1583,0.7914,9,,
partial,online_astar,greedy,21,0.25,26254,True,6,agent_win,1,53,,20.6226,0.78,9,,
partial,online_astar,beam,21,0.25,26254,True,6,pursuer_win,0,14,,16.9594,0.3537,2,,
partial,online_astar,astar,21,0.25,26254,True,6,pursuer_win,0,14,,15.1066,0.3537,2,,
partial,online_lrta,random,21,0.25,26254,True,6,agent_win,1,67,,0.4062,0.78,11,,
partial,online_lrta,greedy,21,0.25,26254,True,6,pursuer_win,0,46,,0.2604,0.6168,7,,
partial,online_lrta,beam,21,0.25,26254,True,6,pursuer_win,0,24,,0.162,0.3537,4,,
partial,online_lrta,astar,21,0.25,26254,True,6,pursuer_win,0,19,,0.1251,0.2562,3,,
partial,exploration,random,21,0.25,26254,True,6,agent_win,1,83,,1.5282,0.9456,14,79,
partial,exploration,greedy,21,0.25,26254,True,6,agent_win,1,109,,2.197,1.0,18,105,
partial,exploration,beam,21,0.25,26254,True,6,pursuer_win,0,25,,0.4952,0.4172,4,,
partial,exploration,astar,21,0.25,26254,True,6,pursuer_win,0,25,,0.5186,0.4172,4,,
partial,online_astar,random,21,0.35,26350,False,2,agent_win,1,47,,18.7765,0.3447,0,,
partial,online_astar,greedy,21,0.35,26350,False,2,agent_win,1,47,,19.2243,0.3447,0,,
partial,online_astar,beam,21,0.35,26350,False,2,agent_win,1,47,,23.6025,0.3447,0,,
partial,online_astar,astar,21,0.35,26350,False,2,agent_win,1,47,,20.3863,0.3447,0,,
partial,online_lrta,random,21,0.35,26350,False,2,agent_win,1,51,,0.2496,0.3469,0,,
partial,online_lrta,greedy,21,0.35,26350,False,2,agent_win,1,51,,0.2693,0.3469,0,,
partial,online_lrta,beam,21,0.35,26350,False,2,agent_win,1,51,,0.3123,0.3469,0,,
partial,online_lrta,astar,21,0.35,26350,False,2,agent_win,1,51,,0.436,0.3469,0,,
partial,exploration,random,21,0.35,26350,False,2,timeout,0,200,,2.2722,0.898,0,,
partial,exploration,greedy,21,0.35,26350,False,2,timeout,0,200,,2.3652,0.898,0,,
partial,exploration,beam,21,0.35,26350,False,2,timeout,0,200,,2.4353,0.898,0,,
partial,exploration,astar,21,0.35,26350,False,2,timeout,0,200,,2.1795,0.898,0,,
partial,online_astar,random,21,0.35,26350,False,4,agent_win,1,43,,17.1111,0.5057,0,,
partial,online_astar,greedy,21,0.35,26350,False,4,agent_win,1,43,,17.3861,0.5057,0,,
partial,online_astar,beam,21,0.35,26350,False,4,agent_win,1,43,,17.3308,0.5057,0,,
partial,online_astar,astar,21,0.35,26350,False,4,agent_win,1,43,,16.8379,0.5057,0,,
partial,online_lrta,random,21,0.35,26350,False,4,agent_win,1,51,,0.2293,0.517,0,,
partial,online_lrta,greedy,21,0.35,26350,False,4,agent_win,1,51,,0.2485,0.517,0,,
partial,online_lrta,beam,21,0.35,26350,False,4,agent_win,1,51,,0.2718,0.517,0,,
partial,online_lrta,astar,21,0.35,26350,False,4,agent_win,1,51,,0.2734,0.517,0,,
partial,exploration,random,21,0.35,26350,False,4,agent_win,1,127,,1.6202,0.9229,0,125,
partial,exploration,greedy,21,0.35,26350,False,4,agent_win,1,127,,1.557,0.9229,0,125,
partial,exploration,beam,21,0.35,26350,False,4,agent_win,1,127,,1.6684,0.9229,0,125,
partial,exploration,astar,21,0.35,26350,False,4,agent_win,1,127,,2.0161,0.9229,0,125,
partial,online_astar,random,21,0.35,26350,False,6,agent_win,1,43,,16.5601,0.6349,0,,
partial,online_astar,greedy,21,0.35,26350,False,6,agent_win,1,43,,16.3743,0.6349,0,,
partial,online_astar,beam,21,0.35,26350,False,6,agent_win,1,43,,17.0731,0.6349,0,,
partial,online_astar,astar,21,0.35,26350,False,6,agent_win,1,43,,15.7977,0.6349,0,,
partial,online_lrta,random,21,0.35,26350,False,6,agent_win,1,51,,0.2555,0.6349,0,,
partial,online_lrta,greedy,21,0.35,26350,False,6,agent_win,1,51,,0.3238,0.6349,0,,
partial,online_lrta,beam,21,0.35,26350,False,6,agent_win,1,51,,0.2797,0.6349,0,,
partial,online_lrta,astar,21,0.35,26350,False,6,agent_win,1,51,,0.261,0.6349,0,,
partial,exploration,random,21,0.35,26350,False,6,agent_win,1,49,,0.5907,0.6349,0,43,
partial,exploration,greedy,21,0.35,26350,False,6,agent_win,1,49,,0.592,0.6349,0,43,
partial,exploration,beam,21,0.35,26350,False,6,agent_win,1,49,,0.6298,0.6349,0,43,
partial,exploration,astar,21,0.35,26350,False,6,agent_win,1,49,,0.6369,0.6349,0,43,
partial,online_astar,random,21,0.35,26350,True,2,agent_win,1,47,,19.3351,0.3447,7,,
partial,online_astar,greedy,21,0.35,26350,True,2,agent_win,1,47,,20.4551,0.3447,8,,
partial,online_astar,beam,21,0.35,26350,True,2,agent_win,1,47,,20.2859,0.3447,8,,
partial,online_astar,astar,21,0.35,26350,True,2,agent_win,1,47,,20.1534,0.3447,8,,
partial,online_lrta,random,21,0.35,26350,True,2,agent_win,1,51,,0.3039,0.3469,7,,
partial,online_lrta,greedy,21,0.35,26350,True,2,agent_win,1,51,,0.2652,0.3469,8,,
partial,online_lrta,beam,21,0.35,26350,True,2,agent_win,1,51,,0.3238,0.3469,8,,
partial,online_lrta,astar,21,0.35,26350,True,2,agent_win,1,51,,0.4269,0.3469,8,,
partial,exploration,random,21,0.35,26350,True,2,timeout,0,200,,2.6022,0.8345,30,,
partial,exploration,greedy,21,0.35,26350,True,2,agent_win,1,111,,0.9843,0.5624,18,111,
partial,exploration,beam,21,0.35,26350,True,2,agent_win,1,111,,1.1042,0.5646,18,111,
partial,exploration,astar,21,0.35,26350,True,2,pursuer_win,0,84,,0.8689,0.517,14,,
partial,online_astar,random,21,0.35,26350,True,4,agent_win,1,43,,17.374,0.5057,6,,
partial,online_astar,greedy,21,0.35,26350,True,4,agent_win,1,43,,17.8034,0.5057,7,,
partial,online_astar,beam,21,0.35,26350,True,4,agent_win,1,43,,21.1248,0.5057,7,,
partial,online_astar,astar,21,0.35,26350,True,4,agent_win,1,43,,22.9305,0.5057,7,,
partial,online_lrta,random,21,0.35,26350,True,4,agent_win,1,51,,0.2908,0.517,7,,
partial,online_lrta,greedy,21,0.35,26350,True,4,agent_win,1,51,,0.2737,0.517,8,,
partial,online_lrta,beam,21,0.35,26350,True,4,agent_win,1,51,,0.33,0.517,8,,
partial,online_lrta,astar,21,0.35,26350,True,4,agent_win,1,51,,0.3056,0.517,8,,
partial,exploration,random,21,0.35,26350,True,4,agent_win,1,75,,1.0139,0.5896,9,73,
partial,exploration,greedy,21,0.35,26350,True,4,agent_win,1,133,,2.7345,0.8662,20,131,
partial,exploration,beam,21,0.35,26350,True,4,pursuer_win,0,107,,1.9515,0.7483,18,,
partial,exploration,astar,21,0.35,26350,True,4,pursuer_win,0,104,,1.9691,0.7075,17,,
partial,online_astar,random,21,0.35,26350,True,6,agent_win,1,43,,16.4018,0.6349,6,,
partial,online_astar,greedy,21,0.35,26350,True,6,agent_win,1,43,,16.4048,0.6349,7,,
partial,online_astar,beam,21,0.35,26350,True,6,agent_win,1,43,,16.4707,0.6349,7,,
partial,online_astar,astar,21,0.35,26350,True,6,agent_win,1,43,,16.0023,0.6349,7,,
partial,online_lrta,random,21,0.35,26350,True,6,agent_win,1,51,,0.3082,0.6349,7,,
partial,online_lrta,greedy,21,0.35,26350,True,6,agent_win,1,51,,0.2919,0.6349,8,,
partial,online_lrta,beam,21,0.35,26350,True,6,agent_win,1,51,,0.3095,0.6349,8,,
partial,online_lrta,astar,21,0.35,26350,True,6,agent_win,1,51,,0.3292,0.6349,8,,
partial,exploration,random,21,0.35,26350,True,6,agent_win,1,49,,0.6873,0.6349,7,43,
partial,exploration,greedy,21,0.35,26350,True,6,agent_win,1,49,,0.7255,0.6372,8,45,
partial,exploration,beam,21,0.35,26350,True,6,agent_win,1,49,,0.7612,0.6372,8,45,
partial,exploration,astar,21,0.35,26350,True,6,agent_win,1,49,,0.746,0.6372,8,45,
partial,online_astar,random,21,0.35,26351,False,2,agent_win,1,47,,31.8357,0.3923,0,,
partial,online_astar,greedy,21,0.35,26351,False,2,pursuer_win,0,36,,24.0295,0.322,0,,
partial,online_astar,beam,21,0.35,26351,False,2,pursuer_win,0,22,,20.5949,0.195,0,,
partial,online_astar,astar,21,0.35,26351,False,2,pursuer_win,0,22,,20.4226,0.195,0,,
partial,online_lrta,random,21,0.35,26351,False,2,agent_win,1,53,,0.2618,0.4036,0,,
partial,online_lrta,greedy,21,0.35,26351,False,2,pursuer_win,0,41,,0.1945,0.3311,0,,
partial,online_lrta,beam,21,0.35,26351,False,2,pursuer_win,0,23,,0.1472,0.1905,0,,
partial,online_lrta,astar,21,0.35,26351,False,2,pursuer_win,0,23,,0.1451,0.1905,0,,
partial,exploration,random,21,0.35,26351,False,2,pursuer_win,0,150,,1.7304,0.7007,0,,
partial,exploration,greedy,21,0.35,26351,False,2,pursuer_win,0,44,,0.4097,0.2132,0,,
partial,exploration,beam,21,0.35,26351,False,2,pursuer_win,0,25,,0.3347,0.1406,0,,
partial,exploration,astar,21,0.35,26351,False,2,pursuer_win,0,25,,0.3253,0.1406,0,,
partial,online_astar,random,21,0.35,26351,False,4,agent_win,1,43,,20.214,0.5828,0,,
partial,online_astar,greedy,21,0.35,26351,False,4,pursuer_win,0,33,,20.3576,0.5283,0,,
partial,online_astar,beam,21,0.35,26351,False,4,pursuer_win,0,20,,17.8507,0.3492,0,,
partial,online_astar,astar,21,0.35,26351,False,4,pursuer_win,0,20,,17.8194,0.3492,0,,
partial,online_lrta,random,21,0.35,26351,False,4,agent_win,1,53,,0.2805,0.6122,0,,
partial,online_lrta,greedy,21,0.35,26351,False,4,pursuer_win,0,41,,0.2038,0.542,0,,
partial,online_lrta,beam,21,0.35,26351,False,4,pursuer_win,0,23,,0.1475,0.3152,0,,
partial,online_lrta,astar,21,0.35,26351,False,4,pursuer_win,0,23,,0.1439,0.3152,0,,
partial,exploration,random,21,0.35,26351,False,4,pursuer_win,0,79,,0.9759,0.6621,0,,
partial,exploration,greedy,21,0.35,26351,False,4,pursuer_win,0,91,,1.1232,0.7596,0,,
partial,exploration,beam,21,0.35,26351,False,4,pursuer_win,0,29,,0.4316,0.3152,0,,
partial,exploration,astar,21,0.35,26351,False,4,pursuer_win,0,29,,0.4268,0.3152,0,,
partial,online_astar,random,21,0.35,26351,False,6,agent_win,1,43,,17.9056,0.746,0,,
partial,online_astar,greedy,21,0.35,26351,False,6,pursuer_win,0,33,,17.6429,0.7234,0,,
partial,online_astar,beam,21,0.35,26351,False,6,pursuer_win,0,20,,15.9099,0.4898,0,,
partial,online_astar,astar,21,0.35,26351,False,6,pursuer_win,0,20,,17.4667,0.4898,0,,
partial,online_lrta,random,21,0.35,26351,False,6,agent_win,1,53,,0.2745,0.7755,0,,
partial,online_lrta,greedy,21,0.35,26351,False,6,pursuer_win,0,41,,0.2265,0.7415,0,,
partial,online_lrta,beam,21,0.35,26351,False,6,pursuer_win,0,23,,0.1495,0.4354,0,,
partial,online_lrta,astar,21,0.35,26351,False,6,pursuer_win,0,23,,0.1427,0.4354,0,,
partial,exploration,random,21,0.35,26351,False,6,agent_win,1,73,,1.1912,0.8549,0,69,
partial,exploration,greedy,21,0.35,26351,False,6,pursuer_win,0,39,,0.8112,0.6757,0,,
partial,exploration,beam,21,0.35,26351,False,6,pursuer_win,0,20,,0.3611,0.4898,0,,
partial,exploration,astar,21,0.35,26351,False,6,pursuer_win,0,20,,0.3644,0.4898,0,,
partial,online_astar,random,21,0.35,26351,True,2,agent_win,1,61,,26.5407,0.4036,10,,
partial,online_astar,greedy,21,0.35,26351,True,2,agent_win,1,59,,27.2495,0.4558,10,,
partial,online_astar,beam,21,0.35,26351,True,2,pursuer_win,0,22,,19.1775,0.195,3,,
partial,online_astar,astar,21,0.35,26351,True,2,pursuer_win,0,22,,19.8007,0.195,3,,
partial,online_lrta,random,21,0.35,26351,True,2,agent_win,1,93,,0.4811,0.4331,15,,
partial,online_lrta,greedy,21,0.35,26351,True,2,pursuer_win,0,54,,0.2729,0.3764,9,,
partial,online_lrta,beam,21,0.35,26351,True,2,pursuer_win,0,23,,0.153,0.1905,4,,
partial,online_lrta,astar,21,0.35,26351,True,2,pursuer_win,0,23,,0.1654,0.1905,4,,
partial,exploration,random,21,0.35,26351,True,2,timeout,0,200,,2.9315,0.5488,32,,
partial,exploration,greedy,21,0.35,26351,True,2,pursuer_win,0,47,,0.5661,0.254,8,,
partial,exploration,beam,21,0.35,26351,True,2,pursuer_win,0,26,,0.3072,0.1406,4,,
partial,exploration,astar,21,0.35,26351,True,2,pursuer_win,0,25,,0.2913,0.1406,4,,
partial,online_astar,random,21,0.35,26351,True,4,agent_win,1,43,,20.6702,0.5714,7,,
partial,online_astar,greedy,21,0.35,26351,True,4,agent_win,1,51,,22.1593,0.6395,8,,
partial,online_astar,beam,21,0.35,26351,True,4,pursuer_win,0,20,,17.9086,0.3492,3,,
partial,online_astar,astar,21,0.35,26351,True,4,pursuer_win,0,20,,17.638,0.3492,3,,
partial,online_lrta,random,21,0.35,26351,True,4,agent_win,1,93,,0.5038,0.6032,15,,
partial,online_lrta,greedy,21,0.35,26351,True,4,pursuer_win,0,54,,0.3005,0.5782,9,,
partial,online_lrta,beam,21,0.35,26351,True,4,pursuer_win,0,23,,0.1547,0.3152,4,,
partial,online_lrta,astar,21,0.35,26351,True,4,pursuer_win,0,23,,0.1506,0.3152,4,,
partial,exploration,random,21,0.35,26351,True,4,pursuer_win,0,69,,0.8129,0.7755,11,,
partial,exploration,greedy,21,0.35,26351,True,4,timeout,0,200,,17.0374,0.542,32,,
partial,exploration,beam,21,0.35,26351,True,4,pursuer_win,0,45,,0.7696,0.4331,7,,
partial,exploration,astar,21,0.35,26351,True,4,pursuer_win,0,55,,1.0995,0.4331,8,,
partial,online_astar,random,21,0.35,26351,True,6,agent_win,1,43,,18.1405,0.7347,7,,
partial,online_astar,greedy,21,0.35,26351,True,6,pursuer_win,0,26,,17.1375,0.6145,4,,
partial,online_astar,beam,21,0.35,26351,True,6,pursuer_win,0,20,,16.3276,0.4898,3,,
partial,online_astar,astar,21,0.35,26351,True,6,pursuer_win,0,20,,18.1319,0.4898,3,,
partial,online_lrta,random,21,0.35,26351,True,6,agent_win,1,93,,0.5231,0.7347,15,,
partial,online_lrta,greedy,21,0.35,26351,True,6,pursuer_win,0,54,,0.3163,0.7574,9,,
partial,online_lrta,beam,21,0.35,26351,True,6,pursuer_win,0,23,,0.1598,0.4354,4,,
partial,online_lrta,astar,21,0.35,26351,True,6,pursuer_win,0,23,,0.153,0.4354,4,,
partial,exploration,random,21,0.35,26351,True,6,agent_win,1,71,,1.1586,0.8685,12,59,
partial,exploration,greedy,21,0.35,26351,True,6,pursuer_win,0,35,,0.5972,0.6531,6,,
partial,exploration,beam,21,0.35,26351,True,6,pursuer_win,0,20,,0.377,0.4898,3,,
partial,exploration,astar,21,0.35,26351,True,6,pursuer_win,0,20,,0.3797,0.4898,3,,
partial,online_astar,random,21,0.35,26352,False,2,agent_win,1,71,,31.3023,0.4739,0,,
partial,online_astar,greedy,21,0.35,26352,False,2,agent_win,1,71,,31.9997,0.4739,0,,
partial,online_astar,beam,21,0.35,26352,False,2,agent_win,1,71,,35.3041,0.4739,0,,
partial,online_astar,astar,21,0.35,26352,False,2,agent_win,1,71,,34.8315,0.4739,0,,
partial,online_lrta,random,21,0.35,26352,False,2,agent_win,1,81,,0.399,0.4626,0,,
partial,online_lrta,greedy,21,0.35,26352,False,2,agent_win,1,81,,0.3659,0.4626,0,,
partial,online_lrta,beam,21,0.35,26352,False,2,agent_win,1,81,,0.4498,0.4626,0,,
partial,online_lrta,astar,21,0.35,26352,False,2,agent_win,1,81,,0.3698,0.4626,0,,
partial,exploration,random,21,0.35,26352,False,2,agent_win,1,183,,1.9333,0.8186,0,183,
partial,exploration,greedy,21,0.35,26352,False,2,agent_win,1,183,,1.7797,0.8186,0,183,
partial,exploration,beam,21,0.35,26352,False,2,agent_win,1,183,,1.7649,0.8186,0,183,
partial,exploration,astar,21,0.35,26352,False,2,agent_win,1,183,,1.8022,0.8186,0,183,
partial,online_astar,random,21,0.35,26352,False,4,agent_win,1,61,,26.2641,0.6327,0,,
partial,online_astar,greedy,21,0.35,26352,False,4,agent_win,1,61,,26.1964,0.6327,0,,
partial,online_astar,beam,21,0.35,26352,False,4,agent_win,1,61,,26.2872,0.6327,0,,
partial,online_astar,astar,21,0.35,26352,False,4,agent_win,1,61,,28.5745,0.6327,0,,
partial,online_lrta,random,21,0.35,26352,False,4,agent_win,1,81,,0.3629,0.6304,0,,
partial,online_lrta,greedy,21,0.35,26352,False,4,agent_win,1,81,,0.4051,0.6304,0,,
partial,online_lrta,beam,21,0.35,26352,False,4,agent_win,1,81,,0.3236,0.6304,0,,
partial,online_lrta,astar,21,0.35,26352,False,4,agent_win,1,81,,0.3432,0.6304,0,,
partial,exploration,random,21,0.35,26352,False,4,agent_win,1,133,,1.6302,0.9138,0,131,
partial,exploration,greedy,21,0.35,26352,False,4,agent_win,1,133,,1.5904,0.9138,0,131,
partial,exploration,beam,21,0.35,26352,False,4,agent_win,1,133,,1.6338,0.9138,0,131,
partial,exploration,astar,21,0.35,26352,False,4,agent_win,1,133,,1.6386,0.9138,0,131,
partial,online_astar,random,21,0.35,26352,False,6,agent_win,1,49,,18.7567,0.7211,0,,
partial,online_astar,greedy,21,0.35,26352,False,6,agent_win,1,49,,19.2429,0.7211,0,,
partial,online_astar,beam,21,0.35,26352,False,6,agent_win,1,49,,19.9831,0.7211,0,,
partial,online_astar,astar,21,0.35,26352,False,6,agent_win,1,49,,19.3347,0.7211,0,,
partial,online_lrta,random,21,0.35,26352,False,6,agent_win,1,81,,0.416,0.7664,0,,
partial,online_lrta,greedy,21,0.35,26352,False,6,agent_win,1,81,,0.3957,0.7664,0,,
partial,online_lrta,beam,21,0.35,26352,False,6,agent_win,1,81,,0.3967,0.7664,0,,
partial,online_lrta,astar,21,0.35,26352,False,6,agent_win,1,81,,0.3852,0.7664,0,,
partial,exploration,random,21,0.35,26352,False,6,agent_win,1,109,,1.6532,0.9478,0,105,
partial,exploration,greedy,21,0.35,26352,False,6,agent_win,1,109,,1.5966,0.9478,0,105,
partial,exploration,beam,21,0.35,26352,False,6,agent_win,1,109,,1.7634,0.9478,0,105,
partial,exploration,astar,21,0.35,26352,False,6,agent_win,1,109,,1.6407,0.9478,0,105,
partial,online_astar,random,21,0.35,26352,True,2,agent_win,1,55,,31.6456,0.39,8,,
partial,online_astar,greedy,21,0.35,26352,True,2,agent_win,1,55,,32.1569,0.39,8,,
partial,online_astar,beam,21,0.35,26352,True,2,agent_win,1,55,,31.7281,0.39,8,,
partial,online_astar,astar,21,0.35,26352,True,2,agent_win,1,55,,32.1912,0.39,8,,
partial,online_lrta,random,21,0.35,26352,True,2,agent_win,1,79,,0.5295,0.4603,12,,
partial,online_lrta,greedy,21,0.35,26352,True,2,agent_win,1,79,,0.519,0.4603,12,,
partial,online_lrta,beam,21,0.35,26352,True,2,agent_win,1,79,,0.3774,0.4603,12,,
partial,online_lrta,astar,21,0.35,26352,True,2,agent_win,1,79,,0.3712,0.4603,12,,
partial,exploration,random,21,0.35,26352,True,2,timeout,0,200,,8.473,0.6395,29,,
partial,exploration,greedy,21,0.35,26352,True,2,timeout,0,200,,8.5473,0.6395,29,,
partial,exploration,beam,21,0.35,26352,True,2,timeout,0,200,,8.5813,0.6395,29,,
partial,exploration,astar,21,0.35,26352,True,2,timeout,0,200,,8.665,0.6395,29,,
partial,online_astar,random,21,0.35,26352,True,4,agent_win,1,61,,26.2931,0.6327,9,,
partial,online_astar,greedy,21,0.35,26352,True,4,agent_win,1,61,,26.9272,0.6327,9,,
partial,online_astar,beam,21,0.35,26352,True,4,agent_win,1,61,,26.1354,0.6327,9,,
partial,online_astar,astar,21,0.35,26352,True,4,agent_win,1,61,,26.7327,0.6327,9,,
partial,online_lrta,random,21,0.35,26352,True,4,agent_win,1,79,,0.4882,0.6304,12,,
partial,online_lrta,greedy,21,0.35,26352,True,4,agent_win,1,79,,0.4196,0.6304,12,,
partial,online_lrta,beam,21,0.35,26352,True,4,agent_win,1,79,,0.4101,0.6304,12,,
partial,online_lrta,astar,21,0.35,26352,True,4,agent_win,1,79,,0.4111,0.6304,12,,
partial,exploration,random,21,0.35,26352,True,4,agent_win,1,85,,1.0679,0.7415,14,83,
partial,exploration,greedy,21,0.35,26352,True,4,agent_win,1,85,,1.0339,0.7415,14,83,
partial,exploration,beam,21,0.35,26352,True,4,agent_win,1,85,,1.0443,0.7415,14,83,
partial,exploration,astar,21,0.35,26352,True,4,agent_win,1,85,,1.0327,0.7415,14,83,
partial,online_astar,random,21,0.35,26352,True,6,agent_win,1,49,,19.1018,0.7211,7,,
partial,online_astar,greedy,21,0.35,26352,True,6,agent_win,1,49,,19.0697,0.7211,7,,
partial,online_astar,beam,21,0.35,26352,True,6,agent_win,1,49,,19.4347,0.7211,7,,
partial,online_astar,astar,21,0.35,26352,True,6,agent_win,1,49,,19.366,0.7211,7,,
partial,online_lrta,random,21,0.35,26352,True,6,agent_win,1,79,,0.4591,0.7664,12,,
partial,online_lrta,greedy,21,0.35,26352,True,6,agent_win,1,79,,0.4334,0.7664,12,,
partial,online_lrta,beam,21,0.35,26352,True,6,agent_win,1,79,,0.4449,0.7664,12,,
partial,online_lrta,astar,21,0.35,26352,True,6,agent_win,1,79,,0.4495,0.7664,12,,
partial,exploration,random,21,0.35,26352,True,6,agent_win,1,81,,1.5607,0.8526,12,77,
partial,exploration,greedy,21,0.35,26352,True,6,agent_win,1,81,,1.4261,0.8526,12,77,
partial,exploration,beam,21,0.35,26352,True,6,agent_win,1,81,,1.2797,0.8526,12,77,
partial,exploration,astar,21,0.35,26352,True,6,agent_win,1,81,,1.3,0.8526,12,77,
partial,online_astar,random,21,0.35,26353,False,2,pursuer_win,0,27,,22.0966,0.2585,0,,
partial,online_astar,greedy,21,0.35,26353,False,2,agent_win,1,61,,22.9912,0.4331,0,,
partial,online_astar,beam,21,0.35,26353,False,2,pursuer_win,0,43,,22.9032,0.3537,0,,
partial,online_astar,astar,21,0.35,26353,False,2,pursuer_win,0,43,,22.1619,0.3537,0,,
partial,online_lrta,random,21,0.35,26353,False,2,agent_win,1,85,,0.3707,0.4558,0,,
partial,online_lrta,greedy,21,0.35,26353,False,2,pursuer_win,0,28,,0.1248,0.22,0,,
partial,online_lrta,beam,21,0.35,26353,False,2,pursuer_win,0,24,,0.1374,0.2063,0,,
partial,online_lrta,astar,21,0.35,26353,False,2,pursuer_win,0,24,,0.1389,0.2063,0,,
partial,exploration,random,21,0.35,26353,False,2,pursuer_win,0,53,,0.5447,0.3107,0,,
partial,exploration,greedy,21,0.35,26353,False,2,pursuer_win,0,18,,0.1713,0.1224,0,,
partial,exploration,beam,21,0.35,26353,False,2,pursuer_win,0,18,,0.2128,0.1224,0,,
partial,exploration,astar,21,0.35,26353,False,2,pursuer_win,0,18,,0.1934,0.1224,0,,
partial,online_astar,random,21,0.35,26353,False,4,pursuer_win,0,24,,17.3199,0.4104,0,,
partial,online_astar,greedy,21,0.35,26353,False,4,agent_win,1,53,,18.5974,0.6327,0,,
partial,online_astar,beam,21,0.35,26353,False,4,pursuer_win,0,39,,17.8062,0.5442,0,,
partial,online_astar,astar,21,0.35,26353,False,4,pursuer_win,0,39,,18.0946,0.5442,0,,
partial,online_lrta,random,21,0.35,26353,False,4,agent_win,1,85,,0.3936,0.6576,0,,
partial,online_lrta,greedy,21,0.35,26353,False,4,pursuer_win,0,28,,0.1385,0.3537,0,,
partial,online_lrta,beam,21,0.35,26353,False,4,pursuer_win,0,24,,0.1425,0.3379,0,,
partial,online_lrta,astar,21,0.35,26353,False,4,pursuer_win,0,24,,0.1507,0.3379,0,,
partial,exploration,random,21,0.35,26353,False,4,agent_win,1,97,,1.1568,0.8322,0,95,
partial,exploration,greedy,21,0.35,26353,False,4,pursuer_win,0,25,,0.3157,0.3084,0,,
partial,exploration,beam,21,0.35,26353,False,4,pursuer_win,0,22,,0.2818,0.2834,0,,
partial,exploration,astar,21,0.35,26353,False,4,pursuer_win,0,22,,0.278,0.2834,0,,
partial,online_astar,random,21,0.35,26353,False,6,pursuer_win,0,24,,14.4592,0.5646,0,,
partial,online_astar,greedy,21,0.35,26353,False,6,agent_win,1,51,,15.9545,0.7868,0,,
partial,online_astar,beam,21,0.35,26353,False,6,agent_win,1,51,,15.9111,0.7868,0,,
partial,online_astar,astar,21,0.35,26353,False,6,agent_win,1,51,,16.7348,0.7868,0,,
partial,online_lrta,random,21,0.35,26353,False,6,agent_win,1,85,,0.4602,0.7982,0,,
partial,online_lrta,greedy,21,0.35,26353,False,6,pursuer_win,0,28,,0.1501,0.4875,0,,
partial,online_lrta,beam,21,0.35,26353,False,6,pursuer_win,0,24,,0.1606,0.4717,0,,
partial,online_lrta,astar,21,0.35,26353,False,6,pursuer_win,0,24,,0.1509,0.4717,0,,
partial,exploration,random,21,0.35,26353,False,6,agent_win,1,47,,0.7373,0.7211,0,43,
partial,exploration,greedy,21,0.35,26353,False,6,agent_win,1,47,,0.6784,0.7211,0,43,
partial,exploration,beam,21,0.35,26353,False,6,agent_win,1,47,,0.7853,0.7211,0,43,
partial,exploration,astar,21,0.35,26353,False,6,agent_win,1,47,,0.6965,0.7211,0,43,
partial,online_astar,random,21,0.35,26353,True,2,pursuer_win,0,26,,20.6739,0.2336,4,,
partial,online_astar,greedy,21,0.35,26353,True,2,pursuer_win,0,61,,26.2519,0.424,10,,
partial,online_astar,beam,21,0.35,26353,True,2,pursuer_win,0,43,,21.5074,0.3537,7,,
partial,online_astar,astar,21,0.35,26353,True,2,pursuer_win,0,43,,22.1863,0.3537,7,,
partial,online_lrta,random,21,0.35,26353,True,2,agent_win,1,141,,0.6954,0.4512,22,,
partial,online_lrta,greedy,21,0.35,26353,True,2,pursuer_win,0,28,,0.1459,0.22,4,,
partial,online_lrta,beam,21,0.35,26353,True,2,pursuer_win,0,24,,0.149,0.2063,4,,
partial,online_lrta,astar,21,0.35,26353,True,2,pursuer_win,0,24,,0.1489,0.2063,4,,
partial,exploration,random,21,0.35,26353,True,2,agent_win,1,157,,1.6653,0.8367,26,157,
partial,exploration,greedy,21,0.35,26353,True,2,pursuer_win,0,18,,0.1933,0.1224,3,,
partial,exploration,beam,21,0.35,26353,True,2,pursuer_win,0,18,,0.212,0.1224,3,,
partial,exploration,astar,21,0.35,26353,True,2,pursuer_win,0,18,,0.2195,0.1224,3,,
partial,online_astar,random,21,0.35,26353,True,4,agent_win,1,45,,20.0717,0.5193,7,,
partial,online_astar,greedy,21,0.35,26353,True,4,pursuer_win,0,45,,25.4736,0.551,7,,
partial,online_astar,beam,21,0.35,26353,True,4,pursuer_win,0,39,,18.9602,0.5442,6,,
partial,online_astar,astar,21,0.35,26353,True,4,pursuer_win,0,39,,19.6069,0.5442,6,,
partial,online_lrta,random,21,0.35,26353,True,4,agent_win,1,141,,0.7357,0.6327,22,,
partial,online_lrta,greedy,21,0.35,26353,True,4,pursuer_win,0,28,,0.1547,0.3537,4,,
partial,online_lrta,beam,21,0.35,26353,True,4,pursuer_win,0,24,,0.1523,0.3379,4,,
partial,online_lrta,astar,21,0.35,26353,True,4,pursuer_win,0,24,,0.1549,0.3379,4,,
partial,exploration,random,21,0.35,26353,True,4,agent_win,1,57,,0.6806,0.5125,9,55,
partial,exploration,greedy,21,0.35,26353,True,4,pursuer_win,0,25,,0.3378,0.3084,4,,
partial,exploration,beam,21,0.35,26353,True,4,pursuer_win,0,22,,0.2917,0.2834,3,,
partial,exploration,astar,21,0.35,26353,True,4,pursuer_win,0,22,,0.3037,0.2834,3,,
partial,online_astar,random,21,0.35,26353,True,6,agent_win,1,45,,15.8953,0.644,7,,
partial,online_astar,greedy,21,0.35,26353,True,6,pursuer_win,0,47,,21.4753,0.746,8,,
partial,online_astar,beam,21,0.35,26353,True,6,pursuer_win,0,41,,17.9774,0.746,7,,
partial,online_astar,astar,21,0.35,26353,True,6,pursuer_win,0,41,,16.7857,0.746,7,,
partial,online_lrta,random,21,0.35,26353,True,6,agent_win,1,141,,0.7233,0.7642,22,,
partial,online_lrta,greedy,21,0.35,26353,True,6,pursuer_win,0,28,,0.1652,0.4875,4,,
partial,online_lrta,beam,21,0.35,26353,True,6,pursuer_win,0,24,,0.1561,0.4717,4,,
partial,online_lrta,astar,21,0.35,26353,True,6,pursuer_win,0,24,,0.1588,0.4717,4,,
partial,exploration,random,21,0.35,26353,True,6,pursuer_win,0,26,,0.4556,0.4286,4,,
partial,exploration,greedy,21,0.35,26353,True,6,pursuer_win,0,27,,0.4387,0.3968,4,,
partial,exploration,beam,21,0.35,26353,True,6,pursuer_win,0,71,,1.8554,0.8503,12,,
partial,exploration,astar,21,0.35,26353,True,6,pursuer_win,0,71,,1.7899,0.8503,12,,
partial,online_astar,random,21,0.35,26354,False,2,agent_win,1,51,,21.0879,0.3673,0,,
partial,online_astar,greedy,21,0.35,26354,False,2,agent_win,1,51,,21.0267,0.3673,0,,
partial,online_astar,beam,21,0.35,26354,False,2,agent_win,1,51,,21.05,0.3673,0,,
partial,online_astar,astar,21,0.35,26354,False,2,agent_win,1,51,,21.6852,0.3673,0,,
partial,online_lrta,random,21,0.35,26354,False,2,agent_win,1,57,,0.2596,0.3719,0,,
partial,online_lrta,greedy,21,0.35,26354,False,2,agent_win,1,57,,0.2343,0.3719,0,,
partial,online_lrta,beam,21,0.35,26354,False,2,agent_win,1,57,,0.2263,0.3719,0,,
partial,online_lrta,astar,21,0.35,26354,False,2,agent_win,1,57,,0.2595,0.3719,0,,
partial,exploration,random,21,0.35,26354,False,2,agent_win,1,197,,1.9141,0.9365,0,197,
partial,exploration,greedy,21,0.35,26354,False,2,agent_win,1,197,,2.0758,0.9365,0,197,
partial,exploration,beam,21,0.35,26354,False,2,agent_win,1,197,,1.8485,0.9365,0,197,
partial,exploration,astar,21,0.35,26354,False,2,agent_win,1,197,,1.8839,0.9365,0,197,
partial,online_astar,random,21,0.35,26354,False,4,agent_win,1,41,,17.3093,0.5079,0,,
partial,online_astar,greedy,21,0.35,26354,False,4,agent_win,1,41,,17.5344,0.5079,0,,
partial,online_astar,beam,21,0.35,26354,False,4,agent_win,1,41,,18.4035,0.5079,0,,
partial,online_astar,astar,21,0.35,26354,False,4,agent_win,1,41,,18.3457,0.5079,0,,
partial,online_lrta,random,21,0.35,26354,False,4,agent_win,1,57,,0.2739,0.5193,0,,
partial,online_lrta,greedy,21,0.35,26354,False,4,agent_win,1,57,,0.2402,0.5193,0,,
partial,online_lrta,beam,21,0.35,26354,False,4,agent_win,1,57,,0.2409,0.5193,0,,
partial,online_lrta,astar,21,0.35,26354,False,4,agent_win,1,57,,0.2437,0.5193,0,,
partial,exploration,random,21,0.35,26354,False,4,agent_win,1,119,,1.5304,0.9569,0,117,
partial,exploration,greedy,21,0.35,26354,False,4,agent_win,1,119,,1.6738,0.9569,0,117,
partial,exploration,beam,21,0.35,26354,False,4,agent_win,1,119,,1.531,0.9569,0,117,
partial,exploration,astar,21,0.35,26354,False,4,agent_win,1,119,,1.5171,0.9569,0,117,
partial,online_astar,random,21,0.35,26354,False,6,agent_win,1,41,,14.7546,0.6327,0,,
partial,online_astar,greedy,21,0.35,26354,False,6,agent_win,1,41,,14.9386,0.6327,0,,
partial,online_astar,beam,21,0.35,26354,False,6,agent_win,1,41,,15.3395,0.6327,0,,
partial,online_astar,astar,21,0.35,26354,False,6,agent_win,1,41,,15.6755,0.6327,0,,
partial,online_lrta,random,21,0.35,26354,False,6,agent_win,1,57,,0.2929,0.6372,0,,
partial,online_lrta,greedy,21,0.35,26354,False,6,agent_win,1,57,,0.28,0.6372,0,,
partial,online_lrta,beam,21,0.35,26354,False,6,agent_win,1,57,,0.2808,0.6372,0,,
partial,online_lrta,astar,21,0.35,26354,False,6,agent_win,1,57,,0.2772,0.6372,0,,
partial,exploration,random,21,0.35,26354,False,6,agent_win,1,61,,0.9228,0.7551,0,57,
partial,exploration,greedy,21,0.35,26354,False,6,agent_win,1,61,,0.9076,0.7551,0,57,
partial,exploration,beam,21,0.35,26354,False,6,agent_win,1,61,,0.9125,0.7551,0,57,
partial,exploration,astar,21,0.35,26354,False,6,agent_win,1,61,,0.8919,0.7551,0,57,
partial,online_astar,random,21,0.35,26354,True,2,agent_win,1,51,,21.7103,0.3673,8,,
partial,online_astar,greedy,21,0.35,26354,True,2,agent_win,1,51,,21.8423,0.3673,8,,
partial,online_astar,beam,21,0.35,26354,True,2,agent_win,1,51,,21.8049,0.3673,8,,
partial,online_astar,astar,21,0.35,26354,True,2,agent_win,1,51,,21.9724,0.3673,8,,
partial,online_lrta,random,21,0.35,26354,True,2,agent_win,1,57,,0.319,0.3719,9,,
partial,online_lrta,greedy,21,0.35,26354,True,2,agent_win,1,57,,0.3059,0.3719,9,,
partial,online_lrta,beam,21,0.35,26354,True,2,agent_win,1,57,,0.302,0.3719,9,,
partial,online_lrta,astar,21,0.35,26354,True,2,agent_win,1,57,,0.3089,0.3719,9,,
partial,exploration,random,21,0.35,26354,True,2,timeout,0,200,,2.8637,0.8526,32,,
partial,exploration,greedy,21,0.35,26354,True,2,timeout,0,200,,2.8668,0.8526,32,,
partial,exploration,beam,21,0.35,26354,True,2,timeout,0,200,,2.8035,0.8526,32,,
partial,exploration,astar,21,0.35,26354,True,2,timeout,0,200,,2.8063,0.8526,32,,
partial,online_astar,random,21,0.35,26354,True,4,agent_win,1,41,,16.3546,0.5079,7,,
partial,online_astar,greedy,21,0.35,26354,True,4,agent_win,1,41,,16.9158,0.5079,7,,
partial,online_astar,beam,21,0.35,26354,True,4,agent_win,1,41,,17.3275,0.5079,7,,
partial,online_astar,astar,21,0.35,26354,True,4,agent_win,1,41,,18.1221,0.5079,7,,
partial,online_lrta,random,21,0.35,26354,True,4,agent_win,1,57,,0.3077,0.5193,9,,
partial,online_lrta,greedy,21,0.35,26354,True,4,agent_win,1,57,,0.2986,0.5193,9,,
partial,online_lrta,beam,21,0.35,26354,True,4,agent_win,1,57,,0.3228,0.5193,9,,
partial,online_lrta,astar,21,0.35,26354,True,4,agent_win,1,57,,0.2986,0.5193,9,,
partial,exploration,random,21,0.35,26354,True,4,timeout,0,200,,8.0034,0.9433,33,,
partial,exploration,greedy,21,0.35,26354,True,4,timeout,0,200,,7.8983,0.9433,33,,
partial,exploration,beam,21,0.35,26354,True,4,timeout,0,200,,7.934,0.9433,33,,
partial,exploration,astar,21,0.35,26354,True,4,timeout,0,200,,7.8678,0.9433,33,,
partial,online_astar,random,21,0.35,26354,True,6,agent_win,1,41,,15.8932,0.6327,7,,
partial,online_astar,greedy,21,0.35,26354,True,6,agent_win,1,41,,15.348,0.6327,7,,
partial,online_astar,beam,21,0.35,26354,True,6,agent_win,1,41,,16.2753,0.6327,7,,
partial,online_astar,astar,21,0.35,26354,True,6,agent_win,1,41,,15.3744,0.6327,7,,
partial,online_lrta,random,21,0.35,26354,True,6,agent_win,1,57,,0.3373,0.6372,9,,
partial,online_lrta,greedy,21,0.35,26354,True,6,agent_win,1,57,,0.3517,0.6372,9,,
partial,online_lrta,beam,21,0.35,26354,True,6,agent_win,1,57,,0.3577,0.6372,9,,
partial,online_lrta,astar,21,0.35,26354,True,6,agent_win,1,57,,0.3204,0.6372,9,,
partial,exploration,random,21,0.35,26354,True,6,agent_win,1,61,,0.9607,0.7551,10,57,
partial,exploration,greedy,21,0.35,26354,True,6,agent_win,1,61,,0.9596,0.7551,10,57,
partial,exploration,beam,21,0.35,26354,True,6,agent_win,1,61,,0.9336,0.7551,10,57,
partial,exploration,astar,21,0.35,26354,True,6,agent_win,1,61,,0.9309,0.7551,10,57,
