mode,agent,pursuer,dynamic,visibility_radius,size,density,n_runs,win_rate,avg_steps,std_steps,avg_time_ms,std_time_ms,avg_nodes_expanded,avg_cells_explored,avg_wall_shifts,avg_phase_switch_step
full,alpha_beta,astar,False,,11,0.15,5,0.6,31.4,16.9794,10.1357,5.7892,5181.6,,,
full,alpha_beta,astar,False,,11,0.25,3,0.3333,39.6667,17.8979,11.1528,4.4863,5498.6667,,,
full,alpha_beta,astar,False,,11,0.35,4,0.5,34.5,17.8979,5.3945,0.4997,2700,,,
full,alpha_beta,astar,False,,13,0.15,5,0.6,35.4,13.5019,12.237,4.5366,6583.4,,,
full,alpha_beta,astar,False,,13,0.25,5,0.2,39,15.1658,8.9432,4.3241,4583.6,,,
full,alpha_beta,astar,False,,13,0.35,3,0,25,22.1133,8.6617,9.8585,4469.3333,,,
full,alpha_beta,astar,False,,17,0.15,5,0.4,42.4,10.4067,10.5885,4.5974,5471.8,,,
full,alpha_beta,astar,False,,17,0.25,5,0,37.2,12.2352,9.0792,3.9048,4613.8,,,
full,alpha_beta,astar,False,,17,0.35,5,0,47,6.7082,6.9079,2.2122,3408.6,,,
full,alpha_beta,astar,False,,21,0.15,4,0.25,45.75,5.6789,14.9517,3.3199,7807.5,,,
full,alpha_beta,astar,False,,21,0.25,4,0,39.75,11.8427,9.7752,1.5345,4611.25,,,
full,alpha_beta,astar,False,,21,0.35,4,0,44.25,11.5,8.2525,3.1205,3777,,,
full,alpha_beta,astar,True,,11,0.15,5,0.8,29.6,12.9923,9.864,3.9951,5201,,,
full,alpha_beta,astar,True,,11,0.25,3,0.3333,39.6667,17.8979,10.593,4.2132,5528.3333,,,
full,alpha_beta,astar,True,,11,0.35,4,0.5,23,9.3808,4.8718,1.1205,2417.75,,,
full,alpha_beta,astar,True,,13,0.15,5,0.6,35.4,13.5019,13.1906,4.9966,6599,,,
full,alpha_beta,astar,True,,13,0.25,5,0.4,33.6,15.0765,8.4242,4.6048,4351,,,
full,alpha_beta,astar,True,,13,0.35,3,0,11.6667,4.7258,2.8989,0.9709,1473.6667,,,
full,alpha_beta,astar,True,,17,0.15,5,0.4,42.4,10.4067,10.6886,4.3796,5417.8,,,
full,alpha_beta,astar,True,,17,0.25,5,0,43.4,9.0995,10.2913,2.1158,4926,,,
full,alpha_beta,astar,True,,17,0.35,5,0,46.8,7.1554,7.4366,2.7422,3371.8,,,
full,alpha_beta,astar,True,,21,0.15,4,0,50,0.0,16.016,2.3591,8378.25,,,
full,alpha_beta,astar,True,,21,0.25,4,0,39.5,9.6782,10.3509,3.8729,5091.5,,,
full,alpha_beta,astar,True,,21,0.35,4,0,43.75,12.5,8.7588,3.6468,4112.75,,,
full,alpha_beta,beam,False,,11,0.15,5,0.6,31.4,16.9794,9.5124,4.7704,5195.2,,,
full,alpha_beta,beam,False,,11,0.25,3,0.3333,39.6667,17.8979,10.2771,3.3756,5498.6667,,,
full,alpha_beta,beam,False,,11,0.35,4,0.5,34.5,17.8979,5.231,0.3974,2700,,,
full,alpha_beta,beam,False,,13,0.15,5,0.6,35.4,13.5019,12.1696,4.6726,6615,,,
full,alpha_beta,beam,False,,13,0.25,5,0.2,38.6,15.6461,9.6692,5.7145,4613.8,,,
full,alpha_beta,beam,False,,13,0.35,3,0.3333,27,21.2838,8.9812,8.7391,4805.3333,,,
full,alpha_beta,beam,False,,17,0.15,5,0.2,46.2,8.4971,12.2698,5.399,6347,,,
full,alpha_beta,beam,False,,17,0.25,5,0,34,9.1924,7.532,2.0968,3847,,,
full,alpha_beta,beam,False,,17,0.35,5,0,50,0.0,7.5378,2.9104,3698.8,,,
full,alpha_beta,beam,False,,21,0.15,4,0.25,45.75,5.6789,15.065,3.5129,7815.25,,,
full,alpha_beta,beam,False,,21,0.25,4,0,44.75,10.5,10.5779,3.1571,5322,,,
full,alpha_beta,beam,False,,21,0.35,4,0,50,0.0,8.5715,2.0394,4160.25,,,
full,alpha_beta,beam,True,,11,0.15,5,0.8,28.8,13.6088,9.7482,4.2257,5116.2,,,
full,alpha_beta,beam,True,,11,0.25,3,0.3333,39.6667,17.8979,10.4165,4.233,5528.3333,,,
full,alpha_beta,beam,True,,11,0.35,4,0.5,23,9.3808,4.8205,1.1213,2411.75,,,
full,alpha_beta,beam,True,,13,0.15,5,0.6,35.4,13.5019,12.7045,4.1756,6629.2,,,
full,alpha_beta,beam,True,,13,0.25,5,0.6,29.2,11.9875,7.7145,3.6993,3767.2,,,
full,alpha_beta,beam,True,,13,0.35,3,0.3333,13.6667,8.1445,3.7145,2.3686,1822.6667,,,
full,alpha_beta,beam,True,,17,0.15,5,0.2,46.2,8.4971,11.1613,4.6324,5699.8,,,
full,alpha_beta,beam,True,,17,0.25,5,0,32.8,11.9875,8.5969,3.142,4034.8,,,
full,alpha_beta,beam,True,,17,0.35,5,0,46.8,7.1554,6.9369,2.7399,3371.8,,,
full,alpha_beta,beam,True,,21,0.15,4,0,50,0.0,16.3793,2.3194,8446.75,,,
full,alpha_beta,beam,True,,21,0.25,4,0,45.25,9.5,10.8554,3.3318,5255.5,,,
full,alpha_beta,beam,True,,21,0.35,4,0,43.75,12.5,9.3399,4.5613,4112.75,,,
full,alpha_beta,greedy,False,,11,0.15,5,0.6,31.4,16.9794,8.435,3.3121,4504.6,,,
full,alpha_beta,greedy,False,,11,0.25,5,0.4,39,15.2643,8.7446,2.4856,4673.4,,,
full,alpha_beta,greedy,False,,11,0.35,5,0.4,37.6,16.9794,6.432,3.4074,3325.6,,,
full,alpha_beta,greedy,False,,13,0.15,5,0.8,30.8,10.9636,8.7873,0.596,4733,,,
full,alpha_beta,greedy,False,,13,0.25,5,0,44,13.4164,10.3451,6.6497,5004.8,,,
full,alpha_beta,greedy,False,,13,0.35,5,0.2,46.8,7.1554,9.2738,5.9797,4822,,,
full,alpha_beta,greedy,False,,17,0.15,5,0.2,46.2,8.4971,11.2779,5.2697,5771.6,,,
full,alpha_beta,greedy,False,,17,0.25,5,0,50,0.0,9.2101,4.5242,4725.4,,,
full,alpha_beta,greedy,False,,17,0.35,5,0,50,0.0,7.0517,2.4162,3544.6,,,
full,alpha_beta,greedy,False,,21,0.15,5,0,50,0.0,12.9999,5.5768,6753.4,,,
full,alpha_beta,greedy,False,,21,0.25,5,0,50,0.0,10.5531,2.0331,5337.8,,,
full,alpha_beta,greedy,False,,21,0.35,5,0,50,0.0,8.0256,1.1488,3972,,,
full,alpha_beta,greedy,True,,11,0.15,5,0.6,31.4,16.9794,9.4512,4.2276,4696,,,
full,alpha_beta,greedy,True,,11,0.25,5,0.8,22.6,6.8775,6.1144,1.4325,3177.2,,,
full,alpha_beta,greedy,True,,11,0.35,5,0.4,37.6,16.9794,8.0461,5.0178,3944,,,
full,alpha_beta,greedy,True,,13,0.15,5,0.8,30.8,10.9636,8.8831,1.0546,4711.6,,,
full,alpha_beta,greedy,True,,13,0.25,5,0.8,31.4,10.7842,8.0817,2.9878,4131.2,,,
full,alpha_beta,greedy,True,,13,0.35,5,0,38.2,16.3463,6.8342,2.2189,3505.8,,,
full,alpha_beta,greedy,True,,17,0.15,5,0.2,46.2,8.4971,10.8116,3.4233,5476.2,,,
full,alpha_beta,greedy,True,,17,0.25,5,0,50,0.0,9.9838,3.1102,4987.8,,,
full,alpha_beta,greedy,True,,17,0.35,5,0,50,0.0,6.6851,2.7456,3382,,,
full,alpha_beta,greedy,True,,21,0.15,5,0.2,48.6,3.1305,14.5711,3.9603,7462,,,
full,alpha_beta,greedy,True,,21,0.25,5,0,50,0.0,10.5161,1.6961,5169.6,,,
full,alpha_beta,greedy,True,,21,0.35,5,0,50,0.0,9.8749,2.6446,4837.8,,,
full,alpha_beta,random,False,,11,0.15,5,0.6,37.4,12.4016,10.7855,2.4011,5912,,,
full,alpha_beta,random,False,,11,0.25,5,0.6,31.8,16.6343,7.1283,2.4539,3742.6,,,
full,alpha_beta,random,False,,11,0.35,5,0.2,47,6.7082,8.0224,1.7584,4210.4,,,
full,alpha_beta,random,False,,13,0.15,5,0.4,39.2,14.7885,10.4426,3.0946,5604.6,,,
full,alpha_beta,random,False,,13,0.25,5,0.2,45,11.1803,11.1564,4.9725,6004.2,,,
full,alpha_beta,random,False,,13,0.35,5,0,50,0.0,9.2479,4.2859,4393,,,
full,alpha_beta,random,False,,17,0.15,5,0.4,42.4,10.4067,10.4393,4.6357,5292.2,,,
full,alpha_beta,random,False,,17,0.25,5,0,50,0.0,10.0,2.836,5182.8,,,
full,alpha_beta,random,False,,17,0.35,5,0,50,0.0,8.0722,3.0921,4141.2,,,
full,alpha_beta,random,False,,21,0.15,5,0,50,0.0,13.2672,3.8523,6818.4,,,
full,alpha_beta,random,False,,21,0.25,5,0.2,48.2,4.0249,9.7043,3.0255,4959.4,,,
full,alpha_beta,random,False,,21,0.35,5,0,50,0.0,9.5276,2.1922,4794.8,,,
full,alpha_beta,random,True,,11,0.15,5,0.4,40.4,14.0464,12.0767,3.5845,6421.4,,,
full,alpha_beta,random,True,,11,0.25,5,0.6,33.6,15.6301,7.4761,2.1104,3860.6,,,
full,alpha_beta,random,True,,11,0.35,5,0.4,38.8,15.3525,6.4763,1.5296,3281.4,,,
full,alpha_beta,random,True,,13,0.15,5,0.4,39.2,14.7885,11.1712,3.5711,5903.6,,,
full,alpha_beta,random,True,,13,0.25,5,0.2,45.4,10.2859,10.6478,2.9467,5473.8,,,
full,alpha_beta,random,True,,13,0.35,5,0,50,0.0,8.8825,1.7857,4548.4,,,
full,alpha_beta,random,True,,17,0.15,5,0.4,42.4,10.4067,10.1275,5.4724,5378.8,,,
full,alpha_beta,random,True,,17,0.25,5,0,50,0.0,11.2565,1.9667,5712,,,
full,alpha_beta,random,True,,17,0.35,5,0,50,0.0,7.8267,2.7863,3982.4,,,
full,alpha_beta,random,True,,21,0.15,5,0,50,0.0,15.5291,3.4415,7708.4,,,
full,alpha_beta,random,True,,21,0.25,5,0,50,0.0,10.629,1.8297,5260,,,
full,alpha_beta,random,True,,21,0.35,5,0,50,0.0,9.9172,2.2614,4910.6,,,
full,beam_search,astar,False,,11,0.15,5,0,7.8,3.2711,1.0237,0.2825,266.8,,,
full,beam_search,astar,False,,11,0.25,3,0,7.3333,1.5275,1.0386,0.0917,290,,,
full,beam_search,astar,False,,11,0.35,4,0.75,16.25,5.5,1.4196,0.3315,390.5,,,
full,beam_search,astar,False,,13,0.15,5,0,7.4,1.1402,1.2625,0.2001,337.2,,,
full,beam_search,astar,False,,13,0.25,5,0.6,18.8,8.1363,2.1859,0.6657,591.2,,,
full,beam_search,astar,False,,13,0.35,3,0,8,1.7321,1.1854,0.5706,344,,,
full,beam_search,astar,False,,17,0.15,5,0.4,18.8,12.0913,3.3791,1.3219,891,,,
full,beam_search,astar,False,,17,0.25,5,0.4,23.2,9.0664,3.6839,1.5468,996.8,,,
full,beam_search,astar,False,,17,0.35,5,0,44,13.4164,5.8304,2.6791,1719.6,,,
full,beam_search,astar,False,,21,0.15,4,0,11.75,0.9574,3.5606,0.8192,926,,,
full,beam_search,astar,False,,21,0.25,4,0.25,23.5,12.5033,4.2719,0.7962,1144.5,,,
full,beam_search,astar,False,,21,0.35,4,0.25,33.75,17.3853,5.0436,2.0644,1408.25,,,
full,beam_search,astar,True,,11,0.15,5,0,8.4,3.7815,1.2294,0.4935,296.8,,,
full,beam_search,astar,True,,11,0.25,3,0,7.3333,1.5275,1.097,0.0853,290,,,
full,beam_search,astar,True,,11,0.35,4,0.75,16.75,5.909,1.4978,0.361,407,,,
full,beam_search,astar,True,,13,0.15,5,0,7.4,1.1402,1.4034,0.3839,337.8,,,
full,beam_search,astar,True,,13,0.25,5,0.6,18.6,8.2946,2.1936,0.6592,584.2,,,
full,beam_search,astar,True,,13,0.35,3,0,8,1.7321,1.1656,0.5099,345.3333,,,
full,beam_search,astar,True,,17,0.15,5,0.4,19.2,12.6965,3.39,1.2372,924.6,,,
full,beam_search,astar,True,,17,0.25,5,0.2,20.8,8.167,3.2403,1.4218,865.4,,,
full,beam_search,astar,True,,17,0.35,5,0.4,41.6,13.3154,7.0189,2.7727,2031.2,,,
full,beam_search,astar,True,,21,0.15,4,0,11.75,0.9574,3.5935,1.0186,925.5,,,
full,beam_search,astar,True,,21,0.25,4,0.25,27,14.7196,5.1755,2.2606,1344.75,,,
full,beam_search,astar,True,,21,0.35,4,0.25,32.25,17.8022,4.9615,2.0455,1337.25,,,
full,beam_search,beam,False,,11,0.15,5,0,8.4,3.7815,1.1843,0.2735,280,,,
full,beam_search,beam,False,,11,0.25,3,0,7.6667,2.0817,1.0776,0.1135,298.3333,,,
full,beam_search,beam,False,,11,0.35,4,0.75,16.5,5.0,1.3436,0.2039,396.75,,,
full,beam_search,beam,False,,13,0.15,5,0,7.4,1.1402,1.2502,0.1921,337.2,,,
full,beam_search,beam,False,,13,0.25,5,0.4,24.8,15.975,3.1297,2.2523,853.8,,,
full,beam_search,beam,False,,13,0.35,3,0.3333,13.6667,11.547,1.6756,1.307,477.3333,,,
full,beam_search,beam,False,,17,0.15,5,0.2,17.2,10.4976,3.2087,1.1177,873.2,,,
full,beam_search,beam,False,,17,0.25,5,0.4,28.8,14.6697,3.9481,0.9627,1095,,,
full,beam_search,beam,False,,17,0.35,5,0,44.8,11.6276,5.9766,2.6172,1747.2,,,
full,beam_search,beam,False,,21,0.15,4,0,11.75,0.9574,3.4833,0.8863,926,,,
full,beam_search,beam,False,,21,0.25,4,0.5,29.5,12.8193,5.1736,1.0866,1321.5,,,
full,beam_search,beam,False,,21,0.35,4,0.25,33.75,17.3853,5.0291,2.0977,1408.25,,,
full,beam_search,beam,True,,11,0.15,5,0,9,4.6368,1.2416,0.5641,312.2,,,
full,beam_search,beam,True,,11,0.25,3,0,7.3333,1.5275,1.1544,0.1743,290,,,
full,beam_search,beam,True,,11,0.35,4,0.75,17,5.416,1.5273,0.3198,412.5,,,
full,beam_search,beam,True,,13,0.15,5,0,7.4,1.1402,1.3077,0.2432,337.8,,,
full,beam_search,beam,True,,13,0.25,5,0.4,18,7.6158,2.3903,0.8136,595,,,
full,beam_search,beam,True,,13,0.35,3,0.3333,13.6667,11.547,1.5969,1.2687,478.6667,,,
full,beam_search,beam,True,,17,0.15,5,0.2,17.6,11.2606,3.3662,1.0882,906.8,,,
full,beam_search,beam,True,,17,0.25,5,0.2,26.2,15.4175,3.6897,1.0879,975.4,,,
full,beam_search,beam,True,,17,0.35,5,0.4,41.6,13.3154,7.2804,2.8815,2031.2,,,
full,beam_search,beam,True,,21,0.15,4,0,11.75,0.9574,3.5271,0.9522,925.5,,,
full,beam_search,beam,True,,21,0.25,4,0.25,32.75,16.6408,7.7687,6.3366,1931.75,,,
full,beam_search,beam,True,,21,0.35,4,0.25,32.25,17.8022,4.9919,1.959,1337.25,,,
full,beam_search,greedy,False,,11,0.15,5,0.2,10,6.2048,1.2301,0.358,298.6,,,
full,beam_search,greedy,False,,11,0.25,5,0,10.8,2.5884,1.2767,0.1185,355.8,,,
full,beam_search,greedy,False,,11,0.35,5,0.6,16.2,4.3818,1.5815,0.585,468.2,,,
full,beam_search,greedy,False,,13,0.15,5,0.4,13.6,9.5289,1.989,1.3006,466.8,,,
full,beam_search,greedy,False,,13,0.25,5,0.4,25.2,15.7544,3.125,2.2139,859,,,
full,beam_search,greedy,False,,13,0.35,5,0.4,24.6,17.869,3.0077,2.2205,858.8,,,
full,beam_search,greedy,False,,17,0.15,5,0.4,22.2,12.0291,3.8821,1.3421,1024,,,
full,beam_search,greedy,False,,17,0.25,5,0.4,36,14.3701,5.3806,2.8219,1468,,,
full,beam_search,greedy,False,,17,0.35,5,0.2,47.4,5.8138,5.9935,2.5361,1789,,,
full,beam_search,greedy,False,,21,0.15,5,0.4,24.2,17.225,5.204,2.749,1399,,,
full,beam_search,greedy,False,,21,0.25,5,0.6,40,7.4833,6.6432,1.144,1859.8,,,
full,beam_search,greedy,False,,21,0.35,5,0.2,42.4,15.3721,7.6334,3.8665,2159.6,,,
full,beam_search,greedy,True,,11,0.15,5,0.2,10.8,7.7266,1.2942,0.695,335.8,,,
full,beam_search,greedy,True,,11,0.25,5,0,12.2,2.49,1.596,0.3744,390.2,,,
full,beam_search,greedy,True,,11,0.35,5,0.4,15.2,4.1473,1.6951,0.5962,470.6,,,
full,beam_search,greedy,True,,13,0.15,5,0.4,13.6,9.5289,1.7886,0.9662,469.2,,,
full,beam_search,greedy,True,,13,0.25,5,0.4,18.4,7.6026,2.2768,0.7265,600.2,,,
full,beam_search,greedy,True,,13,0.35,5,0.4,23.8,17.5983,2.9445,2.3284,867,,,
full,beam_search,greedy,True,,17,0.15,5,0.4,22.6,12.502,3.8512,1.5507,1060.8,,,
full,beam_search,greedy,True,,17,0.25,5,0.4,36.4,14.2232,4.6952,1.3153,1290,,,
full,beam_search,greedy,True,,17,0.35,5,0.6,45,7.0356,7.3623,2.2466,2111,,,
full,beam_search,greedy,True,,21,0.15,5,0.4,23.4,16.0717,5.1664,2.9884,1367.4,,,
full,beam_search,greedy,True,,21,0.25,5,0.6,46.2,4.0866,9.1623,3.2017,2460.2,,,
full,beam_search,greedy,True,,21,0.35,5,0.2,36.4,16.6523,5.9222,2.3054,1616,,,
full,beam_search,random,False,,11,0.15,5,0.6,16,4.1231,1.5957,0.1993,412.8,,,
full,beam_search,random,False,,11,0.25,5,0.6,15.2,5.2154,1.4998,0.1224,414.4,,,
full,beam_search,random,False,,11,0.35,5,0.8,25.2,13.8636,2.9513,3.1716,847.8,,,
full,beam_search,random,False,,13,0.15,5,1,23.4,0.8944,2.5696,0.287,669.6,,,
full,beam_search,random,False,,13,0.25,5,0.6,26.8,14.2899,3.2701,2.1137,890.4,,,
full,beam_search,random,False,,13,0.35,5,0.4,26.6,15.566,3.2357,2.1342,906.8,,,
full,beam_search,random,False,,17,0.15,5,0.6,26.4,9.1542,4.3736,0.7028,1164.8,,,
full,beam_search,random,False,,17,0.25,5,0.4,42.8,9.8843,6.2461,3.1277,1730.8,,,
full,beam_search,random,False,,17,0.35,5,0.2,47.4,5.8138,6.0758,2.5413,1789,,,
full,beam_search,random,False,,21,0.15,5,0.6,43.4,4.5056,7.845,1.5185,2133.6,,,
full,beam_search,random,False,,21,0.25,5,0.6,44.2,5.3572,7.5296,2.1718,2020,,,
full,beam_search,random,False,,21,0.35,5,0.2,49.4,1.3416,8.5297,2.9015,2446.8,,,
full,beam_search,random,True,,11,0.15,5,0.6,14.4,7.2664,1.4603,0.4583,376,,,
full,beam_search,random,True,,11,0.25,5,0.8,17,5.6569,1.7081,0.4465,439,,,
full,beam_search,random,True,,11,0.35,5,0.8,18,4.5826,1.6399,0.382,452.2,,,
full,beam_search,random,True,,13,0.15,5,0.8,21.8,5.2154,2.4725,0.4394,648.2,,,
full,beam_search,random,True,,13,0.25,5,1,24.2,1.7889,2.4625,0.3766,679.2,,,
full,beam_search,random,True,,13,0.35,5,0.8,25.4,11.0815,2.7285,1.262,800,,,
full,beam_search,random,True,,17,0.15,5,0.6,26.4,10.5736,4.2272,1.1382,1172,,,
full,beam_search,random,True,,17,0.25,5,1,36.2,4.3818,5.0887,1.2893,1389.2,,,
full,beam_search,random,True,,17,0.35,5,0.4,47.6,3.9115,6.7011,2.9299,1925,,,
full,beam_search,random,True,,21,0.15,5,0.4,33.4,15.9781,6.197,2.0966,1676.4,,,
full,beam_search,random,True,,21,0.25,5,0.6,44.6,5.1284,7.7178,1.731,2091,,,
full,beam_search,random,True,,21,0.35,5,0,46,8.9443,6.8768,3.8752,1985.4,,,
full,expectimax,astar,False,,11,0.15,5,0.6,28.2,12.9112,20.465,7.8245,9310.4,,,
full,expectimax,astar,False,,11,0.25,3,0.3333,21.3333,3.2146,15.4952,0.9334,7250.3333,,,
full,expectimax,astar,False,,11,0.35,4,0.25,42.75,14.5,13.1151,2.2291,5862,,,
full,expectimax,astar,False,,13,0.15,5,0.6,30,13.0576,24.236,13.729,11151.8,,,
full,expectimax,astar,False,,13,0.25,5,0.4,39.6,14.2583,20.874,10.2286,9517.2,,,
full,expectimax,astar,False,,13,0.35,3,0,19.3333,2.5166,9.2146,2.285,4146.6667,,,
full,expectimax,astar,False,,17,0.15,5,0.4,43.6,9.0167,29.806,14.9434,13678.2,,,
full,expectimax,astar,False,,17,0.25,5,0,35.4,9.6333,19.5438,6.8498,8954.6,,,
full,expectimax,astar,False,,17,0.35,5,0,47.2,6.261,17.0378,8.7064,6883.4,,,
full,expectimax,astar,False,,21,0.15,4,0,50,0.0,41.9773,5.1231,19084.25,,,
full,expectimax,astar,False,,21,0.25,4,0,40.25,11.2657,23.9624,5.1012,9770.5,,,
full,expectimax,astar,False,,21,0.35,4,0,44.5,11.0,19.366,9.337,7555.5,,,
full,expectimax,astar,True,,11,0.15,5,0.4,34.2,15.3036,25.7486,10.2229,11000,,,
full,expectimax,astar,True,,11,0.25,3,0.3333,20,1.7321,13.1768,1.2548,6069.6667,,,
full,expectimax,astar,True,,11,0.35,4,0.5,31.25,14.2215,13.2804,6.1842,5954.5,,,
full,expectimax,astar,True,,13,0.15,5,0.4,43.4,9.5812,35.7596,10.8193,17067.4,,,
full,expectimax,astar,True,,13,0.25,5,0.6,26.8,13.7913,15.6653,7.5168,7011.4,,,
full,expectimax,astar,True,,13,0.35,3,0,23.6667,6.1101,11.825,4.8596,5256,,,
full,expectimax,astar,True,,17,0.15,5,0.4,43.8,8.8431,30.3353,15.3334,13884.8,,,
full,expectimax,astar,True,,17,0.25,5,0,41.4,12.1984,21.5245,8.1974,9746.2,,,
full,expectimax,astar,True,,17,0.35,5,0,50,0.0,18.5569,11.6942,7694.8,,,
full,expectimax,astar,True,,21,0.15,4,0,50,0.0,44.9998,1.4928,20274.25,,,
full,expectimax,astar,True,,21,0.25,4,0,40.25,9.3229,23.0346,9.2851,10347,,,
full,expectimax,astar,True,,21,0.35,4,0,44,12.0,21.1017,10.6334,8500.25,,,
full,expectimax,beam,False,,11,0.15,5,0.4,31.8,16.6343,23.0017,10.0671,9852,,,
full,expectimax,beam,False,,11,0.25,3,0.3333,21.3333,3.2146,15.5353,1.0343,7250.3333,,,
full,expectimax,beam,False,,11,0.35,4,0.25,42.75,14.5,13.1455,2.1278,5862,,,
full,expectimax,beam,False,,13,0.15,5,0.6,30.4,13.0882,25.641,14.9089,11382.4,,,
full,expectimax,beam,False,,13,0.25,5,0.2,44.6,12.0748,21.1053,11.7774,9479,,,
full,expectimax,beam,False,,13,0.35,3,0,20.6667,4.7258,9.2077,2.4085,4143.3333,,,
full,expectimax,beam,False,,17,0.15,5,0.4,43.6,9.0167,30.8172,15.7783,13678.2,,,
full,expectimax,beam,False,,17,0.25,5,0,33.8,9.757,16.0239,5.436,7080.8,,,
full,expectimax,beam,False,,17,0.35,5,0,50,0.0,17.6063,9.4044,7415,,,
full,expectimax,beam,False,,21,0.15,4,0,50,0.0,41.0525,3.567,18602.75,,,
full,expectimax,beam,False,,21,0.25,4,0,45,10.0,28.6115,9.3763,12321.75,,,
full,expectimax,beam,False,,21,0.35,4,0,50,0.0,19.7768,6.4337,8253.5,,,
full,expectimax,beam,True,,11,0.15,5,0.6,34.4,15.0765,24.9278,9.0728,11479.6,,,
full,expectimax,beam,True,,11,0.25,3,0.3333,20,1.7321,13.4643,1.5538,6069.6667,,,
full,expectimax,beam,True,,11,0.35,4,0.5,31.25,14.2215,13.5011,6.418,5954.5,,,
full,expectimax,beam,True,,13,0.15,5,0.4,43.4,9.5812,36.8495,11.218,17089,,,
full,expectimax,beam,True,,13,0.25,5,0.8,30.2,11.3004,18.7196,6.5812,8370.8,,,
full,expectimax,beam,True,,13,0.35,3,0,25,8.0,11.8552,5.3171,5287,,,
full,expectimax,beam,True,,17,0.15,5,0.4,43.8,8.8431,30.2997,15.2807,13884.8,,,
full,expectimax,beam,True,,17,0.25,5,0,41.8,11.8828,22.6838,9.4529,10291,,,
full,expectimax,beam,True,,17,0.35,5,0,50,0.0,18.2937,11.3006,7639.6,,,
full,expectimax,beam,True,,21,0.15,4,0.25,47.25,5.5,41.0278,1.9912,18672.75,,,
full,expectimax,beam,True,,21,0.25,4,0,45.5,9.0,30.2134,8.9654,13369,,,
full,expectimax,beam,True,,21,0.35,4,0,44,12.0,19.7442,10.4045,8500.25,,,
full,expectimax,greedy,False,,11,0.15,5,0.2,43.8,13.8636,30.8108,8.7554,12757.8,,,
full,expectimax,greedy,False,,11,0.25,5,0.4,39.4,14.8593,21.5611,4.9094,10000,,,
full,expectimax,greedy,False,,11,0.35,5,0.2,43.8,13.8636,16.3456,6.1667,7293.6,,,
full,expectimax,greedy,False,,13,0.15,5,0.4,32.8,16.331,19.8379,12.5595,9212.4,,,
full,expectimax,greedy,False,,13,0.25,5,0.4,39.6,14.2583,19.6008,6.4928,8315,,,
full,expectimax,greedy,False,,13,0.35,5,0,43.4,14.758,19.9625,13.988,8959,,,
full,expectimax,greedy,False,,17,0.15,5,0.4,42.8,9.8843,23.7158,11.3567,10657.6,,,
full,expectimax,greedy,False,,17,0.25,5,0,50,0.0,16.6305,2.8172,7171.8,,,
full,expectimax,greedy,False,,17,0.35,5,0,50,0.0,16.1842,7.3885,6816.6,,,
full,expectimax,greedy,False,,21,0.15,5,0,50,0.0,29.6962,14.2303,13549.2,,,
full,expectimax,greedy,False,,21,0.25,5,0,50,0.0,31.4557,12.9408,12841.2,,,
full,expectimax,greedy,False,,21,0.35,5,0,50,0.0,16.6715,4.8043,6877.2,,,
full,expectimax,greedy,True,,11,0.15,5,0.4,37.6,16.9794,26.5079,10.4531,12138.2,,,
full,expectimax,greedy,True,,11,0.25,5,0.6,35.4,14.0996,20.9798,5.5773,9650.4,,,
full,expectimax,greedy,True,,11,0.35,5,0.4,41.8,13.4611,18.9547,8.0073,7956.2,,,
full,expectimax,greedy,True,,13,0.15,5,0.2,45,11.1803,32.8579,15.635,14822.4,,,
full,expectimax,greedy,True,,13,0.25,5,0.6,34.2,14.4465,20.6634,10.7277,9249.2,,,
full,expectimax,greedy,True,,13,0.35,5,0,43.4,14.758,16.6363,7.9863,7425.4,,,
full,expectimax,greedy,True,,17,0.15,5,0.4,42.8,9.8843,24.1593,11.7419,10885.2,,,
full,expectimax,greedy,True,,17,0.25,5,0,50,0.0,19.9723,4.7492,8701.4,,,
full,expectimax,greedy,True,,17,0.35,5,0,50,0.0,15.4218,7.0642,6416.2,,,
full,expectimax,greedy,True,,21,0.15,5,0,50,0.0,34.7801,11.9459,15608,,,
full,expectimax,greedy,True,,21,0.25,5,0,50,0.0,30.7888,10.3717,13291,,,
full,expectimax,greedy,True,,21,0.35,5,0,48.8,2.6833,19.6331,4.8668,8539,,,
full,expectimax,random,False,,11,0.15,5,0.4,46,8.3964,30.709,4.9984,13637.2,,,
full,expectimax,random,False,,11,0.25,5,0.4,37.6,16.9794,20.3604,7.6058,9376.6,,,
full,expectimax,random,False,,11,0.35,5,0.2,47,6.7082,20.1758,6.9347,8421.6,,,
full,expectimax,random,False,,13,0.15,5,0.2,44.6,12.0748,24.2794,2.4929,11012.4,,,
full,expectimax,random,False,,13,0.25,5,0.2,45,11.1803,26.634,11.7864,11791,,,
full,expectimax,random,False,,13,0.35,5,0,50,0.0,15.8508,6.9249,7002,,,
full,expectimax,random,False,,17,0.15,5,0.4,42.6,10.139,24.3867,12.0121,11198.6,,,
full,expectimax,random,False,,17,0.25,5,0,50,0.0,26.7828,11.0663,11375.8,,,
full,expectimax,random,False,,17,0.35,5,0,50,0.0,17.6631,8.5177,7607.2,,,
full,expectimax,random,False,,21,0.15,5,0,50,0.0,34.6901,3.1302,15537,,,
full,expectimax,random,False,,21,0.25,5,0,50,0.0,29.8184,15.8082,11254.6,,,
full,expectimax,random,False,,21,0.35,5,0,50,0.0,22.898,6.4061,9577.8,,,
full,expectimax,random,True,,11,0.15,5,0.4,45.8,6.5727,33.8361,6.4924,15775.2,,,
full,expectimax,random,True,,11,0.25,5,0.4,37.6,16.9794,19.5107,6.592,8858.6,,,
full,expectimax,random,True,,11,0.35,5,0.2,44.6,12.0748,19.4702,9.6317,8117.6,,,
full,expectimax,random,True,,13,0.15,5,0.2,44.6,12.0748,30.7258,7.6349,13307.2,,,
full,expectimax,random,True,,13,0.25,5,0.2,45.4,10.2859,29.2558,8.1008,11659.8,,,
full,expectimax,random,True,,13,0.35,5,0,50,0.0,17.5723,4.1404,7787.4,,,
full,expectimax,random,True,,17,0.15,5,0.4,43.6,8.792,27.0289,14.2621,12365.8,,,
full,expectimax,random,True,,17,0.25,5,0,50,0.0,26.1261,5.8744,11611.4,,,
full,expectimax,random,True,,17,0.35,5,0,50,0.0,16.5879,7.621,6983.8,,,
full,expectimax,random,True,,21,0.15,5,0,50,0.0,37.69,8.8984,16693.2,,,
full,expectimax,random,True,,21,0.25,5,0,50,0.0,25.9541,4.8451,11225.2,,,
full,expectimax,random,True,,21,0.35,5,0,50,0.0,22.4814,5.7251,9801.6,,,
full,hill_climb,astar,False,,11,0.15,5,0,8.6,4.0988,0.3157,0.1496,77.4,,,
full,hill_climb,astar,False,,11,0.25,3,0,7.3333,1.5275,0.3141,0.0935,80.3333,,,
full,hill_climb,astar,False,,11,0.35,4,0,32.75,20.1225,0.3931,0.1692,98,,,
full,hill_climb,astar,False,,13,0.15,5,0,7.4,1.1402,0.4493,0.1418,109.4,,,
full,hill_climb,astar,False,,13,0.25,5,0.4,23.4,16.3187,0.8632,0.49,215,,,
full,hill_climb,astar,False,,13,0.35,3,0,10,5.1962,0.2664,0.114,65.6667,,,
full,hill_climb,astar,False,,17,0.15,5,0.2,22.2,18.0194,1.2505,0.5306,313.6,,,
full,hill_climb,astar,False,,17,0.25,5,0,24.2,2.9496,0.3923,0.4263,98.4,,,
full,hill_climb,astar,False,,17,0.35,5,0,47.4,5.8138,0.39,0.214,103,,,
full,hill_climb,astar,False,,21,0.15,4,0,11.75,0.9574,1.0206,0.3141,246,,,
full,hill_climb,astar,False,,21,0.25,4,0,25,3.7417,0.5859,0.4301,145,,,
full,hill_climb,astar,False,,21,0.35,4,0,34.5,18.1934,0.3589,0.1818,95.5,,,
full,hill_climb,astar,True,,11,0.15,5,0,9.8,5.8481,0.3475,0.1454,79.2,,,
full,hill_climb,astar,True,,11,0.25,3,0,7.3333,1.5275,0.3553,0.1145,80.3333,,,
full,hill_climb,astar,True,,11,0.35,4,0.25,22.75,7.4106,0.4307,0.1546,101.25,,,
full,hill_climb,astar,True,,13,0.15,5,0,7.4,1.1402,0.4496,0.136,109.4,,,
full,hill_climb,astar,True,,13,0.25,5,0.4,23.4,16.3187,0.9253,0.5187,215,,,
full,hill_climb,astar,True,,13,0.35,3,0,10,5.1962,0.2678,0.0985,65.6667,,,
full,hill_climb,astar,True,,17,0.15,5,0.2,22.2,18.0194,1.2847,0.6314,313.6,,,
full,hill_climb,astar,True,,17,0.25,5,0,28.2,12.8725,0.5127,0.4143,111,,,
full,hill_climb,astar,True,,17,0.35,5,0,46.2,7.4297,0.4794,0.2465,115.2,,,
full,hill_climb,astar,True,,21,0.15,4,0,11.75,0.9574,1.0936,0.366,246,,,
full,hill_climb,astar,True,,21,0.25,4,0,25.75,5.6789,0.6612,0.4816,148,,,
full,hill_climb,astar,True,,21,0.35,4,0,33.5,19.1224,0.4399,0.1787,101.5,,,
full,hill_climb,beam,False,,11,0.15,5,0,16.2,19.2406,0.3741,0.0999,88.8,,,
full,hill_climb,beam,False,,11,0.25,3,0,7.6667,2.0817,0.3265,0.1129,82.6667,,,
full,hill_climb,beam,False,,11,0.35,4,0,41.75,16.5,0.433,0.0574,111.5,,,
full,hill_climb,beam,False,,13,0.15,5,0,7.4,1.1402,0.4619,0.1481,109.4,,,
full,hill_climb,beam,False,,13,0.25,5,0.2,29.4,19.6545,0.8765,0.3877,220.2,,,
full,hill_climb,beam,False,,13,0.35,3,0,21.3333,24.8261,0.3253,0.0075,82.6667,,,
full,hill_climb,beam,False,,17,0.15,5,0,20.6,17.3868,1.2797,0.5309,304.6,,,
full,hill_climb,beam,False,,17,0.25,5,0,40.8,12.5976,0.4869,0.3785,123.4,,,
full,hill_climb,beam,False,,17,0.35,5,0,50,0.0,0.3995,0.2111,107,,,
full,hill_climb,beam,False,,21,0.15,4,0,11.75,0.9574,1.0325,0.3736,246,,,
full,hill_climb,beam,False,,21,0.25,4,0,37.25,14.7281,0.6769,0.428,163.5,,,
full,hill_climb,beam,False,,21,0.35,4,0,34.5,18.1934,0.3699,0.2088,95.5,,,
full,hill_climb,beam,True,,11,0.15,5,0,15.4,17.4871,0.3586,0.1227,87.6,,,
full,hill_climb,beam,True,,11,0.25,3,0,7.3333,1.5275,0.3315,0.0934,80.3333,,,
full,hill_climb,beam,True,,11,0.35,4,0,20,8.756,0.3725,0.1293,86.75,,,
full,hill_climb,beam,True,,13,0.15,5,0,7.4,1.1402,0.468,0.12,109.4,,,
full,hill_climb,beam,True,,13,0.25,5,0.2,29.4,19.6545,1.0179,0.493,220.2,,,
full,hill_climb,beam,True,,13,0.35,3,0,12,8.6603,0.2783,0.0782,68.6667,,,
full,hill_climb,beam,True,,17,0.15,5,0,20.6,17.3868,1.205,0.4801,304.6,,,
full,hill_climb,beam,True,,17,0.25,5,0,35.4,14.0107,0.5274,0.4154,121.8,,,
full,hill_climb,beam,True,,17,0.35,5,0,49.6,0.8944,0.4932,0.2332,120.4,,,
full,hill_climb,beam,True,,21,0.15,4,0,11.75,0.9574,1.0572,0.358,246,,,
full,hill_climb,beam,True,,21,0.25,4,0,37,15.0111,0.7553,0.4542,171.25,,,
full,hill_climb,beam,True,,21,0.35,4,0,33.5,19.1224,0.4855,0.2624,101.5,,,
full,hill_climb,greedy,False,,11,0.15,5,0,17,19.2094,0.3533,0.1284,90,,,
full,hill_climb,greedy,False,,11,0.25,5,0,18.2,17.9221,0.4792,0.1932,124,,,
full,hill_climb,greedy,False,,11,0.35,5,0,43,15.6525,0.4688,0.1072,126.2,,,
full,hill_climb,greedy,False,,13,0.15,5,0,17.6,18.7697,0.6177,0.3455,144,,,
full,hill_climb,greedy,False,,13,0.25,5,0.2,29.8,19.3572,0.8641,0.3956,222.8,,,
full,hill_climb,greedy,False,,13,0.35,5,0,33,23.2809,0.3253,0.0258,91.2,,,
full,hill_climb,greedy,False,,17,0.15,5,0,28.6,20.2435,1.3608,0.475,341.8,,,
full,hill_climb,greedy,False,,17,0.25,5,0,50,0.0,0.4984,0.4254,137.4,,,
full,hill_climb,greedy,False,,17,0.35,5,0,50,0.0,0.385,0.2109,107,,,
full,hill_climb,greedy,False,,21,0.15,5,0,23.4,17.2858,1.0108,0.6781,252,,,
full,hill_climb,greedy,False,,21,0.25,5,0,45.8,9.3915,1.1268,0.9811,267.8,,,
full,hill_climb,greedy,False,,21,0.35,5,0,43,15.6525,0.3751,0.1814,99.4,,,
full,hill_climb,greedy,True,,11,0.15,5,0,15,16.171,0.3532,0.1263,91.6,,,
full,hill_climb,greedy,True,,11,0.25,5,0,13.8,4.4944,0.4538,0.1591,117.4,,,
full,hill_climb,greedy,True,,11,0.35,5,0,35.8,19.4474,0.5217,0.2233,123.2,,,
full,hill_climb,greedy,True,,13,0.15,5,0,17.6,18.7697,0.584,0.3581,144,,,
full,hill_climb,greedy,True,,13,0.25,5,0.2,29.8,19.3572,0.9399,0.4568,222.8,,,
full,hill_climb,greedy,True,,13,0.35,5,0,33,23.2809,0.3341,0.0234,91.4,,,
full,hill_climb,greedy,True,,17,0.15,5,0,28.6,20.2435,1.2884,0.4227,341.8,,,
full,hill_climb,greedy,True,,17,0.25,5,0,45.4,10.2859,0.5593,0.4349,137,,,
full,hill_climb,greedy,True,,17,0.35,5,0,50,0.0,0.4568,0.231,121,,,
full,hill_climb,greedy,True,,21,0.15,5,0,23.6,17.4155,1.019,0.7141,252.4,,,
full,hill_climb,greedy,True,,21,0.25,5,0,50,0.0,1.1369,0.8809,288.2,,,
full,hill_climb,greedy,True,,21,0.35,5,0,37.4,17.4299,0.4069,0.1487,104.6,,,
full,hill_climb,random,False,,11,0.15,5,0,42.6,16.5469,0.6411,0.1934,147.6,,,
full,hill_climb,random,False,,11,0.25,5,0.2,26.6,19.5525,0.5575,0.2174,143,,,
full,hill_climb,random,False,,11,0.35,5,0,43.8,13.8636,0.4869,0.1504,127.2,,,
full,hill_climb,random,False,,13,0.15,5,0.2,29.4,19.4499,0.8831,0.4363,203.2,,,
full,hill_climb,random,False,,13,0.25,5,0.4,31.4,17.672,0.9361,0.3855,238.2,,,
full,hill_climb,random,False,,13,0.35,5,0,35.4,20.0699,0.3771,0.0781,101,,,
full,hill_climb,random,False,,17,0.15,5,0.2,32.8,16.7839,1.5081,0.3034,382.6,,,
full,hill_climb,random,False,,17,0.25,5,0,50,0.0,0.515,0.4324,137.4,,,
full,hill_climb,random,False,,17,0.35,5,0,50,0.0,0.3892,0.2093,107,,,
full,hill_climb,random,False,,21,0.15,5,0,50,0.0,1.3765,0.8502,335.4,,,
full,hill_climb,random,False,,21,0.25,5,0,50,0.0,1.1089,0.9234,276.6,,,
full,hill_climb,random,False,,21,0.35,5,0,50,0.0,0.4625,0.3658,110.2,,,
full,hill_climb,random,True,,11,0.15,5,0.2,29.6,21.9613,0.6053,0.3068,134.4,,,
full,hill_climb,random,True,,11,0.25,5,0.2,27.6,20.8878,0.5667,0.2296,143.2,,,
full,hill_climb,random,True,,11,0.35,5,0.2,44.6,12.0748,0.62,0.2118,143.6,,,
full,hill_climb,random,True,,13,0.15,5,0.2,38.2,15.7702,0.906,0.302,221.6,,,
full,hill_climb,random,True,,13,0.25,5,0.6,33.8,14.7885,1.2013,0.5185,256.4,,,
full,hill_climb,random,True,,13,0.35,5,0,41.8,18.3358,0.4753,0.1855,123.6,,,
full,hill_climb,random,True,,17,0.15,5,0.2,32.4,17.5585,1.445,0.3353,371,,,
full,hill_climb,random,True,,17,0.25,5,0,50,0.0,0.6345,0.4197,153.4,,,
full,hill_climb,random,True,,17,0.35,5,0,50,0.0,0.4207,0.2165,110,,,
full,hill_climb,random,True,,21,0.15,5,0,36.6,18.5149,1.2953,0.8395,314.6,,,
full,hill_climb,random,True,,21,0.25,5,0,50,0.0,0.7938,0.3893,196,,,
full,hill_climb,random,True,,21,0.35,5,0,46,8.9443,0.4375,0.2095,110.2,,,
full,lrta,astar,False,,11,0.15,5,0,8.2,3.7683,0.0473,0.0184,0,,,
full,lrta,astar,False,,11,0.25,3,0,7.3333,1.5275,0.0372,0.0077,0,,,
full,lrta,astar,False,,11,0.35,4,0.75,19.75,6.702,0.1029,0.0367,0,,,
full,lrta,astar,False,,13,0.15,5,0,7.4,1.1402,0.0409,0.0067,0,,,
full,lrta,astar,False,,13,0.25,5,0.6,18,8.8882,0.0896,0.0423,0,,,
full,lrta,astar,False,,13,0.35,3,0,8.3333,2.3094,0.041,0.0095,0,,,
full,lrta,astar,False,,17,0.15,5,0.4,19.2,12.6965,0.0952,0.059,0,,,
full,lrta,astar,False,,17,0.25,5,0.2,27,11.8322,0.1361,0.0606,0,,,
full,lrta,astar,False,,17,0.35,5,0,44.4,12.522,0.1997,0.0541,0,,,
full,lrta,astar,False,,21,0.15,4,0,11.75,0.9574,0.0658,0.0095,0,,,
full,lrta,astar,False,,21,0.25,4,0,26.5,9.9833,0.1687,0.1169,0,,,
full,lrta,astar,False,,21,0.35,4,0,33.25,19.38,0.1628,0.0928,0,,,
full,lrta,astar,True,,11,0.15,5,0,8.8,4.3243,0.0506,0.0247,0,,,
full,lrta,astar,True,,11,0.25,3,0,7.3333,1.5275,0.0418,0.0094,0,,,
full,lrta,astar,True,,11,0.35,4,0.25,16.5,4.6547,0.0938,0.0282,0,,,
full,lrta,astar,True,,13,0.15,5,0,7.4,1.1402,0.0438,0.0068,0,,,
full,lrta,astar,True,,13,0.25,5,0.6,18,8.8882,0.118,0.0639,0,,,
full,lrta,astar,True,,13,0.35,3,0,8.3333,2.3094,0.0464,0.0119,0,,,
full,lrta,astar,True,,17,0.15,5,0.4,19.2,12.6965,0.1027,0.0556,0,,,
full,lrta,astar,True,,17,0.25,5,0,25.6,10.0399,0.1482,0.0596,0,,,
full,lrta,astar,True,,17,0.35,5,0,43.6,13.2212,0.2374,0.0569,0,,,
full,lrta,astar,True,,21,0.15,4,0,11.75,0.9574,0.0696,0.0084,0,,,
full,lrta,astar,True,,21,0.25,4,0,29,14.6515,0.1799,0.1143,0,,,
full,lrta,astar,True,,21,0.35,4,0,33.25,19.38,0.1971,0.1044,0,,,
full,lrta,beam,False,,11,0.15,5,0,9,4.5826,0.0498,0.0248,0,,,
full,lrta,beam,False,,11,0.25,3,0,7.6667,2.0817,0.0395,0.0105,0,,,
full,lrta,beam,False,,11,0.35,4,0.75,20.5,5.2599,0.1086,0.029,0,,,
full,lrta,beam,False,,13,0.15,5,0,7.4,1.1402,0.0406,0.0051,0,,,
full,lrta,beam,False,,13,0.25,5,0.4,17.6,7.7974,0.0874,0.0338,0,,,
full,lrta,beam,False,,13,0.35,3,0,10.3333,5.7735,0.0549,0.0224,0,,,
full,lrta,beam,False,,17,0.15,5,0.2,17.6,11.2606,0.0873,0.0479,0,,,
full,lrta,beam,False,,17,0.25,5,0,28.8,10.1341,0.1432,0.0515,0,,,
full,lrta,beam,False,,17,0.35,5,0,45.6,9.8387,0.2075,0.0301,0,,,
full,lrta,beam,False,,21,0.15,4,0,11.75,0.9574,0.0664,0.009,0,,,
full,lrta,beam,False,,21,0.25,4,0,33,11.5758,0.1739,0.0723,0,,,
full,lrta,beam,False,,21,0.35,4,0,33.75,18.8746,0.1645,0.0896,0,,,
full,lrta,beam,True,,11,0.15,5,0,9.8,5.8481,0.0563,0.0337,0,,,
full,lrta,beam,True,,11,0.25,3,0,7.3333,1.5275,0.0426,0.0088,0,,,
full,lrta,beam,True,,11,0.35,4,0.5,18.5,4.4347,0.1082,0.0275,0,,,
full,lrta,beam,True,,13,0.15,5,0,7.4,1.1402,0.0431,0.0069,0,,,
full,lrta,beam,True,,13,0.25,5,0.4,16.8,8.438,0.1291,0.0979,0,,,
full,lrta,beam,True,,13,0.35,3,0,9.3333,4.0415,0.0512,0.0225,0,,,
full,lrta,beam,True,,17,0.15,5,0.2,17.6,11.2606,0.095,0.0472,0,,,
full,lrta,beam,True,,17,0.25,5,0.2,32.4,15.5338,0.1922,0.0819,0,,,
full,lrta,beam,True,,17,0.35,5,0,44.4,11.4368,0.2283,0.0513,0,,,
full,lrta,beam,True,,21,0.15,4,0,11.75,0.9574,0.0728,0.0081,0,,,
full,lrta,beam,True,,21,0.25,4,0,27.75,5.909,0.1599,0.0259,0,,,
full,lrta,beam,True,,21,0.35,4,0,33.25,19.38,0.2218,0.152,0,,,
full,lrta,greedy,False,,11,0.15,5,0.2,11,7.4498,0.0516,0.0309,0,,,
full,lrta,greedy,False,,11,0.25,5,0,11.4,3.4351,0.0471,0.0135,0,,,
full,lrta,greedy,False,,11,0.35,5,0.6,19.4,5.1769,0.0847,0.0228,0,,,
full,lrta,greedy,False,,13,0.15,5,0.4,14.4,10.6207,0.069,0.0408,0,,,
full,lrta,greedy,False,,13,0.25,5,0.6,21.8,9.757,0.0947,0.0408,0,,,
full,lrta,greedy,False,,13,0.35,5,0.4,27.4,19.1651,0.1113,0.0738,0,,,
full,lrta,greedy,False,,17,0.15,5,0.4,23,13.0192,0.1025,0.0576,0,,,
full,lrta,greedy,False,,17,0.25,5,0.4,35.8,13.4796,0.1541,0.0667,0,,,
full,lrta,greedy,False,,17,0.35,5,0.2,49.4,1.3416,0.1947,0.0046,0,,,
full,lrta,greedy,False,,21,0.15,5,0.2,22.4,15.4045,0.0975,0.0605,0,,,
full,lrta,greedy,False,,21,0.25,5,0.2,41.2,11.606,0.1703,0.0465,0,,,
full,lrta,greedy,False,,21,0.35,5,0,40.6,15.225,0.1667,0.0597,0,,,
full,lrta,greedy,True,,11,0.15,5,0.2,11.4,8.6197,0.055,0.042,0,,,
full,lrta,greedy,True,,11,0.25,5,0,12.8,3.1145,0.0645,0.0209,0,,,
full,lrta,greedy,True,,11,0.35,5,0.4,18.4,4.7749,0.1095,0.0398,0,,,
full,lrta,greedy,True,,13,0.15,5,0.4,15.2,11.8828,0.0739,0.0577,0,,,
full,lrta,greedy,True,,13,0.25,5,0.4,17.2,8.4971,0.0991,0.07,0,,,
full,lrta,greedy,True,,13,0.35,5,0.4,26.2,18.4851,0.1157,0.0806,0,,,
full,lrta,greedy,True,,17,0.15,5,0.4,23.4,13.5757,0.1119,0.069,0,,,
full,lrta,greedy,True,,17,0.25,5,0.4,40.8,10.4259,0.1895,0.0515,0,,,
full,lrta,greedy,True,,17,0.35,5,0.2,48.2,4.0249,0.2303,0.034,0,,,
full,lrta,greedy,True,,21,0.15,5,0.4,24.6,17.7285,0.1173,0.0824,0,,,
full,lrta,greedy,True,,21,0.25,5,0.4,44.4,9.3968,0.204,0.0433,0,,,
full,lrta,greedy,True,,21,0.35,5,0,34.6,16.456,0.187,0.1238,0,,,
full,lrta,random,False,,11,0.15,5,0.6,18.8,5.1186,0.1056,0.0478,0,,,
full,lrta,random,False,,11,0.25,5,0.6,17.2,7.3621,0.0797,0.0332,0,,,
full,lrta,random,False,,11,0.35,5,1,25.8,6.4187,0.1128,0.0289,0,,,
full,lrta,random,False,,13,0.15,5,0.6,19.8,7.5631,0.0979,0.0365,0,,,
full,lrta,random,False,,13,0.25,5,0.8,23.4,8.0498,0.1248,0.0438,0,,,
full,lrta,random,False,,13,0.35,5,0.4,29.6,16.3951,0.1356,0.0719,0,,,
full,lrta,random,False,,17,0.15,5,0.6,26.8,9.5499,0.1268,0.0426,0,,,
full,lrta,random,False,,17,0.25,5,0.4,42.2,10.3296,0.1753,0.0381,0,,,
full,lrta,random,False,,17,0.35,5,0.2,49.4,1.3416,0.206,0.0057,0,,,
full,lrta,random,False,,21,0.15,5,0.2,44.6,9.5289,0.1979,0.039,0,,,
full,lrta,random,False,,21,0.25,5,0.2,49.8,0.4472,0.2222,0.0068,0,,,
full,lrta,random,False,,21,0.35,5,0,50,0.0,0.2173,0.014,0,,,
full,lrta,random,True,,11,0.15,5,0.4,14.2,8.4676,0.0772,0.0424,0,,,
full,lrta,random,True,,11,0.25,5,0.6,17.2,7.5631,0.0888,0.0351,0,,,
full,lrta,random,True,,11,0.35,5,0.8,21.6,5.4589,0.1517,0.0969,0,,,
full,lrta,random,True,,13,0.15,5,0.8,23.2,5.5857,0.1207,0.029,0,,,
full,lrta,random,True,,13,0.25,5,1,25.8,4.3818,0.1543,0.052,0,,,
full,lrta,random,True,,13,0.35,5,0.6,30.8,15.6908,0.1438,0.0677,0,,,
full,lrta,random,True,,17,0.15,5,0.6,26.4,10.5736,0.1348,0.0541,0,,,
full,lrta,random,True,,17,0.25,5,0.6,40,12.2474,0.1907,0.0543,0,,,
full,lrta,random,True,,17,0.35,5,0.2,49.4,1.3416,0.2415,0.0195,0,,,
full,lrta,random,True,,21,0.15,5,0.4,34.6,16.8315,0.1761,0.0783,0,,,
full,lrta,random,True,,21,0.25,5,0,49.6,0.8944,0.2509,0.0276,0,,,
full,lrta,random,True,,21,0.35,5,0,50,0.0,0.2601,0.0464,0,,,
full,minimax,astar,False,,11,0.15,5,0.6,31.4,16.9794,19.5731,10.7105,11507.6,,,
full,minimax,astar,False,,11,0.25,3,0.3333,39.6667,17.8979,18.7119,5.6934,11024.6667,,,
full,minimax,astar,False,,11,0.35,4,0.5,34.5,17.8979,9.1739,1.0372,5483.25,,,
full,minimax,astar,False,,13,0.15,5,0.6,35.4,13.5019,25.4236,9.5552,15452.2,,,
full,minimax,astar,False,,13,0.25,5,0.2,39,15.1658,16.2659,7.9956,9773.6,,,
full,minimax,astar,False,,13,0.35,3,0,25,22.1133,15.2656,17.0755,9129.6667,,,
full,minimax,astar,False,,17,0.15,5,0.4,42.4,10.4067,20.8057,10.7029,12357.8,,,
full,minimax,astar,False,,17,0.25,5,0,37.2,12.2352,16.114,6.2522,9475.8,,,
full,minimax,astar,False,,17,0.35,5,0,47,6.7082,11.5799,5.2994,6789.4,,,
full,minimax,astar,False,,21,0.15,4,0.25,45.75,5.6789,30.8317,6.1846,18350,,,
full,minimax,astar,False,,21,0.25,4,0,39.75,11.8427,16.5664,3.2842,9599.25,,,
full,minimax,astar,False,,21,0.35,4,0,44.25,11.5,13.1829,6.4583,7608.25,,,
full,minimax,astar,True,,11,0.15,5,0.8,29.6,12.9923,19.9459,8.7916,11989.2,,,
full,minimax,astar,True,,11,0.25,3,0.3333,39.6667,17.8979,18.6907,6.9113,11387.3333,,,
full,minimax,astar,True,,11,0.35,4,0.5,23,9.3808,9.0029,2.7105,4940.5,,,
full,minimax,astar,True,,13,0.15,5,0.6,35.4,13.5019,25.4597,9.4391,15544.4,,,
full,minimax,astar,True,,13,0.25,5,0.4,33.6,15.0765,15.9899,9.7123,9513.2,,,
full,minimax,astar,True,,13,0.35,3,0,11.6667,4.7258,5.2844,1.9767,3088.3333,,,
full,minimax,astar,True,,17,0.15,5,0.4,42.4,10.4067,19.2909,9.5516,12038.8,,,
full,minimax,astar,True,,17,0.25,5,0,43.4,9.0995,17.3682,2.8231,10291.4,,,
full,minimax,astar,True,,17,0.35,5,0,46.8,7.1554,11.6792,6.1788,6640.6,,,
full,minimax,astar,True,,21,0.15,4,0,50,0.0,32.6962,5.0951,19351.5,,,
full,minimax,astar,True,,21,0.25,4,0,39.5,9.6782,19.2444,7.3289,10616.25,,,
full,minimax,astar,True,,21,0.35,4,0,43.75,12.5,15.0656,8.2132,8400.5,,,
full,minimax,beam,False,,11,0.15,5,0.6,31.4,16.9794,18.9584,8.9004,11581.4,,,
full,minimax,beam,False,,11,0.25,3,0.3333,39.6667,17.8979,17.5713,4.5112,11024.6667,,,
full,minimax,beam,False,,11,0.35,4,0.5,34.5,17.8979,9.3257,1.0168,5483.25,,,
full,minimax,beam,False,,13,0.15,5,0.6,35.4,13.5019,24.9251,10.1799,15428.6,,,
full,minimax,beam,False,,13,0.25,5,0.2,38.6,15.6461,17.7569,9.9612,10262.6,,,
full,minimax,beam,False,,13,0.35,3,0.3333,27,21.2838,16.9676,16.7065,9830.3333,,,
full,minimax,beam,False,,17,0.15,5,0.2,46.2,8.4971,24.1067,12.5212,14571.6,,,
full,minimax,beam,False,,17,0.25,5,0,34,9.1924,14.1039,3.5823,8310.8,,,
full,minimax,beam,False,,17,0.35,5,0,50,0.0,12.3117,6.2235,7090.2,,,
full,minimax,beam,False,,21,0.15,4,0.25,45.75,5.6789,29.4182,6.3426,18320.5,,,
full,minimax,beam,False,,21,0.25,4,0,44.75,10.5,20.7575,6.2862,11701.25,,,
full,minimax,beam,False,,21,0.35,4,0,50,0.0,14.3255,4.9912,8310.75,,,
full,minimax,beam,True,,11,0.15,5,0.8,28.8,13.6088,20.1134,9.0287,11884.6,,,
full,minimax,beam,True,,11,0.25,3,0.3333,39.6667,17.8979,19.4701,8.4779,11387.3333,,,
full,minimax,beam,True,,11,0.35,4,0.5,23,9.3808,8.2472,1.7006,4923.75,,,
full,minimax,beam,True,,13,0.15,5,0.6,35.4,13.5019,26.4645,8.2428,15479.2,,,
full,minimax,beam,True,,13,0.25,5,0.6,29.2,11.9875,13.5086,5.3539,7881.4,,,
full,minimax,beam,True,,13,0.35,3,0.3333,13.6667,8.1445,6.1976,3.4406,3660.3333,,,
full,minimax,beam,True,,17,0.15,5,0.2,46.2,8.4971,21.3447,10.4543,12867.4,,,
full,minimax,beam,True,,17,0.25,5,0,32.8,11.9875,15.1406,4.5959,8966.2,,,
full,minimax,beam,True,,17,0.35,5,0,46.8,7.1554,12.4021,7.2417,6640.6,,,
full,minimax,beam,True,,21,0.15,4,0,50,0.0,33.1425,7.5916,19089.5,,,
full,minimax,beam,True,,21,0.25,4,0,45.25,9.5,20.5632,7.1638,11553.75,,,
full,minimax,beam,True,,21,0.35,4,0,43.75,12.5,14.4477,8.1081,8400.5,,,
full,minimax,greedy,False,,11,0.15,5,0.6,31.4,16.9794,17.0391,7.2738,10229.6,,,
full,minimax,greedy,False,,11,0.25,5,0.4,39,15.2643,16.5496,4.2829,9722,,,
full,minimax,greedy,False,,11,0.35,5,0.4,37.6,16.9794,11.5429,5.5288,6842.4,,,
full,minimax,greedy,False,,13,0.15,5,0.8,30.8,10.9636,16.5551,2.2802,10249,,,
full,minimax,greedy,False,,13,0.25,5,0,44,13.4164,18.6412,10.5143,11018.4,,,
full,minimax,greedy,False,,13,0.35,5,0.2,46.8,7.1554,16.2764,10.4915,8988.2,,,
full,minimax,greedy,False,,17,0.15,5,0.2,46.2,8.4971,21.3677,12.0479,12539.4,,,
full,minimax,greedy,False,,17,0.25,5,0,50,0.0,17.8222,8.8287,10334.6,,,
full,minimax,greedy,False,,17,0.35,5,0,50,0.0,11.5002,5.3158,6608.6,,,
full,minimax,greedy,False,,21,0.15,5,0,50,0.0,25.1467,12.5829,14972.2,,,
full,minimax,greedy,False,,21,0.25,5,0,50,0.0,19.8868,4.957,11456,,,
full,minimax,greedy,False,,21,0.35,5,0,50,0.0,13.8387,2.5583,8007.4,,,
full,minimax,greedy,True,,11,0.15,5,0.6,31.4,16.9794,18.0819,8.1204,10859,,,
full,minimax,greedy,True,,11,0.25,5,0.8,22.6,6.8775,11.4698,2.3983,6979,,,
full,minimax,greedy,True,,11,0.35,5,0.4,37.6,16.9794,13.6108,8.0919,8135.6,,,
full,minimax,greedy,True,,13,0.15,5,0.8,30.8,10.9636,16.9872,3.5528,9942.2,,,
full,minimax,greedy,True,,13,0.25,5,0.8,31.4,10.7842,14.9478,5.6447,8996.2,,,
full,minimax,greedy,True,,13,0.35,5,0,38.2,16.3463,10.6313,2.7013,6444.4,,,
full,minimax,greedy,True,,17,0.15,5,0.2,46.2,8.4971,19.6191,10.5342,11776.8,,,
full,minimax,greedy,True,,17,0.25,5,0,50,0.0,18.3195,5.2536,10718,,,
full,minimax,greedy,True,,17,0.35,5,0,50,0.0,11.7621,5.9266,6475.8,,,
full,minimax,greedy,True,,21,0.15,5,0.2,48.6,3.1305,28.327,8.4129,16671.4,,,
full,minimax,greedy,True,,21,0.25,5,0,50,0.0,18.9164,4.5632,10717,,,
full,minimax,greedy,True,,21,0.35,5,0,50,0.0,17.6061,5.5697,10005.8,,,
full,minimax,random,False,,11,0.15,5,0.6,37.4,12.4016,20.2595,2.6404,12552.2,,,
full,minimax,random,False,,11,0.25,5,0.6,31.8,16.6343,13.3289,4.0224,8066.2,,,
full,minimax,random,False,,11,0.35,5,0.2,47,6.7082,13.8529,4.5869,8340,,,
full,minimax,random,False,,13,0.15,5,0.4,39.2,14.7885,19.474,3.4376,11429.6,,,
full,minimax,random,False,,13,0.25,5,0.2,45,11.1803,21.8805,10.4485,12501.4,,,
full,minimax,random,False,,13,0.35,5,0,50,0.0,14.1393,7.2802,8082.4,,,
full,minimax,random,False,,17,0.15,5,0.4,42.4,10.4067,17.8874,9.0669,11018.2,,,
full,minimax,random,False,,17,0.25,5,0,50,0.0,18.6204,4.1933,10407.4,,,
full,minimax,random,False,,17,0.35,5,0,50,0.0,12.9759,6.4632,7543,,,
full,minimax,random,False,,21,0.15,5,0,50,0.0,23.7312,7.5344,14174.6,,,
full,minimax,random,False,,21,0.25,5,0.2,48.2,4.0249,18.1497,6.3826,10540.8,,,
full,minimax,random,False,,21,0.35,5,0,50,0.0,16.477,4.9283,9699.6,,,
full,minimax,random,True,,11,0.15,5,0.4,40.4,14.0464,23.7934,6.1852,13945.2,,,
full,minimax,random,True,,11,0.25,5,0.6,33.6,15.6301,14.1715,4.2316,8425.6,,,
full,minimax,random,True,,11,0.35,5,0.4,38.8,15.3525,11.4572,4.2216,6735.8,,,
full,minimax,random,True,,13,0.15,5,0.4,39.2,14.7885,20.4301,6.7281,12452.6,,,
full,minimax,random,True,,13,0.25,5,0.2,45.4,10.2859,19.8142,5.5835,11630.8,,,
full,minimax,random,True,,13,0.35,5,0,50,0.0,14.1392,3.2694,8335,,,
full,minimax,random,True,,17,0.15,5,0.4,42.4,10.4067,19.3034,10.4198,11642.2,,,
full,minimax,random,True,,17,0.25,5,0,50,0.0,21.339,2.9652,12725.6,,,
full,minimax,random,True,,17,0.35,5,0,50,0.0,12.3642,5.6644,7006,,,
full,minimax,random,True,,21,0.15,5,0,50,0.0,28.2874,5.9951,16844.6,,,
full,minimax,random,True,,21,0.25,5,0,50,0.0,20.1017,4.4546,11487.6,,,
full,minimax,random,True,,21,0.35,5,0,50,0.0,16.9805,4.3439,9802.4,,,
partial,exploration,astar,False,2,11,0.15,5,0.2,15.8,17.7257,0.1756,0.1779,,0.3835,0,47
partial,exploration,astar,False,2,11,0.25,5,0.2,17,20.5061,0.1674,0.1717,,0.3868,0,53
partial,exploration,astar,False,2,11,0.35,4,0.5,30.25,25.3163,0.3061,0.2401,,0.5496,0,50
partial,exploration,astar,False,2,13,0.15,5,0,10.8,6.8337,0.1371,0.0755,,0.2095,0,
partial,exploration,astar,False,2,13,0.25,5,0,11.8,4.3243,0.1393,0.0527,,0.2402,0,
partial,exploration,astar,False,2,13,0.35,5,0.2,27.4,35.7043,0.3046,0.3431,,0.3775,0,91
partial,exploration,astar,False,2,17,0.15,5,0,12,7.3144,0.1403,0.0917,,0.1419,0,
partial,exploration,astar,False,2,17,0.25,5,0.2,33,37.7889,0.36,0.3914,,0.2858,0,99
partial,exploration,astar,False,2,17,0.35,5,0.2,39.2,53.3873,0.5653,0.8468,,0.3135,0,133
partial,exploration,astar,False,2,21,0.15,5,0,18,6.5955,0.2167,0.0822,,0.127,0,
partial,exploration,astar,False,2,21,0.25,5,0,56.2,80.4189,0.6099,0.8422,,0.2848,0,
partial,exploration,astar,False,2,21,0.35,5,0.4,124.6,94.3679,1.2769,0.9406,,0.5832,0,190
partial,exploration,astar,False,4,11,0.15,5,0.2,14.4,15.2414,0.2375,0.223,,0.5554,0,39
partial,exploration,astar,False,4,11,0.25,5,0.4,16.2,14.4465,0.2146,0.1617,,0.6165,0,28
partial,exploration,astar,False,4,11,0.35,4,0.5,17.25,9.3941,0.1947,0.1009,,0.6487,0,20
partial,exploration,astar,False,4,13,0.15,5,0,8,4.062,0.1258,0.0618,,0.355,0,
partial,exploration,astar,False,4,13,0.25,5,0,15.8,9.3381,0.2463,0.1373,,0.5337,0,
partial,exploration,astar,False,4,13,0.35,5,0.2,28,20.4939,0.4773,0.2632,,0.6604,0,55
partial,exploration,astar,False,4,17,0.15,5,0,9,1.0,0.1646,0.0277,,0.2242,0,
partial,exploration,astar,False,4,17,0.25,5,0.2,36,43.1914,0.5123,0.652,,0.436,0,109
partial,exploration,astar,False,4,17,0.35,5,0.2,37.8,31.6338,0.5861,0.4942,,0.5751,0,77
partial,exploration,astar,False,4,21,0.15,5,0,27,13.9463,0.4636,0.2491,,0.3433,0,
partial,exploration,astar,False,4,21,0.25,5,0.2,55.2,63.3893,0.8011,0.9616,,0.454,0,163
partial,exploration,astar,False,4,21,0.35,5,0.6,86,55.5068,1.1753,0.7752,,0.6784,0,124.3333
partial,exploration,astar,False,6,11,0.15,5,0.4,15.4,13.8311,0.3267,0.3018,,0.7636,0,26
partial,exploration,astar,False,6,11,0.25,5,0.2,9.8,7.7266,0.1417,0.1047,,0.724,0,19
partial,exploration,astar,False,6,11,0.35,4,0.5,15.5,8.2664,0.2353,0.0824,,0.8037,0,15
partial,exploration,astar,False,6,13,0.15,5,0.2,12.6,11.0589,0.251,0.2047,,0.6,0,27
partial,exploration,astar,False,6,13,0.25,5,0.4,14.6,9.6592,0.195,0.1211,,0.6225,0,20
partial,exploration,astar,False,6,13,0.35,5,0.6,25.8,14.5499,0.5165,0.435,,0.8083,0,30.3333
partial,exploration,astar,False,6,17,0.15,5,0,8.8,0.8367,0.1547,0.0031,,0.3433,0,
partial,exploration,astar,False,6,17,0.25,5,0.2,20.8,16.1617,0.3809,0.293,,0.5391,0,45
partial,exploration,astar,False,6,17,0.35,5,0.2,26.6,30.0466,0.4477,0.5017,,0.5474,0,75
partial,exploration,astar,False,6,21,0.15,5,0,18,7.0,0.3486,0.1386,,0.3333,0,
partial,exploration,astar,False,6,21,0.25,5,0.2,35,18.5068,0.6575,0.3429,,0.5465,0,39
partial,exploration,astar,False,6,21,0.35,5,0.8,57.2,32.6067,0.8461,0.4826,,0.7097,0,62
partial,exploration,astar,True,2,11,0.15,5,0.2,14.8,15.0566,0.1761,0.141,,0.3901,2.2,41
partial,exploration,astar,True,2,11,0.25,5,0.2,15.4,17.0088,0.1901,0.2206,,0.3818,2.2,45
partial,exploration,astar,True,2,11,0.35,4,0.5,30.5,17.0,0.3244,0.1715,,0.6756,4,38
partial,exploration,astar,True,2,13,0.15,5,0,10.2,6.7602,0.1456,0.0942,,0.213,1.4,
partial,exploration,astar,True,2,13,0.25,5,0,15.4,8.5615,0.2015,0.1054,,0.2852,2,
partial,exploration,astar,True,2,13,0.35,5,0.2,30.4,41.8366,0.3962,0.5812,,0.3787,4.6,105
partial,exploration,astar,True,2,17,0.15,5,0,15.6,15.3395,0.2205,0.198,,0.1848,2.2,
partial,exploration,astar,True,2,17,0.25,5,0,30.2,32.5914,0.347,0.3661,,0.2651,4.4,
partial,exploration,astar,True,2,17,0.35,5,0,27.6,32.1294,0.3259,0.3849,,0.245,4.4,
partial,exploration,astar,True,2,21,0.15,5,0,24.2,20.1544,0.2891,0.2337,,0.1633,4,
partial,exploration,astar,True,2,21,0.25,5,0,27.4,11.2161,0.341,0.1646,,0.1905,4.4,
partial,exploration,astar,True,2,21,0.35,5,0,105.4,90.0822,2.5702,3.5643,,0.4544,16.4,
partial,exploration,astar,True,4,11,0.15,5,0.4,18.4,17.9527,0.2973,0.2525,,0.6298,2.8,34
partial,exploration,astar,True,4,11,0.25,5,0.4,14.6,11.4149,0.2289,0.1424,,0.6099,2.2,24
partial,exploration,astar,True,4,11,0.35,4,0.75,18.75,8.6554,0.2138,0.0958,,0.6922,2.25,18.3333
partial,exploration,astar,True,4,13,0.15,5,0,8.2,3.9623,0.1365,0.0481,,0.3491,1.2,
partial,exploration,astar,True,4,13,0.25,5,0,18,12.4298,0.3111,0.2626,,0.5728,2.8,
partial,exploration,astar,True,4,13,0.35,5,0.4,31.8,19.3054,0.4849,0.2553,,0.7373,4.8,43
partial,exploration,astar,True,4,17,0.15,5,0,9,1.0,0.1443,0.0173,,0.2242,1,
partial,exploration,astar,True,4,17,0.25,5,0,29.4,31.5087,0.4873,0.5508,,0.4221,4.6,
partial,exploration,astar,True,4,17,0.35,5,0.2,40.6,30.8269,0.6083,0.4608,,0.6284,6.4,56
partial,exploration,astar,True,4,21,0.15,5,0,28.6,14.639,0.5096,0.3158,,0.3751,4.6,
partial,exploration,astar,True,4,21,0.25,5,0.2,34,18.8282,0.5647,0.4099,,0.3955,5.2,55
partial,exploration,astar,True,4,21,0.35,5,0.2,93.2,67.303,2.4546,3.0831,,0.6218,15,83
partial,exploration,astar,True,6,11,0.15,5,0.4,15.4,13.8311,0.3093,0.2784,,0.762,2.4,26
partial,exploration,astar,True,6,11,0.25,5,0.2,9.8,7.7266,0.1371,0.0943,,0.7223,1.4,19
partial,exploration,astar,True,6,11,0.35,4,0.75,18.75,5.3151,0.2664,0.0466,,0.8884,2.25,15
partial,exploration,astar,True,6,13,0.15,5,0,10.8,6.9426,0.2298,0.1425,,0.5704,1.6,
partial,exploration,astar,True,6,13,0.25,5,0.4,14.6,9.6592,0.2042,0.1257,,0.6225,2,20
partial,exploration,astar,True,6,13,0.35,5,0.4,18.4,14.3108,0.2585,0.172,,0.7172,2.4,30
partial,exploration,astar,True,6,17,0.15,5,0,8.8,0.8367,0.1645,0.0163,,0.3433,1,
partial,exploration,astar,True,6,17,0.25,5,0.2,18.2,11.077,0.3431,0.2093,,0.5107,2.8,33
partial,exploration,astar,True,6,17,0.35,5,0.4,25.8,22.6539,0.415,0.3487,,0.5779,4,46
partial,exploration,astar,True,6,21,0.15,5,0.2,31,30.6676,0.599,0.5812,,0.4952,5,81
partial,exploration,astar,True,6,21,0.25,5,0.2,36.4,26.9314,0.7025,0.4945,,0.5637,5.8,75
partial,exploration,astar,True,6,21,0.35,5,0.6,56.4,23.5542,1.0293,0.5394,,0.717,9,59.6667
partial,exploration,beam,False,2,11,0.15,5,0.2,17.2,17.6267,0.207,0.1779,,0.4066,0,47
partial,exploration,beam,False,2,11,0.25,5,0.2,22.6,23.1366,0.2617,0.256,,0.5008,0,53
partial,exploration,beam,False,2,11,0.35,4,0.5,30.5,25.1064,0.3115,0.2383,,0.5537,0,50
partial,exploration,beam,False,2,13,0.15,5,0,10.8,6.8337,0.146,0.0828,,0.2095,0,
partial,exploration,beam,False,2,13,0.25,5,0,12,4.2426,0.1438,0.0554,,0.2438,0,
partial,exploration,beam,False,2,13,0.35,5,0.2,27.4,35.7043,0.3007,0.3421,,0.3775,0,91
partial,exploration,beam,False,2,17,0.15,5,0,15.2,12.9112,0.1916,0.1559,,0.1765,0,
partial,exploration,beam,False,2,17,0.25,5,0.2,36.8,36.2726,0.3995,0.3811,,0.3176,0,99
partial,exploration,beam,False,2,17,0.35,5,0.2,47.6,51.3011,0.5306,0.553,,0.3896,0,133
partial,exploration,beam,False,2,21,0.15,5,0,26.8,16.1152,0.3465,0.2367,,0.19,0,
partial,exploration,beam,False,2,21,0.25,5,0,64,76.6649,0.7416,0.7627,,0.3256,0,
partial,exploration,beam,False,2,21,0.35,5,0.4,124.6,94.3679,1.3192,0.9897,,0.5832,0,190
partial,exploration,beam,False,4,11,0.15,5,0.4,17.2,16.1771,0.2602,0.2266,,0.6298,0,32
partial,exploration,beam,False,4,11,0.25,5,0.4,17.2,14.2548,0.2304,0.1569,,0.643,0,28
partial,exploration,beam,False,4,11,0.35,4,0.5,17.5,9.2556,0.2031,0.1018,,0.6549,0,20
partial,exploration,beam,False,4,13,0.15,5,0,8,4.062,0.1282,0.0615,,0.355,0,
partial,exploration,beam,False,4,13,0.25,5,0,15.8,9.3381,0.2643,0.1588,,0.5337,0,
partial,exploration,beam,False,4,13,0.35,5,0.2,23.6,19.8947,0.3693,0.2679,,0.5941,0,55
partial,exploration,beam,False,4,17,0.15,5,0,10.2,2.5884,0.1894,0.0894,,0.2491,0,
partial,exploration,beam,False,4,17,0.25,5,0.2,37.2,42.4111,0.5358,0.6105,,0.4588,0,109
partial,exploration,beam,False,4,17,0.35,5,0.2,31.8,28.8998,0.4443,0.3886,,0.4914,0,77
partial,exploration,beam,False,4,21,0.15,5,0,32.4,24.0167,0.5222,0.3993,,0.39,0,
partial,exploration,beam,False,4,21,0.25,5,0.2,58,61.502,0.8605,0.9541,,0.4821,0,163
partial,exploration,beam,False,4,21,0.35,5,0.6,86,55.5068,1.1093,0.6909,,0.6784,0,124.3333
partial,exploration,beam,False,6,11,0.15,5,0.2,13.6,12.818,0.2784,0.2585,,0.7405,0,31
partial,exploration,beam,False,6,11,0.25,5,0.2,10,7.746,0.1358,0.0927,,0.7322,0,19
partial,exploration,beam,False,6,11,0.35,4,0.5,15.75,8.1394,0.2426,0.0687,,0.8079,0,15
partial,exploration,beam,False,6,13,0.15,5,0.2,12.6,11.0589,0.2602,0.2341,,0.6,0,27
partial,exploration,beam,False,6,13,0.25,5,0.4,14.6,9.6592,0.1903,0.1151,,0.6225,0,20
partial,exploration,beam,False,6,13,0.35,5,0.4,22.8,14.2373,0.3815,0.1934,,0.7609,0,31
partial,exploration,beam,False,6,17,0.15,5,0,9.4,2.0736,0.1789,0.0507,,0.3613,0,
partial,exploration,beam,False,6,17,0.25,5,0.2,24.6,16.0094,0.4725,0.2833,,0.5979,0,45
partial,exploration,beam,False,6,17,0.35,5,0.2,29.2,29.5161,0.4891,0.4868,,0.582,0,75
partial,exploration,beam,False,6,21,0.15,5,0.4,40.2,35.6539,0.7699,0.6518,,0.5728,0,75
partial,exploration,beam,False,6,21,0.25,5,0.4,40.8,22.2755,0.779,0.3988,,0.6081,0,49
partial,exploration,beam,False,6,21,0.35,5,0.8,57.2,32.6067,0.8904,0.5296,,0.7097,0,62
partial,exploration,beam,True,2,11,0.15,5,0.2,15.6,15.0433,0.1804,0.1403,,0.4116,2.4,41
partial,exploration,beam,True,2,11,0.25,5,0.2,17.8,17.5983,0.2026,0.1925,,0.4132,2.6,45
partial,exploration,beam,True,2,11,0.35,4,0.5,30.5,17.0,0.3177,0.1663,,0.6756,4,38
partial,exploration,beam,True,2,13,0.15,5,0,10.2,6.7602,0.134,0.0736,,0.213,1.4,
partial,exploration,beam,True,2,13,0.25,5,0,13.6,6.269,0.1742,0.0918,,0.2686,1.8,
partial,exploration,beam,True,2,13,0.35,5,0.2,30.6,41.7409,0.402,0.5789,,0.3835,4.6,105
partial,exploration,beam,True,2,17,0.15,5,0,16.2,15.1228,0.2059,0.2129,,0.191,2.4,
partial,exploration,beam,True,2,17,0.25,5,0,29.8,26.7993,0.3892,0.4246,,0.265,4.4,
partial,exploration,beam,True,2,17,0.35,5,0,32,31.0322,0.4142,0.394,,0.2816,5.2,
partial,exploration,beam,True,2,21,0.15,5,0,26.6,15.8051,0.3404,0.2089,,0.1868,4.2,
partial,exploration,beam,True,2,21,0.25,5,0,37,18.7483,0.4642,0.262,,0.2544,6,
partial,exploration,beam,True,2,21,0.35,5,0.2,111,89.0449,2.6016,3.5005,,0.4639,17.2,111
partial,exploration,beam,True,4,11,0.15,5,0.2,16.8,17.1085,0.2723,0.2455,,0.595,2.4,41
partial,exploration,beam,True,4,11,0.25,5,0.4,15.4,11.327,0.2279,0.1107,,0.643,2.2,24
partial,exploration,beam,True,4,11,0.35,4,0.75,18.75,8.6554,0.2122,0.092,,0.6922,2.25,18.3333
partial,exploration,beam,True,4,13,0.15,5,0,8.2,3.9623,0.1316,0.0565,,0.3491,1.2,
partial,exploration,beam,True,4,13,0.25,5,0.4,23.6,19.2562,0.3719,0.3401,,0.6107,3.8,39
partial,exploration,beam,True,4,13,0.35,5,0.4,27.6,19.8947,0.3981,0.2479,,0.671,4.2,43
partial,exploration,beam,True,4,17,0.15,5,0,10.2,2.5884,0.1716,0.047,,0.2491,1.4,
partial,exploration,beam,True,4,17,0.25,5,0,30.8,30.6056,0.5079,0.5313,,0.4485,5,
partial,exploration,beam,True,4,17,0.35,5,0.2,27.6,24.5723,0.39,0.306,,0.4782,4.2,67
partial,exploration,beam,True,4,21,0.15,5,0,32.6,19.857,0.608,0.4261,,0.4073,5.2,
partial,exploration,beam,True,4,21,0.25,5,0.2,37.4,16.6823,0.6622,0.3862,,0.4227,6,55
partial,exploration,beam,True,4,21,0.35,5,0.2,91.8,69.0051,2.3982,3.1531,,0.6299,15,83
partial,exploration,beam,True,6,11,0.15,5,0.4,15.4,13.8311,0.3327,0.3061,,0.762,2.4,26
partial,exploration,beam,True,6,11,0.25,5,0.2,10,7.746,0.1369,0.0968,,0.7306,1.6,19
partial,exploration,beam,True,6,11,0.35,4,0.75,18.75,5.3151,0.2679,0.044,,0.8884,2.25,15
partial,exploration,beam,True,6,13,0.15,5,0,10.8,6.9426,0.2382,0.1794,,0.5704,1.6,
partial,exploration,beam,True,6,13,0.25,5,0.4,14.6,9.6592,0.212,0.1376,,0.6225,2,20
partial,exploration,beam,True,6,13,0.35,5,0.2,15.4,11.8448,0.2335,0.1345,,0.6698,2,31
partial,exploration,beam,True,6,17,0.15,5,0,9.4,2.0736,0.1883,0.0521,,0.3613,1.2,
partial,exploration,beam,True,6,17,0.25,5,0.2,19.6,10.2859,0.3612,0.1558,,0.5426,3.2,33
partial,exploration,beam,True,6,17,0.35,5,0.4,26.8,21.9363,0.4388,0.3473,,0.5869,4,46
partial,exploration,beam,True,6,21,0.15,5,0,25,14.5602,0.5959,0.3334,,0.4331,4.2,
partial,exploration,beam,True,6,21,0.25,5,0.2,39.4,29.0224,0.7431,0.5341,,0.5964,6.4,75
partial,exploration,beam,True,6,21,0.35,5,0.6,56.4,23.5542,1.0414,0.5592,,0.717,9,59.6667
partial,exploration,greedy,False,2,11,0.15,5,0.4,31.2,26.0806,0.3286,0.276,,0.6215,0,56
partial,exploration,greedy,False,2,11,0.25,5,0.2,28.8,22.764,0.2859,0.2088,,0.6132,0,53
partial,exploration,greedy,False,2,11,0.35,5,0.6,32.6,19.0079,0.3156,0.1616,,0.6264,0,43
partial,exploration,greedy,False,2,13,0.15,5,0,11.4,7.0922,0.141,0.0718,,0.2213,0,
partial,exploration,greedy,False,2,13,0.25,5,0,22.2,16.053,0.2417,0.1682,,0.3538,0,
partial,exploration,greedy,False,2,13,0.35,5,0.2,32,33.5634,0.338,0.3286,,0.4674,0,91
partial,exploration,greedy,False,2,17,0.15,5,0,22.6,27.1164,0.2526,0.321,,0.2457,0,
partial,exploration,greedy,False,2,17,0.25,5,0.4,70.6,49.8628,0.725,0.5058,,0.5294,0,107
partial,exploration,greedy,False,2,17,0.35,5,0.2,59.2,52.8081,0.5678,0.5011,,0.4865,0,133
partial,exploration,greedy,False,2,21,0.15,5,0,37.6,31.4372,0.399,0.3503,,0.2467,0,
partial,exploration,greedy,False,2,21,0.25,5,0.2,99.6,81.2853,1.0321,0.8121,,0.4871,0,173
partial,exploration,greedy,False,2,21,0.35,5,0.4,128.4,89.6175,1.3603,1.0019,,0.5977,0,190
partial,exploration,greedy,False,4,11,0.15,5,0.6,22,15.9374,0.3021,0.223,,0.7455,0,31
partial,exploration,greedy,False,4,11,0.25,5,0.6,20,15.5242,0.2514,0.1668,,0.7025,0,28.3333
partial,exploration,greedy,False,4,11,0.35,5,0.6,18.8,8.0125,0.2101,0.0926,,0.719,0,20.3333
partial,exploration,greedy,False,4,13,0.15,5,0,8,4.062,0.1218,0.0593,,0.355,0,
partial,exploration,greedy,False,4,13,0.25,5,0.2,17.4,11.8448,0.2261,0.1361,,0.5278,0,33
partial,exploration,greedy,False,4,13,0.35,5,0.4,32.6,20.5256,0.4014,0.2413,,0.7385,0,51
partial,exploration,greedy,False,4,17,0.15,5,0,12.2,4.2071,0.2067,0.0829,,0.281,0,
partial,exploration,greedy,False,4,17,0.25,5,0.6,63.8,45.4665,0.8636,0.6622,,0.7218,0,92.3333
partial,exploration,greedy,False,4,17,0.35,5,0.4,40.8,28.0214,0.508,0.3742,,0.6131,0,62
partial,exploration,greedy,False,4,21,0.15,5,0,32.4,14.3283,0.5013,0.2445,,0.4073,0,
partial,exploration,greedy,False,4,21,0.25,5,0.6,91,57.4239,1.3065,0.8397,,0.7528,0,126.3333
partial,exploration,greedy,False,4,21,0.35,5,0.6,99,44.3847,1.252,0.5654,,0.7723,0,124.3333
partial,exploration,greedy,False,6,11,0.15,5,0.4,16.2,13.2552,0.3305,0.3111,,0.795,0,26
partial,exploration,greedy,False,6,11,0.25,5,0.6,15.2,9.8082,0.1872,0.1203,,0.7951,0,18.3333
partial,exploration,greedy,False,6,11,0.35,5,0.6,16.4,7.1972,0.2349,0.0668,,0.8463,0,15
partial,exploration,greedy,False,6,13,0.15,5,0.2,12.6,11.0589,0.2533,0.2272,,0.6,0,27
partial,exploration,greedy,False,6,13,0.25,5,0,11.8,6.0992,0.1727,0.0962,,0.5893,0,19
partial,exploration,greedy,False,6,13,0.35,5,0.6,25,14.7817,0.3452,0.2171,,0.8213,0,30.3333
partial,exploration,greedy,False,6,17,0.15,5,0,18.8,20.8255,0.4207,0.5941,,0.4844,0,
partial,exploration,greedy,False,6,17,0.25,5,1,60.6,15.9625,1.0432,0.3484,,0.9426,0,55.4
partial,exploration,greedy,False,6,17,0.35,5,0.4,33.4,27.9875,0.5319,0.4319,,0.6304,0,56
partial,exploration,greedy,False,6,21,0.15,5,0.6,49,34.5254,0.9297,0.6708,,0.6472,0,69.6667
partial,exploration,greedy,False,6,21,0.25,5,0.8,58.4,30.835,0.9754,0.515,,0.7383,0,65
partial,exploration,greedy,False,6,21,0.35,5,0.8,61,27.9643,0.9172,0.3987,,0.7469,0,62
partial,exploration,greedy,True,2,11,0.15,5,0.2,20,15.7797,0.2188,0.1642,,0.4942,3.2,41
partial,exploration,greedy,True,2,11,0.25,5,0.2,21.2,18.2538,0.2294,0.1997,,0.5025,3.4,45
partial,exploration,greedy,True,2,11,0.35,5,0.6,28.8,13.1605,0.2742,0.1132,,0.6281,3.4,35
partial,exploration,greedy,True,2,13,0.15,5,0,10.2,6.7602,0.129,0.0697,,0.2154,1.4,
partial,exploration,greedy,True,2,13,0.25,5,0.2,22,12.7867,0.2427,0.1391,,0.3716,3.2,37
partial,exploration,greedy,True,2,13,0.35,5,0.4,41.8,39.5057,0.5037,0.5489,,0.5326,6.4,80
partial,exploration,greedy,True,2,17,0.15,5,0,15.6,11.5456,0.1748,0.132,,0.1896,2.4,
partial,exploration,greedy,True,2,17,0.25,5,0,52,44.7884,0.599,0.5607,,0.4083,8,
partial,exploration,greedy,True,2,17,0.35,5,0.2,73,81.4279,1.1036,1.414,,0.4222,11,
partial,exploration,greedy,True,2,21,0.15,5,0,38.4,31.7852,0.4948,0.4681,,0.2472,6,
partial,exploration,greedy,True,2,21,0.25,5,0.2,80.8,59.0483,0.8821,0.6304,,0.4853,13.2,155
partial,exploration,greedy,True,2,21,0.35,5,0.2,115.2,84.4079,2.6316,3.4632,,0.4862,18,111
partial,exploration,greedy,True,4,11,0.15,5,0.6,23.2,17.3263,0.3513,0.2454,,0.7372,3.6,32.3333
partial,exploration,greedy,True,4,11,0.25,5,0.6,18.8,13.8275,0.2658,0.1456,,0.6992,2.8,26.3333
partial,exploration,greedy,True,4,11,0.35,5,0.8,19.8,7.2938,0.2179,0.082,,0.7488,2.2,19
partial,exploration,greedy,True,4,13,0.15,5,0,8.2,3.9623,0.1319,0.0488,,0.3491,1.2,
partial,exploration,greedy,True,4,13,0.25,5,0,17.8,12.9499,0.2462,0.1828,,0.5456,2.6,
partial,exploration,greedy,True,4,13,0.35,5,0.4,28.6,19.1651,0.3736,0.2158,,0.7278,4.2,43
partial,exploration,greedy,True,4,17,0.15,5,0,12.2,4.2071,0.1793,0.0718,,0.281,1.8,
partial,exploration,greedy,True,4,17,0.25,5,0.4,50,31.9844,0.6693,0.4265,,0.665,8.2,67
partial,exploration,greedy,True,4,17,0.35,5,0.4,38,24.96,0.723,0.5587,,0.6138,5.8,56
partial,exploration,greedy,True,4,21,0.15,5,0,37.4,21.8243,0.694,0.5058,,0.4576,6,
partial,exploration,greedy,True,4,21,0.25,5,0.6,84.6,44.9533,1.2943,0.774,,0.78,13.8,95.6667
partial,exploration,greedy,True,4,21,0.35,5,0.4,128.6,75.5798,5.8084,6.9396,,0.6803,20.6,107
partial,exploration,greedy,True,6,11,0.15,5,0.4,16.2,13.2552,0.3255,0.308,,0.7851,2.4,26
partial,exploration,greedy,True,6,11,0.25,5,0.6,14.8,9.5499,0.187,0.1155,,0.7934,2.4,17.6667
partial,exploration,greedy,True,6,11,0.35,5,0.8,18.8,4.6043,0.2604,0.0441,,0.9107,2,15
partial,exploration,greedy,True,6,13,0.15,5,0,10.8,6.9426,0.2279,0.1481,,0.5704,1.6,
partial,exploration,greedy,True,6,13,0.25,5,0,11.2,5.4498,0.1895,0.1172,,0.5834,1.4,19
partial,exploration,greedy,True,6,13,0.35,5,0.6,26.6,14.8762,0.5686,0.563,,0.8083,3.8,30
partial,exploration,greedy,True,6,17,0.15,5,0,18.2,19.4859,0.3191,0.3424,,0.4851,2.8,
partial,exploration,greedy,True,6,17,0.25,5,0.4,33.2,16.9174,0.6083,0.3272,,0.7114,5.4,36
partial,exploration,greedy,True,6,17,0.35,5,0.4,29,20.1122,0.457,0.2961,,0.6201,4.2,46
partial,exploration,greedy,True,6,21,0.15,5,0,29.4,23.1582,0.5983,0.4204,,0.4916,4.8,
partial,exploration,greedy,True,6,21,0.25,5,0.4,59.6,40.6915,1.2005,0.8713,,0.7188,9.6,90
partial,exploration,greedy,True,6,21,0.35,5,0.6,50.6,21.4196,0.8294,0.3842,,0.659,8,59.6667
partial,exploration,random,False,2,11,0.15,5,0.4,30.2,23.8684,0.332,0.2554,,0.633,0,54
partial,exploration,random,False,2,11,0.25,5,0.4,31.2,22.8736,0.3126,0.2014,,0.6512,0,53
partial,exploration,random,False,2,11,0.35,5,0.6,38.2,14.2548,0.3847,0.1136,,0.7256,0,43
partial,exploration,random,False,2,13,0.15,5,0,24.4,18.0361,0.3348,0.2322,,0.4178,0,
partial,exploration,random,False,2,13,0.25,5,0.4,40.6,31.1657,0.443,0.3243,,0.5846,0,74
partial,exploration,random,False,2,13,0.35,5,0.6,52.4,34.7534,0.5755,0.357,,0.6367,0,76.3333
partial,exploration,random,False,2,17,0.15,5,0,44.2,30.6953,0.5196,0.3434,,0.4228,0,
partial,exploration,random,False,2,17,0.25,5,0.6,85.6,64.3568,0.8743,0.6517,,0.6152,0,128.3333
partial,exploration,random,False,2,17,0.35,5,0.6,84.2,46.3864,0.8282,0.4618,,0.6581,0,110.3333
partial,exploration,random,False,2,21,0.15,5,0,63.4,63.9124,0.7594,0.8548,,0.4054,0,
partial,exploration,random,False,2,21,0.25,5,0.2,104,77.7335,1.0871,0.7678,,0.5011,0,173
partial,exploration,random,False,2,21,0.35,5,0.4,156.6,61.2152,1.6789,0.6635,,0.7329,0,190
partial,exploration,random,False,4,11,0.15,5,0.6,22.8,14.9733,0.3222,0.2081,,0.7736,0,31
partial,exploration,random,False,4,11,0.25,5,0.6,21.2,14.0784,0.2835,0.1575,,0.7438,0,28.3333
partial,exploration,random,False,4,11,0.35,5,0.8,24.2,1.0954,0.2858,0.0431,,0.8909,0,20.5
partial,exploration,random,False,4,13,0.15,5,0.4,25.4,17.1552,0.3894,0.2352,,0.6734,0,42
partial,exploration,random,False,4,13,0.25,5,0.4,30.6,12.3004,0.383,0.1513,,0.7858,0,29
partial,exploration,random,False,4,13,0.35,5,0.4,34.6,19.1911,0.4482,0.2245,,0.7645,0,51
partial,exploration,random,False,4,17,0.15,5,0.4,44.2,30.491,0.8828,0.7186,,0.6263,0,75
partial,exploration,random,False,4,17,0.25,5,0.8,81.4,38.1156,1.114,0.5465,,0.8519,0,93
partial,exploration,random,False,4,17,0.35,5,0.6,50.4,21.6518,0.7036,0.3393,,0.7329,0,57.6667
partial,exploration,random,False,4,21,0.15,5,0.4,72.6,48.2317,1.2533,0.7836,,0.6744,0,121
partial,exploration,random,False,4,21,0.25,5,1,124.2,34.3395,1.8885,0.6155,,0.9274,0,121.8
partial,exploration,random,False,4,21,0.35,5,0.8,111,22.4944,1.3827,0.2983,,0.8576,0,117
partial,exploration,random,False,6,11,0.15,5,0.4,16.8,12.6965,0.3326,0.3007,,0.8132,0,26
partial,exploration,random,False,6,11,0.25,5,0.6,16.4,8.2341,0.2799,0.1375,,0.8331,0,18.3333
partial,exploration,random,False,6,11,0.35,5,0.8,18.6,4.98,0.2565,0.0734,,0.8942,0,15
partial,exploration,random,False,6,13,0.15,5,0.4,21.4,9.0719,0.3977,0.1699,,0.7894,0,23
partial,exploration,random,False,6,13,0.25,5,0.8,26.6,13.5204,0.3828,0.2469,,0.8225,0,26.5
partial,exploration,random,False,6,13,0.35,5,0.6,26,13.6748,0.3523,0.1972,,0.8296,0,30.3333
partial,exploration,random,False,6,17,0.15,5,0.8,50.8,23.2852,1.0712,0.5519,,0.836,0,54.5
partial,exploration,random,False,6,17,0.25,5,1,60.6,15.9625,1.0153,0.2359,,0.9426,0,55.4
partial,exploration,random,False,6,17,0.35,5,0.8,47.2,22.9608,0.7447,0.4129,,0.7917,0,49.5
partial,exploration,random,False,6,21,0.15,5,0.6,56.2,20.9213,1.1735,0.5684,,0.7324,0,65
partial,exploration,random,False,6,21,0.25,5,1,68.6,18.4065,1.2428,0.3475,,0.8512,0,64.2
partial,exploration,random,False,6,21,0.35,5,1,67.8,25.2824,1.019,0.4195,,0.7828,0,63.4
partial,exploration,random,True,2,11,0.15,5,0.2,23.6,15.9468,0.2933,0.1976,,0.5752,3.8,41
partial,exploration,random,True,2,11,0.25,5,0.6,41,17.2047,0.4226,0.1695,,0.843,5.8,49
partial,exploration,random,True,2,11,0.35,5,0.8,42,19.5448,0.4136,0.1851,,0.7124,5.8,46
partial,exploration,random,True,2,13,0.15,5,0.2,28.4,19.5525,0.3381,0.1877,,0.4663,4.6,55
partial,exploration,random,True,2,13,0.25,5,0.2,53.2,29.0895,0.6492,0.3689,,0.6852,8,43
partial,exploration,random,True,2,13,0.35,5,0.6,61,30.3891,0.7977,0.4821,,0.6781,9.2,72.3333
partial,exploration,random,True,2,17,0.15,5,0.2,49,48.4458,0.5938,0.576,,0.4297,7.6,125
partial,exploration,random,True,2,17,0.25,5,0.4,54.2,46.623,1.0794,1.1666,,0.3377,8.4,
partial,exploration,random,True,2,17,0.35,5,0,56.8,51.4364,0.6113,0.5184,,0.4886,9.2,
partial,exploration,random,True,2,21,0.15,5,0.4,122,84.2852,1.5545,1.1499,,0.6581,20.2,172
partial,exploration,random,True,2,21,0.25,5,0.6,163.2,28.9171,2.0039,0.538,,0.7982,27,162.3333
partial,exploration,random,True,2,21,0.35,5,0.2,191.4,19.2302,3.7071,2.7118,,0.7424,29.8,157
partial,exploration,random,True,4,11,0.15,5,0.6,26,16.5831,0.4104,0.2717,,0.7835,4,34.3333
partial,exploration,random,True,4,11,0.25,5,0.6,28,9.5917,0.3509,0.1072,,0.8661,4.4,21
partial,exploration,random,True,4,11,0.35,5,1,33,13.4907,0.4891,0.2665,,0.9058,4,23.8
partial,exploration,random,True,4,13,0.15,5,0.6,34.4,13.813,0.5277,0.1872,,0.8189,5.6,38.3333
partial,exploration,random,True,4,13,0.25,5,0.2,37.4,24.0479,0.5624,0.4121,,0.7882,5.2,69
partial,exploration,random,True,4,13,0.35,5,1,47,9.4868,0.5875,0.0924,,0.8982,7,45
partial,exploration,random,True,4,17,0.15,5,0.2,29,28.1069,0.4716,0.4296,,0.4761,4.4,77
partial,exploration,random,True,4,17,0.25,5,0.8,87.2,51.7417,2.7491,3.706,,0.836,13.4,85
partial,exploration,random,True,4,17,0.35,5,0.2,36.6,25.036,0.6179,0.4915,,0.591,6,53
partial,exploration,random,True,4,21,0.15,5,0.8,82,35.3836,1.3961,0.6035,,0.8045,13.4,95.5
partial,exploration,random,True,4,21,0.25,5,1,91,25.0998,1.345,0.4675,,0.873,14.6,89
partial,exploration,random,True,4,21,0.35,5,0.6,97.2,58.3541,2.3157,3.1833,,0.7125,15.2,70.3333
partial,exploration,random,True,6,11,0.15,5,0.8,22.8,11.0544,0.4684,0.2506,,0.8909,3.8,22
partial,exploration,random,True,6,11,0.25,5,0.8,23.8,8.7864,0.3451,0.1161,,0.9455,3.6,16
partial,exploration,random,True,6,11,0.35,5,0.8,24.4,13.4462,0.3065,0.1559,,0.9074,3.2,23.5
partial,exploration,random,True,6,13,0.15,5,0.8,29.2,4.4944,0.4942,0.1549,,0.9053,4.6,25
partial,exploration,random,True,6,13,0.25,5,0.8,27.8,13.2363,0.4561,0.2354,,0.8592,4.2,28
partial,exploration,random,True,6,13,0.35,5,0.8,29.8,10.0598,0.4055,0.112,,0.9029,4.4,25
partial,exploration,random,True,6,17,0.15,5,0.4,36,28.6618,0.7629,0.6665,,0.6789,5.4,63
partial,exploration,random,True,6,17,0.25,5,0.8,63.4,39.1765,1.0825,0.6133,,0.8561,10,55.6667
partial,exploration,random,True,6,17,0.35,5,0.6,40,21.9089,0.5983,0.299,,0.7515,6.2,50.3333
partial,exploration,random,True,6,21,0.15,5,0.6,65,27.0647,1.269,0.5188,,0.815,10.8,71.6667
partial,exploration,random,True,6,21,0.25,5,0.8,71.8,15.7861,1.3361,0.277,,0.8689,12,66.5
partial,exploration,random,True,6,21,0.35,5,0.8,57.6,21.2791,0.9646,0.4269,,0.7079,9,59
partial,online_astar,astar,False,2,11,0.15,5,0.2,9.2,6.7602,1.9707,0.3916,,0.2959,0,
partial,online_astar,astar,False,2,11,0.25,5,0.2,9.2,6.8702,2.2351,0.6378,,0.3107,0,
partial,online_astar,astar,False,2,11,0.35,4,0.5,17.25,7.4106,2.4017,0.1503,,0.4752,0,
partial,online_astar,astar,False,2,13,0.15,5,0,8.2,4.4944,3.4025,0.5725,,0.2083,0,
partial,online_astar,astar,False,2,13,0.25,5,0.6,18.8,11.3666,4.1266,1.2187,,0.3917,0,
partial,online_astar,astar,False,2,13,0.35,5,0.4,19.2,15.5788,4.6212,1.3347,,0.3633,0,
partial,online_astar,astar,False,2,17,0.15,5,0,8.8,0.8367,7.2107,0.4691,,0.1315,0,
partial,online_astar,astar,False,2,17,0.25,5,0.2,19.6,12.818,9.5434,2.088,,0.2478,0,
partial,online_astar,astar,False,2,17,0.35,5,0.4,27.8,19.6774,10.7252,3.5119,,0.3335,0,
partial,online_astar,astar,False,2,21,0.15,5,0.2,26.2,11.8195,18.9216,2.4793,,0.2145,0,
partial,online_astar,astar,False,2,21,0.25,5,0.4,32.8,16.9765,20.2902,3.7279,,0.2585,0,
partial,online_astar,astar,False,2,21,0.35,5,0.6,46.8,17.5556,23.8975,6.1616,,0.3469,0,
partial,online_astar,astar,False,4,11,0.15,5,0.2,8.8,5.8907,1.8852,0.4162,,0.4959,0,
partial,online_astar,astar,False,4,11,0.25,5,0.2,8.8,6.0166,1.7551,0.1963,,0.5091,0,
partial,online_astar,astar,False,4,11,0.35,4,0.5,16.25,7.1822,2.0943,0.079,,0.6797,0,
partial,online_astar,astar,False,4,13,0.15,5,0,8.2,4.4944,3.0126,0.5352,,0.355,0,
partial,online_astar,astar,False,4,13,0.25,5,0.6,18,10.583,3.6255,0.9797,,0.5598,0,
partial,online_astar,astar,False,4,13,0.35,5,0.6,20,10.583,3.894,0.9542,,0.6343,0,
partial,online_astar,astar,False,4,17,0.15,5,0,8.8,0.8367,7.5208,1.1886,,0.2305,0,
partial,online_astar,astar,False,4,17,0.25,5,0.2,16.8,8.6429,8.2781,1.0589,,0.3868,0,
partial,online_astar,astar,False,4,17,0.35,5,0.4,24.8,16.0686,8.5897,1.8696,,0.4775,0,
partial,online_astar,astar,False,4,21,0.15,5,0.4,31.2,11.3225,18.2733,1.7183,,0.4113,0,
partial,online_astar,astar,False,4,21,0.25,5,0.6,32.8,17.8941,19.479,3.5342,,0.4277,0,
partial,online_astar,astar,False,4,21,0.35,5,0.6,40.8,14.5671,19.9344,4.8637,,0.5079,0,
partial,online_astar,astar,False,6,11,0.15,5,0.2,8.8,5.8907,1.7632,0.4306,,0.6926,0,
partial,online_astar,astar,False,6,11,0.25,5,0.2,8.8,6.0166,1.6194,0.0998,,0.7107,0,
partial,online_astar,astar,False,6,11,0.35,4,0.5,15.25,8.6554,1.7144,0.3838,,0.8078,0,
partial,online_astar,astar,False,6,13,0.15,5,0,8.2,4.4944,2.9327,0.3451,,0.516,0,
partial,online_astar,astar,False,6,13,0.25,5,0.4,14,10.0995,2.7671,0.7059,,0.6355,0,
partial,online_astar,astar,False,6,13,0.35,5,0.6,18.6,9.3434,3.4087,0.9568,,0.7787,0,
partial,online_astar,astar,False,6,17,0.15,5,0,8.8,0.8367,6.7803,0.5397,,0.3433,0,
partial,online_astar,astar,False,6,17,0.25,5,0.4,19.6,11.371,7.4792,1.1076,,0.5536,0,
partial,online_astar,astar,False,6,17,0.35,5,0.4,23.8,15.0067,7.8353,1.9257,,0.5979,0,
partial,online_astar,astar,False,6,21,0.15,5,0.4,30.6,10.8766,17.7439,2.1095,,0.5383,0,
partial,online_astar,astar,False,6,21,0.25,5,0.6,31.8,17.3118,16.9265,3.4249,,0.5342,0,
partial,online_astar,astar,False,6,21,0.35,5,0.8,40.8,12.3369,17.0019,1.4949,,0.6531,0,
partial,online_astar,astar,True,2,11,0.15,5,0.2,9.2,6.7602,2.0639,0.4633,,0.2959,1.2,
partial,online_astar,astar,True,2,11,0.25,5,0.2,9.2,6.8702,2.0114,0.3189,,0.3107,1.2,
partial,online_astar,astar,True,2,11,0.35,4,0.75,19.5,6.6081,2.4612,0.1943,,0.5103,2.25,
partial,online_astar,astar,True,2,13,0.15,5,0,8.2,4.4385,3.2647,0.4026,,0.2083,1.2,
partial,online_astar,astar,True,2,13,0.25,5,0.4,16,9.8489,3.8961,1.0232,,0.3491,2.2,
partial,online_astar,astar,True,2,13,0.35,5,0.2,17.2,14.3073,4.3528,1.4241,,0.342,2.2,
partial,online_astar,astar,True,2,17,0.15,5,0,8.8,0.8367,7.0511,0.5521,,0.1315,1,
partial,online_astar,astar,True,2,17,0.25,5,0.2,18.8,12.7554,9.5362,2.017,,0.2381,3,
partial,online_astar,astar,True,2,17,0.35,5,0.4,24,17.2047,9.7806,2.4856,,0.2948,3.8,
partial,online_astar,astar,True,2,21,0.15,5,0.4,31.8,11.7346,19.4742,1.6604,,0.2585,5,
partial,online_astar,astar,True,2,21,0.25,5,0.6,33.2,17.2974,19.726,2.9212,,0.2648,5.4,
partial,online_astar,astar,True,2,21,0.35,5,0.6,43.6,12.8763,23.2608,5.1038,,0.3301,6.8,
partial,online_astar,astar,True,4,11,0.15,5,0.2,8.8,5.8907,1.9727,0.445,,0.4959,1.2,
partial,online_astar,astar,True,4,11,0.25,5,0.2,8.8,6.0166,1.7432,0.2669,,0.5091,1.2,
partial,online_astar,astar,True,4,11,0.35,4,0.75,18.5,6.8069,2.1447,0.173,,0.7169,2,
partial,online_astar,astar,True,4,13,0.15,5,0,8.2,4.4385,3.0986,0.4235,,0.3538,1.2,
partial,online_astar,astar,True,4,13,0.25,5,0.6,17.2,9.859,3.3349,0.7916,,0.555,2.6,
partial,online_astar,astar,True,4,13,0.35,5,0.2,14,10.9087,3.5535,0.9123,,0.5101,1.8,
partial,online_astar,astar,True,4,17,0.15,5,0,8.8,0.8367,7.4215,1.0151,,0.2305,1,
partial,online_astar,astar,True,4,17,0.25,5,0.4,19.2,10.8028,8.2268,1.1232,,0.4159,3,
partial,online_astar,astar,True,4,17,0.35,5,0.6,26.6,16.6373,8.8338,1.9213,,0.4934,4,
partial,online_astar,astar,True,4,21,0.15,5,0.4,31,11.6833,18.4869,1.1876,,0.4091,5,
partial,online_astar,astar,True,4,21,0.25,5,0.6,31.2,16.3768,17.2915,2.5667,,0.4118,5.2,
partial,online_astar,astar,True,4,21,0.35,5,0.6,40.8,14.5671,21.006,3.8117,,0.5079,6.4,
partial,online_astar,astar,True,6,11,0.15,5,0.2,8.8,5.8907,1.7726,0.4485,,0.6926,1.2,
partial,online_astar,astar,True,6,11,0.25,5,0.2,8.8,6.0166,1.5824,0.0728,,0.7107,1.2,
partial,online_astar,astar,True,6,11,0.35,4,0.75,17,8.4853,1.7751,0.5045,,0.8368,2,
partial,online_astar,astar,True,6,13,0.15,5,0,8.2,4.4385,2.9236,0.4806,,0.5148,1.2,
partial,online_astar,astar,True,6,13,0.25,5,0.6,17.2,9.859,2.8605,0.6309,,0.7006,2.6,
partial,online_astar,astar,True,6,13,0.35,5,0.2,13.2,9.1761,3.4302,0.9947,,0.6793,1.8,
partial,online_astar,astar,True,6,17,0.15,5,0,8.8,0.8367,6.791,0.3388,,0.3433,1,
partial,online_astar,astar,True,6,17,0.25,5,0.4,19.2,10.8028,7.5502,0.8916,,0.5516,3,
partial,online_astar,astar,True,6,17,0.35,5,0.6,24.6,14.519,7.7678,1.8149,,0.6208,3.8,
partial,online_astar,astar,True,6,21,0.15,5,0.4,30.4,11.2383,17.3183,1.5705,,0.5351,4.8,
partial,online_astar,astar,True,6,21,0.25,5,0.6,30.6,16.1648,15.8037,1.736,,0.5324,5,
partial,online_astar,astar,True,6,21,0.35,5,0.6,38.8,11.0091,17.1321,1.6183,,0.6449,6.2,
partial,online_astar,beam,False,2,11,0.15,5,0.2,9.6,6.7305,2.0863,0.4652,,0.3124,0,
partial,online_astar,beam,False,2,11,0.25,5,0.2,9.4,6.8775,2.1853,0.4677,,0.3157,0,
partial,online_astar,beam,False,2,11,0.35,4,0.5,17.5,7.188,2.5083,0.0971,,0.4814,0,
partial,online_astar,beam,False,2,13,0.15,5,0,8.2,4.4944,3.161,0.5446,,0.2083,0,
partial,online_astar,beam,False,2,13,0.25,5,0.6,18.8,11.3666,4.0022,0.9488,,0.3917,0,
partial,online_astar,beam,False,2,13,0.35,5,0.4,19.2,15.5788,4.6926,1.3992,,0.3633,0,
partial,online_astar,beam,False,2,17,0.15,5,0,9.4,2.0736,7.2872,0.9717,,0.1412,0,
partial,online_astar,beam,False,2,17,0.25,5,0.2,20.6,12.1161,9.8199,1.8159,,0.2595,0,
partial,online_astar,beam,False,2,17,0.35,5,0.2,25.6,17.6862,11.5921,4.663,,0.3142,0,
partial,online_astar,beam,False,2,21,0.15,5,0.2,27.6,10.9909,19.0791,1.529,,0.2227,0,
partial,online_astar,beam,False,2,21,0.25,5,0.6,35.8,18.7803,21.1623,5.3416,,0.2771,0,
partial,online_astar,beam,False,2,21,0.35,5,0.6,46.8,17.5556,24.6909,6.0633,,0.3469,0,
partial,online_astar,beam,False,4,11,0.15,5,0.2,9.2,5.8907,1.8988,0.4427,,0.519,0,
partial,online_astar,beam,False,4,11,0.25,5,0.2,9,6.0415,1.8337,0.2495,,0.5174,0,
partial,online_astar,beam,False,4,11,0.35,4,0.5,16.5,7.0,2.0983,0.0839,,0.6859,0,
partial,online_astar,beam,False,4,13,0.15,5,0,8.2,4.4944,3.0945,0.4235,,0.355,0,
partial,online_astar,beam,False,4,13,0.25,5,0.6,18,10.583,3.5762,1.0698,,0.5598,0,
partial,online_astar,beam,False,4,13,0.35,5,0.4,17.6,10.5262,3.999,0.9952,,0.5941,0,
partial,online_astar,beam,False,4,17,0.15,5,0,9.4,2.0736,7.1729,0.6526,,0.245,0,
partial,online_astar,beam,False,4,17,0.25,5,0.2,17.6,8.0187,8.4525,0.843,,0.4021,0,
partial,online_astar,beam,False,4,17,0.35,5,0.2,23.4,14.775,8.3872,1.9553,,0.4657,0,
partial,online_astar,beam,False,4,21,0.15,5,0.4,32.2,9.8843,18.474,1.7111,,0.4245,0,
partial,online_astar,beam,False,4,21,0.25,5,0.6,33,17.6494,19.207,3.6847,,0.4299,0,
partial,online_astar,beam,False,4,21,0.35,5,0.6,40.8,14.5671,19.5357,3.7933,,0.5079,0,
partial,online_astar,beam,False,6,11,0.15,5,0.2,9.2,5.8907,1.8361,0.4462,,0.7107,0,
partial,online_astar,beam,False,6,11,0.25,5,0.2,9,6.0415,1.6676,0.2327,,0.7174,0,
partial,online_astar,beam,False,6,11,0.35,4,0.5,15.5,8.544,2.104,1.0776,,0.812,0,
partial,online_astar,beam,False,6,13,0.15,5,0,8.2,4.4944,2.8572,0.6225,,0.516,0,
partial,online_astar,beam,False,6,13,0.25,5,0.4,14,10.0995,2.9034,0.6281,,0.6355,0,
partial,online_astar,beam,False,6,13,0.35,5,0.4,16.6,9.2358,3.245,0.8842,,0.7503,0,
partial,online_astar,beam,False,6,17,0.15,5,0,9.4,2.0736,6.8311,0.8181,,0.3613,0,
partial,online_astar,beam,False,6,17,0.25,5,0.4,20.4,10.6442,8.2098,0.601,,0.5744,0,
partial,online_astar,beam,False,6,17,0.35,5,0.2,22.2,13.1795,7.9029,1.2461,,0.5848,0,
partial,online_astar,beam,False,6,21,0.15,5,0.4,31.4,9.5026,18.7246,0.9783,,0.5515,0,
partial,online_astar,beam,False,6,21,0.25,5,0.6,31.8,17.3118,16.2284,2.4728,,0.5342,0,
partial,online_astar,beam,False,6,21,0.35,5,0.8,40.8,12.3369,16.8433,1.865,,0.6531,0,
partial,online_astar,beam,True,2,11,0.15,5,0.2,9.6,6.7305,2.1133,0.4738,,0.3124,1.2,
partial,online_astar,beam,True,2,11,0.25,5,0.2,9.4,6.8775,2.0285,0.4246,,0.3157,1.2,
partial,online_astar,beam,True,2,11,0.35,4,0.75,19.5,6.6081,2.408,0.1471,,0.5103,2.25,
partial,online_astar,beam,True,2,13,0.15,5,0,8.2,4.4385,3.2139,0.4168,,0.2083,1.2,
partial,online_astar,beam,True,2,13,0.25,5,0.6,18.4,10.9453,4.3795,1.2577,,0.3846,2.6,
partial,online_astar,beam,True,2,13,0.35,5,0.2,17.2,14.3073,4.3583,1.3171,,0.342,2.2,
partial,online_astar,beam,True,2,17,0.15,5,0,9.4,2.0736,7.2428,1.0883,,0.1412,1.2,
partial,online_astar,beam,True,2,17,0.25,5,0.2,20,11.9791,9.9785,1.7908,,0.2519,3.2,
partial,online_astar,beam,True,2,17,0.35,5,0.2,21.2,15.7226,9.4487,2.2826,,0.2719,3.4,
partial,online_astar,beam,True,2,21,0.15,5,0.4,33,10.2713,20.2989,1.5674,,0.2698,5.2,
partial,online_astar,beam,True,2,21,0.25,5,0.6,33.8,16.6343,19.8622,3.6459,,0.2698,5.4,
partial,online_astar,beam,True,2,21,0.35,5,0.6,43.6,12.8763,22.9008,5.0439,,0.3301,6.8,
partial,online_astar,beam,True,4,11,0.15,5,0.2,9.2,5.8907,2.0226,0.5814,,0.519,1.2,
partial,online_astar,beam,True,4,11,0.25,5,0.2,9,6.0415,1.831,0.2504,,0.5174,1.2,
partial,online_astar,beam,True,4,11,0.35,4,0.75,18.5,6.8069,2.1616,0.1545,,0.7169,2,
partial,online_astar,beam,True,4,13,0.15,5,0,8.2,4.4385,3.0892,0.454,,0.3538,1.2,
partial,online_astar,beam,True,4,13,0.25,5,0.6,17.2,9.859,3.1879,0.8128,,0.555,2.6,
partial,online_astar,beam,True,4,13,0.35,5,0.2,14,10.9087,3.4865,0.9409,,0.5101,1.8,
partial,online_astar,beam,True,4,17,0.15,5,0,9.4,2.0736,7.1489,0.6628,,0.245,1.2,
partial,online_astar,beam,True,4,17,0.25,5,0.4,20.2,9.8843,8.5116,0.8647,,0.4346,3.2,
partial,online_astar,beam,True,4,17,0.35,5,0.4,24.4,16.3034,8.906,1.9376,,0.4733,3.6,
partial,online_astar,beam,True,4,21,0.15,5,0.4,32,10.5357,18.5681,1.3775,,0.4277,5.2,
partial,online_astar,beam,True,4,21,0.25,5,0.6,31.4,16.1338,18.1842,2.8696,,0.414,5.2,
partial,online_astar,beam,True,4,21,0.35,5,0.6,40.8,14.5671,20.2913,3.5736,,0.5079,6.4,
partial,online_astar,beam,True,6,11,0.15,5,0.2,9.2,5.8907,1.8305,0.4524,,0.7107,1.2,
partial,online_astar,beam,True,6,11,0.25,5,0.2,9,6.0415,1.6668,0.1846,,0.7174,1.2,
partial,online_astar,beam,True,6,11,0.35,4,0.75,17,8.4853,1.6978,0.4028,,0.8368,2,
partial,online_astar,beam,True,6,13,0.15,5,0,8.2,4.4385,3.2411,1.1652,,0.5148,1.2,
partial,online_astar,beam,True,6,13,0.25,5,0.6,17.2,9.859,2.8308,0.611,,0.7006,2.6,
partial,online_astar,beam,True,6,13,0.35,5,0.2,13.2,9.1761,3.0762,0.8763,,0.6793,1.8,
partial,online_astar,beam,True,6,17,0.15,5,0,9.4,2.0736,6.9124,0.6496,,0.3613,1.2,
partial,online_astar,beam,True,6,17,0.25,5,0.4,20.2,9.8843,8.109,0.5695,,0.5765,3.2,
partial,online_astar,beam,True,6,17,0.35,5,0.4,22.6,14.0996,8.0184,1.8287,,0.6014,3.4,
partial,online_astar,beam,True,6,21,0.15,5,0.4,31,10.1735,18.1247,1.1867,,0.5501,5,
partial,online_astar,beam,True,6,21,0.25,5,0.6,30.6,16.1648,16.259,1.7476,,0.5324,5,
partial,online_astar,beam,True,6,21,0.35,5,0.6,38.8,11.0091,17.2971,1.3874,,0.6449,6.2,
partial,online_astar,greedy,False,2,11,0.15,5,0.4,12.2,7.4632,2.1775,0.4595,,0.3736,0,
partial,online_astar,greedy,False,2,11,0.25,5,0.6,15.6,10.4307,2.2363,0.5494,,0.443,0,
partial,online_astar,greedy,False,2,11,0.35,5,0.6,18.6,6.6933,2.512,0.2958,,0.5124,0,
partial,online_astar,greedy,False,2,13,0.15,5,0,8.2,4.4944,3.0656,0.4186,,0.2083,0,
partial,online_astar,greedy,False,2,13,0.25,5,0.2,15.8,9.094,3.8546,0.9599,,0.3526,0,
partial,online_astar,greedy,False,2,13,0.35,5,0.6,27.8,13.0269,5.3748,1.3326,,0.4994,0,
partial,online_astar,greedy,False,2,17,0.15,5,0.2,15.4,13.2401,7.8217,1.5355,,0.1979,0,
partial,online_astar,greedy,False,2,17,0.25,5,0.8,35.4,9.6333,11.5108,1.1843,,0.3993,0,
partial,online_astar,greedy,False,2,17,0.35,5,0.6,32.8,19.6265,10.4479,2.515,,0.382,0,
partial,online_astar,greedy,False,2,21,0.15,5,0.4,30,12.1655,18.9507,1.7579,,0.2377,0,
partial,online_astar,greedy,False,2,21,0.25,5,0.8,43.6,17.4299,21.8969,5.8921,,0.3302,0,
partial,online_astar,greedy,False,2,21,0.35,5,0.8,53.2,13.3866,23.8543,4.9131,,0.3882,0,
partial,online_astar,greedy,False,4,11,0.15,5,0.4,11.8,6.9065,2.0303,0.5076,,0.5851,0,
partial,online_astar,greedy,False,4,11,0.25,5,0.6,14.4,9.1542,1.9775,0.3439,,0.6331,0,
partial,online_astar,greedy,False,4,11,0.35,5,0.6,17,6.1644,2.1196,0.0577,,0.7273,0,
partial,online_astar,greedy,False,4,13,0.15,5,0,8.2,4.4944,2.9071,0.4798,,0.355,0,
partial,online_astar,greedy,False,4,13,0.25,5,0.2,15,8.3367,3.3702,0.7945,,0.5195,0,
partial,online_astar,greedy,False,4,13,0.35,5,0.8,23.6,9.5289,4.1913,0.8042,,0.7041,0,
partial,online_astar,greedy,False,4,17,0.15,5,0.2,14.6,11.4586,7.7435,1.1638,,0.3177,0,
partial,online_astar,greedy,False,4,17,0.25,5,1,36.6,7.2664,10.3497,1.7015,,0.6415,0,
partial,online_astar,greedy,False,4,17,0.35,5,0.6,28.8,15.9123,9.0212,1.6983,,0.5315,0,
partial,online_astar,greedy,False,4,21,0.15,5,0.6,34.4,9.9398,18.4183,1.1776,,0.4435,0,
partial,online_astar,greedy,False,4,21,0.25,5,0.8,40.4,15.225,20.3571,4.5058,,0.5025,0,
partial,online_astar,greedy,False,4,21,0.35,5,0.8,46.2,10.9179,20.0144,3.6538,,0.5615,0,
partial,online_astar,greedy,False,6,11,0.15,5,0.4,11.8,6.9065,1.9014,0.4428,,0.7537,0,
partial,online_astar,greedy,False,6,11,0.25,5,0.6,14,8.7178,2.1015,1.0427,,0.7785,0,
partial,online_astar,greedy,False,6,11,0.35,5,0.6,16.2,7.5631,1.8395,0.5526,,0.8496,0,
partial,online_astar,greedy,False,6,13,0.15,5,0,8.2,4.4944,2.9074,0.4401,,0.516,0,
partial,online_astar,greedy,False,6,13,0.25,5,0,11.2,6.4576,2.8272,0.646,,0.6024,0,
partial,online_astar,greedy,False,6,13,0.35,5,0.8,22,8.2462,3.4845,0.7652,,0.8355,0,
partial,online_astar,greedy,False,6,17,0.15,5,0.2,14.6,11.4586,7.4917,1.2191,,0.4374,0,
partial,online_astar,greedy,False,6,17,0.25,5,1,34.6,5.8992,9.1819,1.524,,0.7682,0,
partial,online_astar,greedy,False,6,17,0.35,5,0.6,27.6,14.758,9.2717,3.001,,0.6505,0,
partial,online_astar,greedy,False,6,21,0.15,5,0.6,33.6,9.7877,18.2631,1.4391,,0.5732,0,
partial,online_astar,greedy,False,6,21,0.25,5,0.8,39.2,14.3944,17.7307,2.7394,,0.615,0,
partial,online_astar,greedy,False,6,21,0.35,5,0.8,43.4,7.1274,16.8306,1.6609,,0.6998,0,
partial,online_astar,greedy,True,2,11,0.15,5,0.6,15,7.6485,2.4911,0.6702,,0.4331,2,
partial,online_astar,greedy,True,2,11,0.25,5,0.6,14,8.7178,2.1439,0.4018,,0.4231,2,
partial,online_astar,greedy,True,2,11,0.35,5,0.8,20.2,5.933,2.4981,0.1874,,0.5355,2.2,
partial,online_astar,greedy,True,2,13,0.15,5,0,8.2,4.4385,3.2814,0.4394,,0.2083,1.2,
partial,online_astar,greedy,True,2,13,0.25,5,0.2,15,8.8034,3.9812,1.0473,,0.3349,2,
partial,online_astar,greedy,True,2,13,0.35,5,0.8,39.6,23.975,6.9161,3.0791,,0.5929,5.4,
partial,online_astar,greedy,True,2,17,0.15,5,0,13.8,9.6799,7.8263,1.4615,,0.1889,2,
partial,online_astar,greedy,True,2,17,0.25,5,1,36.6,3.2863,11.5163,1.2483,,0.4152,6,
partial,online_astar,greedy,True,2,17,0.35,5,0.6,29.6,16.9352,10.3268,2.1895,,0.3543,4.6,
partial,online_astar,greedy,True,2,21,0.15,5,0.4,34.8,9.3915,20.684,2.1046,,0.2803,5.6,
partial,online_astar,greedy,True,2,21,0.25,5,0.8,42.4,17.3436,21.9415,5.5304,,0.332,6.8,
partial,online_astar,greedy,True,2,21,0.35,5,0.8,54.6,5.7271,25.5911,4.6564,,0.3964,8.8,
partial,online_astar,greedy,True,4,11,0.15,5,0.6,14.2,6.9065,2.1466,0.4481,,0.6446,2,
partial,online_astar,greedy,True,4,11,0.25,5,0.6,13.6,8.3546,1.9164,0.3306,,0.6198,2,
partial,online_astar,greedy,True,4,11,0.35,5,0.8,18.6,5.8992,2.0826,0.1461,,0.7521,1.8,
partial,online_astar,greedy,True,4,13,0.15,5,0,8.2,4.4385,2.985,0.4245,,0.3538,1.2,
partial,online_astar,greedy,True,4,13,0.25,5,0.2,13.8,8.167,3.114,0.7674,,0.5053,2,
partial,online_astar,greedy,True,4,13,0.35,5,0.8,28.4,12.8374,4.5256,0.9804,,0.7207,4,
partial,online_astar,greedy,True,4,17,0.15,5,0.2,15,12.3491,7.8499,1.2324,,0.319,2.2,
partial,online_astar,greedy,True,4,17,0.25,5,1,31.8,1.0954,9.1242,0.3185,,0.6028,5,
partial,online_astar,greedy,True,4,17,0.35,5,0.6,27.6,15.3558,9.1767,1.6127,,0.5149,4.2,
partial,online_astar,greedy,True,4,21,0.15,5,0.4,33.6,9.6333,18.7785,1.151,,0.4381,5.6,
partial,online_astar,greedy,True,4,21,0.25,5,0.8,39.6,15.4208,18.9336,3.563,,0.4984,6.6,
partial,online_astar,greedy,True,4,21,0.35,5,0.8,48.2,8.0747,21.8559,4.4644,,0.5674,7.6,
partial,online_astar,greedy,True,6,11,0.15,5,0.6,14.2,6.9065,2.0619,0.4497,,0.7934,2,
partial,online_astar,greedy,True,6,11,0.25,5,0.6,13.2,7.9498,1.6871,0.2194,,0.7736,2,
partial,online_astar,greedy,True,6,11,0.35,5,0.8,17.4,7.4027,1.6595,0.3415,,0.8694,1.8,
partial,online_astar,greedy,True,6,13,0.15,5,0,8.2,4.4385,2.8144,0.4416,,0.5148,1.2,
partial,online_astar,greedy,True,6,13,0.25,5,0.2,13.8,8.167,2.7947,0.5996,,0.6615,2,
partial,online_astar,greedy,True,6,13,0.35,5,0.8,32.8,25.1038,4.6947,2.4922,,0.8615,4.6,
partial,online_astar,greedy,True,6,17,0.15,5,0.2,15,12.3491,7.5072,1.1503,,0.4388,2.2,
partial,online_astar,greedy,True,6,17,0.25,5,1,31.8,1.0954,8.6048,0.2945,,0.7481,5,
partial,online_astar,greedy,True,6,17,0.35,5,0.8,30,11.5326,8.4923,1.0761,,0.7149,4.6,
partial,online_astar,greedy,True,6,21,0.15,5,0.4,33,9.1378,17.989,1.5919,,0.5692,5.4,
partial,online_astar,greedy,True,6,21,0.25,5,0.8,38.8,14.7037,17.2807,2.1663,,0.6227,6.4,
partial,online_astar,greedy,True,6,21,0.35,5,0.6,41.2,9.0664,17.8871,2.4228,,0.6698,6.6,
partial,online_astar,random,False,2,11,0.15,5,0.4,12.8,6.8702,2.3464,0.3554,,0.395,0,
partial,online_astar,random,False,2,11,0.25,5,0.6,16.8,8.8994,2.4726,0.375,,0.4777,0,
partial,online_astar,random,False,2,11,0.35,5,1,24.6,5.5498,2.8899,0.6558,,0.6215,0,
partial,online_astar,random,False,2,13,0.15,5,0.8,22.4,6.7676,4.4037,0.3049,,0.4308,0,
partial,online_astar,random,False,2,13,0.25,5,0.8,22.6,7.9246,4.2965,0.5874,,0.4698,0,
partial,online_astar,random,False,2,13,0.35,5,0.6,28.8,12.2147,5.7042,1.0667,,0.5089,0,
partial,online_astar,random,False,2,17,0.15,5,1,34.2,3.0332,9.6089,0.6087,,0.3779,0,
partial,online_astar,random,False,2,17,0.25,5,1,45.4,13.5204,13.6119,3.8977,,0.4651,0,
partial,online_astar,random,False,2,17,0.35,5,0.8,43.2,7.3621,11.6348,1.6135,,0.4969,0,
partial,online_astar,random,False,2,21,0.15,5,1,44.2,3.6332,20.9367,2.2947,,0.3302,0,
partial,online_astar,random,False,2,21,0.25,5,1,50.2,5.7619,23.4735,4.8149,,0.3737,0,
partial,online_astar,random,False,2,21,0.35,5,0.8,48.6,15.6461,25.0198,6.1014,,0.3673,0,
partial,online_astar,random,False,4,11,0.15,5,0.4,12.4,6.3087,2.0881,0.3836,,0.6083,0,
partial,online_astar,random,False,4,11,0.25,5,0.6,15.6,7.6026,2.163,0.1623,,0.6744,0,
partial,online_astar,random,False,4,11,0.35,5,1,22.2,3.6332,2.3882,0.5362,,0.8264,0,
partial,online_astar,random,False,4,13,0.15,5,0.6,18.2,6.6106,3.9124,0.3146,,0.5716,0,
partial,online_astar,random,False,4,13,0.25,5,0.8,21.8,7.2938,3.6894,0.5634,,0.658,0,
partial,online_astar,random,False,4,13,0.35,5,0.8,24,8.7178,4.2706,0.6145,,0.7136,0,
partial,online_astar,random,False,4,17,0.15,5,1,33.4,1.6733,9.172,0.5743,,0.555,0,
partial,online_astar,random,False,4,17,0.25,5,1,36.6,7.2664,10.4037,1.6596,,0.6415,0,
partial,online_astar,random,False,4,17,0.35,5,1,39.8,4.6043,10.2705,1.6885,,0.6685,0,
partial,online_astar,random,False,4,21,0.15,5,1,41.4,1.6733,18.9921,0.3475,,0.5007,0,
partial,online_astar,random,False,4,21,0.25,5,1,46.2,4.1473,20.4495,3.3364,,0.5596,0,
partial,online_astar,random,False,4,21,0.35,5,0.8,42.4,13.1072,19.6437,3.9185,,0.5279,0,
partial,online_astar,random,False,6,11,0.15,5,0.4,12.4,6.3087,1.999,0.3759,,0.7719,0,
partial,online_astar,random,False,6,11,0.25,5,0.6,15.2,7.1554,1.9752,0.3397,,0.8165,0,
partial,online_astar,random,False,6,11,0.35,5,1,20.2,2.6833,2.0565,0.1977,,0.9405,0,
partial,online_astar,random,False,6,13,0.15,5,0.6,18.2,6.6106,3.533,0.4226,,0.7231,0,
partial,online_astar,random,False,6,13,0.25,5,0.8,23,8.7178,3.9198,1.0511,,0.8107,0,
partial,online_astar,random,False,6,13,0.35,5,0.8,22.4,7.4027,3.674,0.6405,,0.8438,0,
partial,online_astar,random,False,6,17,0.15,5,1,33.4,1.6733,9.3822,0.2765,,0.6962,0,
partial,online_astar,random,False,6,17,0.25,5,1,34.6,5.8992,8.8948,1.0483,,0.7682,0,
partial,online_astar,random,False,6,17,0.35,5,1,38.6,4.3359,9.0271,1.2393,,0.7855,0,
partial,online_astar,random,False,6,21,0.15,5,1,40.6,0.8944,19.7629,2.0803,,0.6349,0,
partial,online_astar,random,False,6,21,0.25,5,1,44.6,3.5777,17.9684,1.3536,,0.6753,0,
partial,online_astar,random,False,6,21,0.35,5,0.8,40,9.434,16.4872,1.8896,,0.6599,0,
partial,online_astar,random,True,2,11,0.15,5,0.8,18,6.8557,2.5327,0.4328,,0.4909,2.8,
partial,online_astar,random,True,2,11,0.25,5,0.8,23.8,12.2963,2.9405,1.0882,,0.5686,3.6,
partial,online_astar,random,True,2,11,0.35,5,1,34.6,14.8593,4.1403,1.909,,0.6744,4.2,
partial,online_astar,random,True,2,13,0.15,5,1,24.6,3.5777,4.2513,0.3728,,0.4604,4.2,
partial,online_astar,random,True,2,13,0.25,5,0.8,24.6,10.2372,4.8528,1.2457,,0.497,3.8,
partial,online_astar,random,True,2,13,0.35,5,0.8,31.4,10.8995,5.6206,0.3466,,0.5716,4.8,
partial,online_astar,random,True,2,17,0.15,5,0.2,20.2,10.1094,9.1244,0.4741,,0.2519,2.8,
partial,online_astar,random,True,2,17,0.25,5,0.8,33,10.6771,10.7903,1.1698,,0.3827,5.2,
partial,online_astar,random,True,2,17,0.35,5,1,46.6,8.2946,12.4528,2.8954,,0.5004,7.4,
partial,online_astar,random,True,2,21,0.15,5,1,44.2,3.6332,20.9071,2.3577,,0.3302,7,
partial,online_astar,random,True,2,21,0.25,5,1,51,7.0711,23.6901,4.8339,,0.3805,8.4,
partial,online_astar,random,True,2,21,0.35,5,0.8,48,13.3417,23.9811,5.0738,,0.3478,7.4,
partial,online_astar,random,True,4,11,0.15,5,0.8,17.6,6.6933,2.3384,0.3648,,0.7008,2.8,
partial,online_astar,random,True,4,11,0.25,5,0.8,22.6,8.1731,2.6665,0.8501,,0.7967,3.6,
partial,online_astar,random,True,4,11,0.35,5,1,29,11.9164,3.4507,1.9512,,0.8545,3.4,
partial,online_astar,random,True,4,13,0.15,5,1,23.8,1.7889,4.4377,1.0614,,0.6663,4,
partial,online_astar,random,True,4,13,0.25,5,0.8,21,6.9282,3.6534,0.4064,,0.6639,3,
partial,online_astar,random,True,4,13,0.35,5,1,29.4,5.7271,4.5458,0.6637,,0.8142,4.8,
partial,online_astar,random,True,4,17,0.15,5,0.4,23.6,11.887,8.9826,0.6941,,0.4284,3.4,
partial,online_astar,random,True,4,17,0.25,5,0.8,29.8,8.5557,9.1818,0.8563,,0.5682,4.4,
partial,online_astar,random,True,4,17,0.35,5,0.8,36.2,11.0091,9.9488,0.9697,,0.6145,6,
partial,online_astar,random,True,4,21,0.15,5,1,41.4,1.6733,19.4444,1.2566,,0.5007,6.8,
partial,online_astar,random,True,4,21,0.25,5,1,46.2,5.4037,20.8047,3.8914,,0.5705,7.6,
partial,online_astar,random,True,4,21,0.35,5,1,46.6,8.1731,20.1527,3.877,,0.5474,7.2,
partial,online_astar,random,True,6,11,0.15,5,0.8,17.2,6.4962,2.227,0.3816,,0.838,2.8,
partial,online_astar,random,True,6,11,0.25,5,0.8,21,7.3485,2.2824,0.7696,,0.9256,3.2,
partial,online_astar,random,True,6,11,0.35,5,1,25,10.3923,2.4059,1.107,,0.9488,3.6,
partial,online_astar,random,True,6,13,0.15,5,1,23.8,1.7889,3.7465,0.1371,,0.8201,4,
partial,online_astar,random,True,6,13,0.25,5,0.8,20.2,6.261,3.3242,0.4558,,0.8094,3.2,
partial,online_astar,random,True,6,13,0.35,5,1,27.4,4.98,3.8783,0.6389,,0.9278,4.6,
partial,online_astar,random,True,6,17,0.15,5,0.4,23.6,11.887,8.4299,0.808,,0.5578,3.4,
partial,online_astar,random,True,6,17,0.25,5,0.8,29.4,8.1731,8.926,1.2125,,0.7149,4.4,
partial,online_astar,random,True,6,17,0.35,5,0.6,29.2,13.6088,8.3592,1.1005,,0.6644,4.8,
partial,online_astar,random,True,6,21,0.15,5,1,40.6,0.8944,18.639,0.5596,,0.6349,6.8,
partial,online_astar,random,True,6,21,0.25,5,1,45,4.899,18.3807,2.0688,,0.6798,7.4,
partial,online_astar,random,True,6,21,0.35,5,1,44.2,3.0332,17.0865,1.4564,,0.6735,6.8,
partial,online_lrta,astar,False,2,11,0.15,5,0.2,9.6,6.6558,0.0572,0.027,,0.2942,0,
partial,online_lrta,astar,False,2,11,0.25,5,0.2,9.4,6.8775,0.0539,0.0259,,0.3107,0,
partial,online_lrta,astar,False,2,11,0.35,4,0.5,17,10.0995,0.0936,0.0474,,0.4318,0,
partial,online_lrta,astar,False,2,13,0.15,5,0,8.4,4.5056,0.0585,0.0204,,0.2047,0,
partial,online_lrta,astar,False,2,13,0.25,5,0.2,12.2,8.5849,0.0775,0.0442,,0.2509,0,
partial,online_lrta,astar,False,2,13,0.35,5,0.2,17.4,16.7869,0.0939,0.0688,,0.3148,0,
partial,online_lrta,astar,False,2,17,0.15,5,0,9.2,1.3038,0.068,0.0224,,0.128,0,
partial,online_lrta,astar,False,2,17,0.25,5,0.2,21,14.4568,0.125,0.0772,,0.2526,0,
partial,online_lrta,astar,False,2,17,0.35,5,0.2,24.2,18.8997,0.1478,0.1054,,0.2775,0,
partial,online_lrta,astar,False,2,21,0.15,5,0.4,33.6,13.2778,0.2067,0.0797,,0.2612,0,
partial,online_lrta,astar,False,2,21,0.25,5,0.4,29.8,16.3463,0.1829,0.0944,,0.2199,0,
partial,online_lrta,astar,False,2,21,0.35,5,0.6,47.2,24.3762,0.2699,0.1327,,0.3156,0,
partial,online_lrta,astar,False,4,11,0.15,5,0.2,9.6,6.6558,0.0586,0.0287,,0.4893,0,
partial,online_lrta,astar,False,4,11,0.25,5,0.2,9.4,6.8775,0.0556,0.0286,,0.5058,0,
partial,online_lrta,astar,False,4,11,0.35,4,0.5,17,10.0995,0.097,0.0436,,0.6281,0,
partial,online_lrta,astar,False,4,13,0.15,5,0,8.4,4.5056,0.0615,0.021,,0.3479,0,
partial,online_lrta,astar,False,4,13,0.25,5,0.2,12.2,8.5849,0.0776,0.0484,,0.4106,0,
partial,online_lrta,astar,False,4,13,0.35,5,0.2,17.4,16.7869,0.1025,0.0665,,0.4817,0,
partial,online_lrta,astar,False,4,17,0.15,5,0,9.2,1.3038,0.0669,0.0165,,0.2242,0,
partial,online_lrta,astar,False,4,17,0.25,5,0.2,21,14.4568,0.1412,0.1121,,0.3993,0,
partial,online_lrta,astar,False,4,17,0.35,5,0.2,24.2,18.8997,0.1392,0.0976,,0.4242,0,
partial,online_lrta,astar,False,4,21,0.15,5,0.4,33.6,13.2778,0.216,0.0906,,0.4086,0,
partial,online_lrta,astar,False,4,21,0.25,5,0.4,29.8,16.3463,0.1796,0.09,,0.3388,0,
partial,online_lrta,astar,False,4,21,0.35,5,0.6,47.2,24.3762,0.231,0.0845,,0.464,0,
partial,online_lrta,astar,False,6,11,0.15,5,0.2,9.6,6.6558,0.0623,0.0357,,0.6827,0,
partial,online_lrta,astar,False,6,11,0.25,5,0.2,9.4,6.8775,0.0616,0.0294,,0.7074,0,
partial,online_lrta,astar,False,6,11,0.35,4,0.5,17,10.0995,0.0985,0.0511,,0.7913,0,
partial,online_lrta,astar,False,6,13,0.15,5,0,8.4,4.5056,0.0575,0.0266,,0.5065,0,
partial,online_lrta,astar,False,6,13,0.25,5,0.2,12.2,8.5849,0.0748,0.05,,0.5775,0,
partial,online_lrta,astar,False,6,13,0.35,5,0.2,17.4,16.7869,0.0977,0.0695,,0.6426,0,
partial,online_lrta,astar,False,6,17,0.15,5,0,9.2,1.3038,0.0624,0.0066,,0.3342,0,
partial,online_lrta,astar,False,6,17,0.25,5,0.2,21,14.4568,0.1245,0.0728,,0.528,0,
partial,online_lrta,astar,False,6,17,0.35,5,0.2,24.2,18.8997,0.1509,0.1094,,0.5502,0,
partial,online_lrta,astar,False,6,21,0.15,5,0.4,33.6,13.2778,0.218,0.0885,,0.5333,0,
partial,online_lrta,astar,False,6,21,0.25,5,0.4,29.8,16.3463,0.1856,0.0942,,0.4399,0,
partial,online_lrta,astar,False,6,21,0.35,5,0.6,47.2,24.3762,0.2434,0.1003,,0.5891,0,
partial,online_lrta,astar,True,2,11,0.15,5,0.2,9.6,6.6558,0.0613,0.0312,,0.2942,1.2,
partial,online_lrta,astar,True,2,11,0.25,5,0.2,9.4,6.8775,0.0568,0.0316,,0.3107,1.2,
partial,online_lrta,astar,True,2,11,0.35,4,0.75,19.5,9.1469,0.1168,0.0488,,0.469,2.25,
partial,online_lrta,astar,True,2,13,0.15,5,0,8.2,4.4385,0.0628,0.0255,,0.2071,1.2,
partial,online_lrta,astar,True,2,13,0.25,5,0.4,15.4,10.7378,0.1026,0.0621,,0.3195,2,
partial,online_lrta,astar,True,2,13,0.35,5,0.2,17.6,13.5757,0.1018,0.0587,,0.342,2.2,
partial,online_lrta,astar,True,2,17,0.15,5,0,9.2,1.3038,0.0616,0.0094,,0.128,1.2,
partial,online_lrta,astar,True,2,17,0.25,5,0.2,20.2,14.3597,0.1235,0.0809,,0.245,3,
partial,online_lrta,astar,True,2,17,0.35,5,0.2,29.6,21.8358,0.1851,0.1221,,0.3093,4.6,
partial,online_lrta,astar,True,2,21,0.15,5,0.4,32.2,12.9885,0.223,0.0916,,0.2544,5.2,
partial,online_lrta,astar,True,2,21,0.25,5,0.2,30.2,13.3116,0.1968,0.0815,,0.2267,4.8,
partial,online_lrta,astar,True,2,21,0.35,5,0.6,46.8,23.6897,0.2843,0.1235,,0.3152,7.4,
partial,online_lrta,astar,True,4,11,0.15,5,0.2,9.6,6.6558,0.0616,0.0316,,0.4893,1.2,
partial,online_lrta,astar,True,4,11,0.25,5,0.2,9.4,6.8775,0.0659,0.0512,,0.5058,1.2,
partial,online_lrta,astar,True,4,11,0.35,4,0.75,19.5,9.1469,0.1224,0.0488,,0.6715,2.25,
partial,online_lrta,astar,True,4,13,0.15,5,0,8.2,4.4385,0.0618,0.0316,,0.3527,1.2,
partial,online_lrta,astar,True,4,13,0.25,5,0.4,15.4,10.7378,0.1014,0.0639,,0.4816,2,
partial,online_lrta,astar,True,4,13,0.35,5,0.2,17.6,13.5757,0.1039,0.0643,,0.516,2.2,
partial,online_lrta,astar,True,4,17,0.15,5,0,9.2,1.3038,0.07,0.016,,0.2242,1.2,
partial,online_lrta,astar,True,4,17,0.25,5,0.2,20.2,14.3597,0.1249,0.0784,,0.3917,3,
partial,online_lrta,astar,True,4,17,0.35,5,0.2,29.6,21.8358,0.1822,0.1223,,0.4657,4.6,
partial,online_lrta,astar,True,4,21,0.15,5,0.4,32.2,12.9885,0.2241,0.0881,,0.3982,5.2,
partial,online_lrta,astar,True,4,21,0.25,5,0.2,30.2,13.3116,0.1985,0.0847,,0.356,4.8,
partial,online_lrta,astar,True,4,21,0.35,5,0.6,46.8,23.6897,0.2642,0.111,,0.464,7.4,
partial,online_lrta,astar,True,6,11,0.15,5,0.2,9.6,6.6558,0.0627,0.0345,,0.6827,1.2,
partial,online_lrta,astar,True,6,11,0.25,5,0.2,9.4,6.8775,0.0705,0.0387,,0.7074,1.2,
partial,online_lrta,astar,True,6,11,0.35,4,0.75,19.5,9.1469,0.1174,0.0541,,0.8285,2.25,
partial,online_lrta,astar,True,6,13,0.15,5,0,8.2,4.4385,0.069,0.0426,,0.5136,1.2,
partial,online_lrta,astar,True,6,13,0.25,5,0.4,15.4,10.7378,0.1095,0.0755,,0.6296,2,
partial,online_lrta,astar,True,6,13,0.35,5,0.2,17.6,13.5757,0.1112,0.0643,,0.6769,2.2,
partial,online_lrta,astar,True,6,17,0.15,5,0,9.2,1.3038,0.0639,0.0077,,0.3342,1.2,
partial,online_lrta,astar,True,6,17,0.25,5,0.2,20.2,14.3597,0.1412,0.0979,,0.5225,3,
partial,online_lrta,astar,True,6,17,0.35,5,0.2,29.6,21.8358,0.182,0.1248,,0.6,4.6,
partial,online_lrta,astar,True,6,21,0.15,5,0.4,32.2,12.9885,0.2236,0.0801,,0.5202,5.2,
partial,online_lrta,astar,True,6,21,0.25,5,0.2,30.2,13.3116,0.2017,0.0938,,0.4626,4.8,
partial,online_lrta,astar,True,6,21,0.35,5,0.6,46.8,23.6897,0.2822,0.1261,,0.5891,7.4,
partial,online_lrta,beam,False,2,11,0.15,5,0.2,10.2,6.7231,0.0643,0.0315,,0.3157,0,
partial,online_lrta,beam,False,2,11,0.25,5,0.2,9.6,6.9138,0.0582,0.0252,,0.3157,0,
partial,online_lrta,beam,False,2,11,0.35,4,0.5,17.25,9.9457,0.0972,0.047,,0.438,0,
partial,online_lrta,beam,False,2,13,0.15,5,0,8.4,4.5056,0.0596,0.0243,,0.2047,0,
partial,online_lrta,beam,False,2,13,0.25,5,0.2,12.2,8.5849,0.0786,0.0457,,0.2509,0,
partial,online_lrta,beam,False,2,13,0.35,5,0.2,18.6,16.6973,0.102,0.0699,,0.3361,0,
partial,online_lrta,beam,False,2,17,0.15,5,0,9.8,2.49,0.0679,0.0135,,0.1356,0,
partial,online_lrta,beam,False,2,17,0.25,5,0.2,22.2,13.6821,0.1355,0.0734,,0.2664,0,
partial,online_lrta,beam,False,2,17,0.35,5,0.2,27.4,19.4499,0.169,0.1251,,0.2982,0,
partial,online_lrta,beam,False,2,21,0.15,5,0.4,35.4,11.2827,0.2178,0.0729,,0.2676,0,
partial,online_lrta,beam,False,2,21,0.25,5,0.4,35,15.3786,0.2147,0.0893,,0.2648,0,
partial,online_lrta,beam,False,2,21,0.35,5,0.6,47.2,24.3762,0.2546,0.1299,,0.3156,0,
partial,online_lrta,beam,False,4,11,0.15,5,0.2,10.2,6.7231,0.0676,0.0325,,0.5207,0,
partial,online_lrta,beam,False,4,11,0.25,5,0.2,9.6,6.9138,0.0578,0.0278,,0.5141,0,
partial,online_lrta,beam,False,4,11,0.35,4,0.5,17.25,9.9457,0.1084,0.0345,,0.6343,0,
partial,online_lrta,beam,False,4,13,0.15,5,0,8.4,4.5056,0.059,0.0241,,0.3479,0,
partial,online_lrta,beam,False,4,13,0.25,5,0.2,12.2,8.5849,0.0769,0.0507,,0.4106,0,
partial,online_lrta,beam,False,4,13,0.35,5,0.2,18.6,16.6973,0.1174,0.0642,,0.5101,0,
partial,online_lrta,beam,False,4,17,0.15,5,0,9.8,2.49,0.0701,0.022,,0.236,0,
partial,online_lrta,beam,False,4,17,0.25,5,0.2,22.2,13.6821,0.137,0.0758,,0.4201,0,
partial,online_lrta,beam,False,4,17,0.35,5,0.2,27.4,19.4499,0.1628,0.1049,,0.4498,0,
partial,online_lrta,beam,False,4,21,0.15,5,0.4,35.4,11.2827,0.2298,0.0657,,0.4168,0,
partial,online_lrta,beam,False,4,21,0.25,5,0.4,35,15.3786,0.2142,0.0873,,0.4091,0,
partial,online_lrta,beam,False,4,21,0.35,5,0.6,47.2,24.3762,0.2253,0.079,,0.464,0,
partial,online_lrta,beam,False,6,11,0.15,5,0.2,10.2,6.7231,0.066,0.0341,,0.7108,0,
partial,online_lrta,beam,False,6,11,0.25,5,0.2,9.6,6.9138,0.0588,0.0296,,0.7157,0,
partial,online_lrta,beam,False,6,11,0.35,4,0.5,17.25,9.9457,0.11,0.0571,,0.7955,0,
partial,online_lrta,beam,False,6,13,0.15,5,0,8.4,4.5056,0.0577,0.0262,,0.5065,0,
partial,online_lrta,beam,False,6,13,0.25,5,0.2,12.2,8.5849,0.0811,0.0519,,0.5775,0,
partial,online_lrta,beam,False,6,13,0.35,5,0.2,18.6,16.6973,0.1059,0.0729,,0.671,0,
partial,online_lrta,beam,False,6,17,0.15,5,0,9.8,2.49,0.0759,0.0257,,0.3502,0,
partial,online_lrta,beam,False,6,17,0.25,5,0.2,22.2,13.6821,0.1588,0.1116,,0.5557,0,
partial,online_lrta,beam,False,6,17,0.35,5,0.2,27.4,19.4499,0.1865,0.1326,,0.5758,0,
partial,online_lrta,beam,False,6,21,0.15,5,0.4,35.4,11.2827,0.2293,0.0825,,0.5429,0,
partial,online_lrta,beam,False,6,21,0.25,5,0.4,35,15.3786,0.2228,0.0962,,0.5292,0,
partial,online_lrta,beam,False,6,21,0.35,5,0.6,47.2,24.3762,0.2535,0.1017,,0.5891,0,
partial,online_lrta,beam,True,2,11,0.15,5,0.2,10.2,6.7231,0.065,0.033,,0.3157,1.4,
partial,online_lrta,beam,True,2,11,0.25,5,0.2,9.6,6.9138,0.0591,0.0327,,0.3157,1.4,
partial,online_lrta,beam,True,2,11,0.35,4,0.75,19.5,9.1469,0.1164,0.0482,,0.469,2.25,
partial,online_lrta,beam,True,2,13,0.15,5,0,8.2,4.4385,0.0604,0.0345,,0.2071,1.2,
partial,online_lrta,beam,True,2,13,0.25,5,0.4,15.4,10.7378,0.1061,0.0762,,0.3195,2,
partial,online_lrta,beam,True,2,13,0.35,5,0.2,16,13.2476,0.0934,0.0549,,0.3136,2,
partial,online_lrta,beam,True,2,17,0.15,5,0,9.8,2.49,0.0668,0.0175,,0.1356,1.2,
partial,online_lrta,beam,True,2,17,0.25,5,0.2,21.6,13.5019,0.1337,0.0784,,0.2609,3.4,
partial,online_lrta,beam,True,2,17,0.35,5,0.2,26.2,21.5221,0.1605,0.1196,,0.2809,4,
partial,online_lrta,beam,True,2,21,0.15,5,0.4,33.6,11.6103,0.255,0.0839,,0.2649,5.4,
partial,online_lrta,beam,True,2,21,0.25,5,0.2,32.2,12.7945,0.2109,0.0831,,0.2422,5.2,
partial,online_lrta,beam,True,2,21,0.35,5,0.6,46.8,23.6897,0.261,0.1041,,0.3152,7.4,
partial,online_lrta,beam,True,4,11,0.15,5,0.2,10.2,6.7231,0.0681,0.0352,,0.5207,1.4,
partial,online_lrta,beam,True,4,11,0.25,5,0.2,9.6,6.9138,0.0606,0.0345,,0.5141,1.4,
partial,online_lrta,beam,True,4,11,0.35,4,0.75,19.5,9.1469,0.1188,0.0498,,0.6715,2.25,
partial,online_lrta,beam,True,4,13,0.15,5,0,8.2,4.4385,0.0596,0.0279,,0.3527,1.2,
partial,online_lrta,beam,True,4,13,0.25,5,0.4,15.4,10.7378,0.0992,0.0685,,0.4816,2,
partial,online_lrta,beam,True,4,13,0.35,5,0.2,16,13.2476,0.0964,0.0616,,0.4828,2,
partial,online_lrta,beam,True,4,17,0.15,5,0,9.8,2.49,0.0686,0.0178,,0.236,1.2,
partial,online_lrta,beam,True,4,17,0.25,5,0.2,21.6,13.5019,0.1372,0.0763,,0.4159,3.4,
partial,online_lrta,beam,True,4,17,0.35,5,0.2,26.2,21.5221,0.1766,0.1509,,0.4339,4,
partial,online_lrta,beam,True,4,21,0.15,5,0.4,33.6,11.6103,0.2291,0.0787,,0.415,5.4,
partial,online_lrta,beam,True,4,21,0.25,5,0.2,32.2,12.7945,0.2099,0.0829,,0.3796,5.2,
partial,online_lrta,beam,True,4,21,0.35,5,0.6,46.8,23.6897,0.274,0.1152,,0.464,7.4,
partial,online_lrta,beam,True,6,11,0.15,5,0.2,10.2,6.7231,0.0673,0.0333,,0.7108,1.4,
partial,online_lrta,beam,True,6,11,0.25,5,0.2,9.6,6.9138,0.0695,0.04,,0.7157,1.4,
partial,online_lrta,beam,True,6,11,0.35,4,0.75,19.5,9.1469,0.1373,0.0733,,0.8285,2.25,
partial,online_lrta,beam,True,6,13,0.15,5,0,8.2,4.4385,0.0614,0.0248,,0.5136,1.2,
partial,online_lrta,beam,True,6,13,0.25,5,0.4,15.4,10.7378,0.1051,0.0691,,0.6296,2,
partial,online_lrta,beam,True,6,13,0.35,5,0.2,16,13.2476,0.1075,0.0594,,0.6473,2,
partial,online_lrta,beam,True,6,17,0.15,5,0,9.8,2.49,0.1006,0.0871,,0.3502,1.2,
partial,online_lrta,beam,True,6,17,0.25,5,0.2,21.6,13.5019,0.1624,0.0959,,0.5543,3.4,
partial,online_lrta,beam,True,6,17,0.35,5,0.2,26.2,21.5221,0.1607,0.1171,,0.5702,4,
partial,online_lrta,beam,True,6,21,0.15,5,0.4,33.6,11.6103,0.2776,0.1348,,0.5415,5.4,
partial,online_lrta,beam,True,6,21,0.25,5,0.2,32.2,12.7945,0.2231,0.0885,,0.4929,5.2,
partial,online_lrta,beam,True,6,21,0.35,5,0.6,46.8,23.6897,0.2856,0.1262,,0.5891,7.4,
partial,online_lrta,greedy,False,2,11,0.15,5,0.4,13,7.8422,0.0671,0.0362,,0.3785,0,
partial,online_lrta,greedy,False,2,11,0.25,5,0.6,23.2,24.7831,0.1123,0.1111,,0.4843,0,
partial,online_lrta,greedy,False,2,11,0.35,5,0.6,19.8,7.6942,0.0951,0.0286,,0.5058,0,
partial,online_lrta,greedy,False,2,13,0.15,5,0,8.4,4.5056,0.051,0.0182,,0.2047,0,
partial,online_lrta,greedy,False,2,13,0.25,5,0,14.8,8.5849,0.0761,0.0355,,0.2864,0,
partial,online_lrta,greedy,False,2,13,0.35,5,0.6,29,14.3353,0.1404,0.0613,,0.4734,0,
partial,online_lrta,greedy,False,2,17,0.15,5,0.2,16.2,13.9893,0.0845,0.0669,,0.1986,0,
partial,online_lrta,greedy,False,2,17,0.25,5,0.8,46.8,18.8202,0.217,0.0761,,0.4305,0,
partial,online_lrta,greedy,False,2,17,0.35,5,0.4,37.8,26.414,0.1837,0.1238,,0.3599,0,
partial,online_lrta,greedy,False,2,21,0.15,5,0.6,39.2,9.9599,0.1819,0.0507,,0.2916,0,
partial,online_lrta,greedy,False,2,21,0.25,5,0.8,48.8,21.0761,0.2379,0.0962,,0.3388,0,
partial,online_lrta,greedy,False,2,21,0.35,5,0.6,51.6,19.7687,0.2378,0.0895,,0.3465,0,
partial,online_lrta,greedy,False,4,11,0.15,5,0.4,13,7.8422,0.0723,0.0388,,0.5868,0,
partial,online_lrta,greedy,False,4,11,0.25,5,0.6,23.2,24.7831,0.1113,0.1043,,0.6612,0,
partial,online_lrta,greedy,False,4,11,0.35,5,0.6,19.8,7.6942,0.1002,0.0279,,0.7322,0,
partial,online_lrta,greedy,False,4,13,0.15,5,0,8.4,4.5056,0.0482,0.0192,,0.3479,0,
partial,online_lrta,greedy,False,4,13,0.25,5,0,14.8,8.5849,0.0821,0.0456,,0.4663,0,
partial,online_lrta,greedy,False,4,13,0.35,5,0.6,29,14.3353,0.1568,0.0822,,0.6816,0,
partial,online_lrta,greedy,False,4,17,0.15,5,0.2,16.2,13.9893,0.089,0.076,,0.3184,0,
partial,online_lrta,greedy,False,4,17,0.25,5,0.8,46.8,18.8202,0.2274,0.0874,,0.6215,0,
partial,online_lrta,greedy,False,4,17,0.35,5,0.4,37.8,26.414,0.1818,0.1165,,0.5232,0,
partial,online_lrta,greedy,False,4,21,0.15,5,0.6,39.2,9.9599,0.1928,0.046,,0.4481,0,
partial,online_lrta,greedy,False,4,21,0.25,5,0.8,48.8,21.0761,0.252,0.0985,,0.5061,0,
partial,online_lrta,greedy,False,4,21,0.35,5,0.6,51.6,19.7687,0.2472,0.0983,,0.5125,0,
partial,online_lrta,greedy,False,6,11,0.15,5,0.4,13,7.8422,0.0737,0.0414,,0.7537,0,
partial,online_lrta,greedy,False,6,11,0.25,5,0.6,23.2,24.7831,0.114,0.1071,,0.7868,0,
partial,online_lrta,greedy,False,6,11,0.35,5,0.6,19.8,7.6942,0.0994,0.0354,,0.8843,0,
partial,online_lrta,greedy,False,6,13,0.15,5,0,8.4,4.5056,0.0515,0.0196,,0.5065,0,
partial,online_lrta,greedy,False,6,13,0.25,5,0,14.8,8.5849,0.0869,0.0542,,0.6367,0,
partial,online_lrta,greedy,False,6,13,0.35,5,0.6,29,14.3353,0.1488,0.0648,,0.8272,0,
partial,online_lrta,greedy,False,6,17,0.15,5,0.2,16.2,13.9893,0.0916,0.0653,,0.4381,0,
partial,online_lrta,greedy,False,6,17,0.25,5,0.8,46.8,18.8202,0.2313,0.0812,,0.7516,0,
partial,online_lrta,greedy,False,6,17,0.35,5,0.4,37.8,26.414,0.2431,0.2273,,0.6464,0,
partial,online_lrta,greedy,False,6,21,0.15,5,0.6,39.2,9.9599,0.2069,0.0555,,0.5782,0,
partial,online_lrta,greedy,False,6,21,0.25,5,0.8,48.8,21.0761,0.246,0.0949,,0.6331,0,
partial,online_lrta,greedy,False,6,21,0.35,5,0.6,51.6,19.7687,0.2752,0.0934,,0.6535,0,
partial,online_lrta,greedy,True,2,11,0.15,5,0.6,15.8,7.6616,0.0895,0.04,,0.438,2.2,
partial,online_lrta,greedy,True,2,11,0.25,5,0.6,14.8,9.4446,0.0804,0.0446,,0.4331,2.2,
partial,online_lrta,greedy,True,2,11,0.35,5,0.8,21.4,6.6933,0.1118,0.0286,,0.5239,2.4,
partial,online_lrta,greedy,True,2,13,0.15,5,0,8.2,4.4385,0.0522,0.0258,,0.2071,1.2,
partial,online_lrta,greedy,True,2,13,0.25,5,0.2,15.4,8.9051,0.0879,0.0455,,0.3361,2.2,
partial,online_lrta,greedy,True,2,13,0.35,5,0.6,29,13.2476,0.1521,0.0641,,0.484,4,
partial,online_lrta,greedy,True,2,17,0.15,5,0.2,16.2,13.9893,0.0935,0.0816,,0.1979,2.4,
partial,online_lrta,greedy,True,2,17,0.25,5,0.8,36.8,9.8082,0.1932,0.0526,,0.3938,6,
partial,online_lrta,greedy,True,2,17,0.35,5,0.6,39.6,27.5645,0.2067,0.131,,0.3633,6.4,
partial,online_lrta,greedy,True,2,21,0.15,5,0.6,38.6,10.2372,0.238,0.077,,0.2948,6.2,
partial,online_lrta,greedy,True,2,21,0.25,5,0.6,43,16.0779,0.2495,0.0961,,0.3052,6.8,
partial,online_lrta,greedy,True,2,21,0.35,5,0.6,53.8,18.1576,0.3018,0.1357,,0.3551,8.4,
partial,online_lrta,greedy,True,4,11,0.15,5,0.6,15.8,7.6616,0.0919,0.0409,,0.6463,2.2,
partial,online_lrta,greedy,True,4,11,0.25,5,0.6,14.8,9.4446,0.0844,0.0518,,0.6264,2.2,
partial,online_lrta,greedy,True,4,11,0.35,5,0.8,21.4,6.6933,0.1171,0.0306,,0.7521,2.4,
partial,online_lrta,greedy,True,4,13,0.15,5,0,8.2,4.4385,0.0509,0.0214,,0.3527,1.2,
partial,online_lrta,greedy,True,4,13,0.25,5,0.2,15.4,8.9051,0.087,0.0502,,0.5101,2.2,
partial,online_lrta,greedy,True,4,13,0.35,5,0.6,29,13.2476,0.1497,0.0628,,0.6947,4,
partial,online_lrta,greedy,True,4,17,0.15,5,0.2,16.2,13.9893,0.0927,0.076,,0.317,2.4,
partial,online_lrta,greedy,True,4,17,0.25,5,0.8,36.8,9.8082,0.2013,0.0556,,0.5848,6,
partial,online_lrta,greedy,True,4,17,0.35,5,0.6,39.6,27.5645,0.2121,0.1408,,0.5259,6.4,
partial,online_lrta,greedy,True,4,21,0.15,5,0.6,38.6,10.2372,0.2208,0.0579,,0.454,6.2,
partial,online_lrta,greedy,True,4,21,0.25,5,0.6,43,16.0779,0.2363,0.0876,,0.4658,6.8,
partial,online_lrta,greedy,True,4,21,0.35,5,0.6,53.8,18.1576,0.2894,0.0943,,0.5197,8.4,
partial,online_lrta,greedy,True,6,11,0.15,5,0.6,15.8,7.6616,0.0936,0.0424,,0.7934,2.2,
partial,online_lrta,greedy,True,6,11,0.25,5,0.6,14.8,9.4446,0.0937,0.0558,,0.7769,2.2,
partial,online_lrta,greedy,True,6,11,0.35,5,0.8,21.4,6.6933,0.1217,0.0337,,0.8975,2.4,
partial,online_lrta,greedy,True,6,13,0.15,5,0,8.2,4.4385,0.0585,0.0219,,0.5136,1.2,
partial,online_lrta,greedy,True,6,13,0.25,5,0.2,15.4,8.9051,0.0908,0.0504,,0.6627,2.2,
partial,online_lrta,greedy,True,6,13,0.35,5,0.6,29,13.2476,0.1829,0.0749,,0.8367,4,
partial,online_lrta,greedy,True,6,17,0.15,5,0.2,16.2,13.9893,0.096,0.0742,,0.4387,2.4,
partial,online_lrta,greedy,True,6,17,0.25,5,0.8,36.8,9.8082,0.2108,0.0509,,0.7232,6,
partial,online_lrta,greedy,True,6,17,0.35,5,0.6,39.6,27.5645,0.2141,0.1403,,0.6554,6.4,
partial,online_lrta,greedy,True,6,21,0.15,5,0.6,38.6,10.2372,0.2265,0.0555,,0.5859,6.2,
partial,online_lrta,greedy,True,6,21,0.25,5,0.6,43,16.0779,0.2414,0.0869,,0.59,6.8,
partial,online_lrta,greedy,True,6,21,0.35,5,0.6,53.8,18.1576,0.3117,0.0978,,0.6567,8.4,
partial,online_lrta,random,False,2,11,0.15,5,0.4,13.6,7.1274,0.0809,0.0335,,0.4,0,
partial,online_lrta,random,False,2,11,0.25,5,0.4,22.4,19.4628,0.1234,0.0862,,0.4843,0,
partial,online_lrta,random,False,2,11,0.35,5,1,25.4,4.5607,0.1338,0.037,,0.6149,0,
partial,online_lrta,random,False,2,13,0.15,5,0.8,22.8,6.8702,0.1574,0.0988,,0.432,0,
partial,online_lrta,random,False,2,13,0.25,5,0.6,34.6,23.2981,0.1725,0.1003,,0.4805,0,
partial,online_lrta,random,False,2,13,0.35,5,0.8,33.6,14.7241,0.1684,0.0675,,0.5302,0,
partial,online_lrta,random,False,2,17,0.15,5,1,36.2,3.0332,0.1823,0.02,,0.3813,0,
partial,online_lrta,random,False,2,17,0.25,5,1,51,16.3095,0.2484,0.0639,,0.4595,0,
partial,online_lrta,random,False,2,17,0.35,5,0.8,51.2,9.4446,0.284,0.0829,,0.4886,0,
partial,online_lrta,random,False,2,21,0.15,5,1,46.2,3.3466,0.2353,0.028,,0.3329,0,
partial,online_lrta,random,False,2,21,0.25,5,1,55.4,10.9909,0.2781,0.0536,,0.3823,0,
partial,online_lrta,random,False,2,21,0.35,5,1,65.4,16.2727,0.3081,0.0709,,0.4082,0,
partial,online_lrta,random,False,4,11,0.15,5,0.4,13.6,7.1274,0.0816,0.035,,0.6099,0,
partial,online_lrta,random,False,4,11,0.25,5,0.4,22.4,19.4628,0.1137,0.0836,,0.6843,0,
partial,online_lrta,random,False,4,11,0.35,5,1,25.4,4.5607,0.1331,0.0218,,0.8314,0,
partial,online_lrta,random,False,4,13,0.15,5,0.8,22.8,6.8702,0.124,0.0318,,0.6284,0,
partial,online_lrta,random,False,4,13,0.25,5,0.6,34.6,23.2981,0.1857,0.1141,,0.6781,0,
partial,online_lrta,random,False,4,13,0.35,5,0.8,33.6,14.7241,0.1836,0.0693,,0.7337,0,
partial,online_lrta,random,False,4,17,0.15,5,1,36.2,3.0332,0.1878,0.021,,0.5564,0,
partial,online_lrta,random,False,4,17,0.25,5,1,51,16.3095,0.2542,0.0599,,0.6526,0,
partial,online_lrta,random,False,4,17,0.35,5,0.8,51.2,9.4446,0.2493,0.0414,,0.6706,0,
partial,online_lrta,random,False,4,21,0.15,5,1,46.2,3.3466,0.2534,0.0335,,0.5025,0,
partial,online_lrta,random,False,4,21,0.25,5,1,55.4,10.9909,0.2911,0.0478,,0.5628,0,
partial,online_lrta,random,False,4,21,0.35,5,1,65.4,16.2727,0.308,0.0679,,0.5873,0,
partial,online_lrta,random,False,6,11,0.15,5,0.4,13.6,7.1274,0.0815,0.0387,,0.7719,0,
partial,online_lrta,random,False,6,11,0.25,5,0.4,22.4,19.4628,0.1181,0.0844,,0.8198,0,
partial,online_lrta,random,False,6,11,0.35,5,1,25.4,4.5607,0.1319,0.0197,,0.9422,0,
partial,online_lrta,random,False,6,13,0.15,5,0.8,22.8,6.8702,0.1319,0.0406,,0.7811,0,
partial,online_lrta,random,False,6,13,0.25,5,0.6,34.6,23.2981,0.2024,0.1125,,0.8213,0,
partial,online_lrta,random,False,6,13,0.35,5,0.8,33.6,14.7241,0.1879,0.0859,,0.858,0,
partial,online_lrta,random,False,6,17,0.15,5,1,36.2,3.0332,0.1944,0.0181,,0.6962,0,
partial,online_lrta,random,False,6,17,0.25,5,1,51,16.3095,0.2731,0.0845,,0.7792,0,
partial,online_lrta,random,False,6,17,0.35,5,0.8,51.2,9.4446,0.2923,0.0631,,0.7896,0,
partial,online_lrta,random,False,6,21,0.15,5,1,46.2,3.3466,0.2571,0.0206,,0.6376,0,
partial,online_lrta,random,False,6,21,0.25,5,1,55.4,10.9909,0.2901,0.0473,,0.693,0,
partial,online_lrta,random,False,6,21,0.35,5,1,65.4,16.2727,0.3398,0.092,,0.7224,0,
partial,online_lrta,random,True,2,11,0.15,5,0.8,20.4,9.0443,0.131,0.0551,,0.519,3.2,
partial,online_lrta,random,True,2,11,0.25,5,1,42.6,36.7532,0.234,0.174,,0.6479,6,
partial,online_lrta,random,True,2,11,0.35,5,1,35.8,16.4682,0.1837,0.0669,,0.6347,4.4,
partial,online_lrta,random,True,2,13,0.15,5,1,24.6,3.5777,0.1616,0.0283,,0.4592,4.2,
partial,online_lrta,random,True,2,13,0.25,5,0.8,28.2,12.5379,0.1615,0.0683,,0.4994,4.2,
partial,online_lrta,random,True,2,13,0.35,5,1,39.8,7.1554,0.2233,0.0407,,0.6225,5.4,
partial,online_lrta,random,True,2,17,0.15,5,0.4,26,13.435,0.1518,0.0675,,0.2886,3.8,
partial,online_lrta,random,True,2,17,0.25,5,0.8,35,11.6619,0.1987,0.0653,,0.3862,5.4,
partial,online_lrta,random,True,2,17,0.35,5,1,63.4,30.1795,0.3572,0.1763,,0.5003,10.2,
partial,online_lrta,random,True,2,21,0.15,5,1,46.2,3.3466,0.2748,0.0231,,0.3333,7.6,
partial,online_lrta,random,True,2,21,0.25,5,1,54.2,9.654,0.3115,0.0541,,0.3877,8.8,
partial,online_lrta,random,True,2,21,0.35,5,1,84.2,35.9611,0.4658,0.1618,,0.4127,13,
partial,online_lrta,random,True,4,11,0.15,5,0.8,20.4,9.0443,0.1333,0.0586,,0.7141,3.2,
partial,online_lrta,random,True,4,11,0.25,5,1,42.6,36.7532,0.2277,0.173,,0.8297,6,
partial,online_lrta,random,True,4,11,0.35,5,1,35.8,16.4682,0.1942,0.0749,,0.8198,4.4,
partial,online_lrta,random,True,4,13,0.15,5,1,24.6,3.5777,0.1564,0.0147,,0.6627,4.2,
partial,online_lrta,random,True,4,13,0.25,5,0.8,28.2,12.5379,0.1592,0.0667,,0.703,4.2,
partial,online_lrta,random,True,4,13,0.35,5,1,39.8,7.1554,0.216,0.0415,,0.8319,5.4,
partial,online_lrta,random,True,4,17,0.15,5,0.4,26,13.435,0.1592,0.0761,,0.4353,3.8,
partial,online_lrta,random,True,4,17,0.25,5,0.8,35,11.6619,0.2004,0.0638,,0.573,5.4,
partial,online_lrta,random,True,4,17,0.35,5,1,63.4,30.1795,0.3506,0.1642,,0.672,10.2,
partial,online_lrta,random,True,4,21,0.15,5,1,46.2,3.3466,0.2677,0.0184,,0.5039,7.6,
partial,online_lrta,random,True,4,21,0.25,5,1,54.2,9.654,0.3231,0.0576,,0.5701,8.8,
partial,online_lrta,random,True,4,21,0.35,5,1,84.2,35.9611,0.4652,0.1806,,0.5805,13,
partial,online_lrta,random,True,6,11,0.15,5,0.8,20.4,9.0443,0.1276,0.0543,,0.8446,3.2,
partial,online_lrta,random,True,6,11,0.25,5,1,42.6,36.7532,0.2403,0.1824,,0.9355,6,
partial,online_lrta,random,True,6,11,0.35,5,1,35.8,16.4682,0.1972,0.0831,,0.9306,4.4,
partial,online_lrta,random,True,6,13,0.15,5,1,24.6,3.5777,0.1631,0.0254,,0.8166,4.2,
partial,online_lrta,random,True,6,13,0.25,5,0.8,28.2,12.5379,0.1759,0.0747,,0.8379,4.2,
partial,online_lrta,random,True,6,13,0.35,5,1,39.8,7.1554,0.2236,0.0368,,0.9432,5.4,
partial,online_lrta,random,True,6,17,0.15,5,0.4,26,13.435,0.1846,0.0921,,0.5633,3.8,
partial,online_lrta,random,True,6,17,0.25,5,0.8,35,11.6619,0.2296,0.06,,0.7135,5.4,
partial,online_lrta,random,True,6,17,0.35,5,1,63.4,30.1795,0.3526,0.1644,,0.7896,10.2,
partial,online_lrta,random,True,6,21,0.15,5,1,46.2,3.3466,0.2859,0.0159,,0.639,7.6,
partial,online_lrta,random,True,6,21,0.25,5,1,54.2,9.654,0.3163,0.0644,,0.6988,8.8,
partial,online_lrta,random,True,6,21,0.35,5,1,84.2,35.9611,0.4702,0.1665,,0.7075,13,
